Date,Close,High,Low,Open,Volume,SMA_7,SMA_30,EMA_14,RSI_14,MACD,MACD_Signal,Daily_Return,Volatility_14,Price_Range,Momentum_10,Target
2008-02-14,907.4000244140625,911.0,904.0,904.0,128,909.9142979213169,897.6799987792969,906.9273542630253,48.667250952525904,7.828502145840844,9.496002594230909,0.0009928564964836184,0.011965986354693254,7.0,-15.29998779296875,0
2008-02-15,902.7999877929688,913.5999755859375,898.7000122070312,910.0999755859375,128,910.2142944335938,898.8933308919271,906.3770387336845,38.35092895644038,6.849203652885421,8.966642805961811,-0.0050694693600699114,0.010769173409121193,14.89996337890625,-5.9000244140625,1
2008-02-19,926.5999755859375,928.7999877929688,900.5,904.2999877929688,174,913.1428658621652,901.0099975585938,909.0734303139849,50.59476559807631,7.902467920774029,8.753807828924256,0.026362414836924586,0.013141046212554002,28.29998779296875,21.699951171875,1
2008-02-20,934.5999755859375,945.0,919.5999755859375,926.5,73,915.4571446010044,903.5099975585938,912.4769696835787,55.40123049796362,9.27579499195997,8.858205261531399,0.008633714883211852,0.01323606099029657,25.4000244140625,48.699951171875,1
2008-02-22,944.7000122070312,948.5,942.5,944.9000244140625,79,924.0999930245536,907.9533304850261,920.6587004798672,64.24050357857163,12.40345922625795,9.93609286814676,-0.0014797203414356197,0.012711274902151294,6.0,38.60003662109375,0
2008-02-25,937.5999755859375,948.9000244140625,933.0,946.5,312,928.5428466796875,909.483329264323,922.9175371606766,62.60598793603406,12.667253256197228,10.482324945756854,-0.007515652089922664,0.01288328598565706,15.9000244140625,19.199951171875,1
2008-02-26,946.0999755859375,949.0,931.2999877929688,931.2999877929688,224,934.0714111328125,911.1499959309896,926.0085289507115,75.25164185493509,13.407636006079088,11.067387157821303,0.009065699894763801,0.011014745338127352,17.70001220703125,23.199951171875,1
2008-02-27,958.2000122070312,960.0,955.0,960.0,215,941.9857003348214,913.0366638183593,930.3007267182209,74.67808572994304,14.800159474978841,11.81394162125281,0.012789384772576406,0.010734233477176051,5.0,50.79998779296875,1
2008-02-28,964.5,972.0999755859375,954.4000244140625,957.4000244140625,238,947.3999895368304,915.153330485026,934.8606298224581,74.87221105036485,16.225068233527736,12.696166943707796,0.006574814978824728,0.010741627267696773,17.699951171875,58.0,1
2008-02-29,972.0999755859375,973.0999755859375,963.5,971.4000244140625,39,952.7571323939732,918.2033304850261,939.8258759242553,73.82427518768162,17.762814535730172,13.709496462112272,0.007879705117612712,0.01047711970857119,9.5999755859375,64.699951171875,1
2008-03-03,981.5,986.9000244140625,979.7000122070312,984.2000122070312,26,957.8142787388393,921.603330485026,945.3824258010213,74.91493491664764,19.515035785178952,14.870604326725609,0.00966981241656395,0.01058154040703402,7.20001220703125,78.70001220703125,0
2008-03-04,963.9000244140625,984.5,963.7999877929688,982.4000244140625,41,960.5571376255581,924.3733317057291,947.8514389494269,73.60065389671246,19.2614784747841,15.748779156337307,-0.017931712262799326,0.01076004105641165,20.70001220703125,37.300048828125,1
2008-03-05,986.2000122070312,992.7000122070312,963.9000244140625,965.0,45,967.5,927.5933329264323,952.9645820504409,78.24237828550517,20.622234839300972,16.72347029293004,0.023135166747738634,0.01172296114439381,28.79998779296875,51.60003662109375,0
2008-03-10,969.9000244140625,976.7999877929688,964.7000122070312,975.5,92,974.4000069754464,934.8800008138021,959.652208151671,66.90088098380495,19.244554977883013,18.251537004423717,-0.0023657557746245006,0.011004003546501452,12.0999755859375,32.300048828125,1
2008-03-11,974.2000122070312,976.7000122070312,971.5,975.7000122070312,12,974.7000122070312,936.4500020345052,961.5919153590523,65.91641811841903,18.73455886381862,18.3481413763027,0.004433434049624374,0.010904904429857894,5.20001220703125,28.10003662109375,1
2008-03-12,978.7999877929688,979.2999877929688,973.5,973.5999755859375,6,974.3142961774554,938.2400024414062,963.8863250169079,63.914906039574696,18.488439631862093,18.37620102741458,0.004721797914492232,0.010592299836289282,5.79998779296875,20.5999755859375,1
2008-03-13,992.2999877929688,998.5,983.7000122070312,983.7000122070312,10,978.3714338030134,940.6300028483073,967.6748133870494,68.36419157130706,19.161839781960452,18.533328778323757,0.013792399027752644,0.010933813725907945,14.79998779296875,27.79998779296875,1
2008-03-14,998.2000122070312,1004.5999755859375,993.0,993.9000244140625,27,980.0857195172991,943.146669514974,971.7448398963804,73.59815183212476,19.941721165843546,18.815007255827716,0.005945807202099251,0.01046554340357435,11.5999755859375,26.10003662109375,1
2008-03-18,1003.2000122070312,1010.0,978.2000122070312,1003.5999755859375,30,988.2857230050223,949.5133361816406,979.3656841931771,69.94682146231239,20.990472592882952,19.53261994494447,0.0017974712892800948,0.010092471679288603,31.79998779296875,39.29998779296875,0
2008-03-19,944.7000122070312,979.2999877929688,938.4000244140625,979.2999877929688,84,984.6857212611607,951.4733357747396,974.7435945950243,44.000001479640694,16.405602158444253,18.90721638764443,-0.05831339641962374,0.01924114048682925,40.89996337890625,-41.5,0
2008-03-24,918.2999877929688,922.0,915.2000122070312,915.5,71,968.2428588867188,952.5100016276042,960.8456288248115,31.880726640486415,5.869882405895851,14.974471233257397,-0.0014136448754692443,0.01980358064328747,6.79998779296875,-53.9000244140625,1
2008-03-25,934.5999755859375,933.9000244140625,927.2000122070312,931.5,102,960.0,953.05,957.3462083929617,41.53666869999683,3.3783595041163608,12.65524888742919,0.017750177512409593,0.02024106596277437,6.70001220703125,-35.300048828125,1
2008-03-27,948.7999877929688,951.7000122070312,945.7000122070312,947.4000244140625,145634,945.4571358816964,955.2999979654948,955.2422615653315,41.50453627336465,1.8321183022202376,8.871628023513377,-0.00021076101900030508,0.01943872412760544,6.0,-30.0,0
2008-03-28,930.5999755859375,951.0999755859375,921.7999877929688,947.5,64013,935.0857020786831,956.103330485026,951.9566234347457,37.735840908444764,-0.19250421843071308,7.05880157512456,-0.019182137901758267,0.019991167381053488,29.29998779296875,-61.70001220703125,0
2008-03-31,916.2000122070312,940.0999755859375,912.0,931.0,5980,931.0142735072544,956.3966634114583,947.1890752710505,35.22289251531673,-2.9252681811506136,5.061987623869525,-0.015473848868134299,0.020267824844022536,28.0999755859375,-82.0,0
2008-04-01,882.9000244140625,919.7999877929688,871.7999877929688,915.0,3204,925.7714233398438,955.7333312988281,938.6172018234521,28.334128499418753,-7.689395460998185,2.511711006895983,-0.0363457622236355,0.021851886247273584,48.0,-118.5,1
2008-04-02,895.2000122070312,906.5,881.2000122070312,884.0,2367,922.4714268275669,954.6866658528646,932.8282432079293,30.860813589598976,-10.353149768436765,-0.06126114817056649,0.01393134834392118,0.02235746650883882,25.29998779296875,-108.0,1
2008-04-03,905.0,907.5,889.5999755859375,901.2000122070312,984,918.2428588867188,953.7,929.1178107802053,29.66931000712124,-11.540386740712506,-2.3570862666789547,0.010947260566728234,0.022174729714677786,17.9000244140625,-39.70001220703125,1
2008-04-04,909.0,914.9000244140625,898.7999877929688,904.7000122070312,279,912.5285731724331,952.4633341471355,926.4354360095114,29.041349312995933,-12.01995545983766,-4.289660105310697,0.0044198895027625085,0.022113451754316702,16.10003662109375,-10.5999755859375,1
2008-04-07,922.7000122070312,927.2000122070312,912.2999877929688,915.2999877929688,2086,908.8000052315848,951.7300008138021,925.9373795025141,32.377963164064866,-11.165827921727214,-5.664893668594001,0.015071520579792441,0.022730057296786118,14.9000244140625,4.4000244140625,0
2008-04-08,914.0,925.2999877929688,909.2999877929688,924.2000122070312,405,906.4285801478794,950.9433349609375,924.345728902179,30.625541382072356,-11.063411845173277,-6.744597303909856,-0.00942886321874159,0.02264747256749485,16.0,-20.5999755859375,1
2008-04-09,933.5999755859375,935.5,904.0999755859375,916.0,390,908.914289202009,950.5266682942708,925.5796284600135,47.09878794317892,-9.293561745916122,-7.254390192311109,0.021444174601682242,0.018169201572941992,31.4000244140625,-15.4000244140625,0
2008-04-10,928.2999877929688,939.2000122070312,922.4000244140625,931.2999877929688,409,915.3999982561384,949.5300008138021,925.942343037741,52.53644761028594,-8.223808566211801,-7.448273867091248,-0.005676936516244457,0.016676763760255855,16.79998779296875,-20.5,0
2008-04-14,925.4000244140625,929.4000244140625,915.5999755859375,917.0,153,922.3714250837054,946.6100016276042,925.5993603157089,47.132185233299616,-6.999599252867711,-7.3935181636218585,0.001948948544507001,0.016009762508570273,13.800048828125,9.20001220703125,1
2008-04-15,928.7000122070312,936.0,924.2999877929688,924.2999877929688,168,925.1857125418527,944.8500020345052,926.0127805678852,43.20161103391437,-6.133775584983482,-7.141569647894184,0.0035660122173200026,0.015400990227095707,11.70001220703125,45.79998779296875,1
2008-04-16,945.0999755859375,948.7000122070312,927.2000122070312,927.2000122070312,161,928.3857073102679,944.2233337402344,928.5577399036256,48.88217112641437,-4.077263945047662,-6.528708507324881,0.017659053691549076,0.016228310470140072,21.5,49.89996337890625,0
2008-04-17,939.7999877929688,947.9000244140625,938.7000122070312,927.2000122070312,209,932.0714198521206,942.6766662597656,930.0567062888714,53.014422463509874,-2.842363379351127,-5.79143948173013,-0.005607859411574823,0.015387854796015373,9.20001220703125,34.79998779296875,0
2008-04-21,914.7000122070312,924.5999755859375,914.0999755859375,922.5,449,927.0714285714286,938.6666666666666,925.9457068729467,61.77777858153328,-4.740229100975739,-5.3016334148726,0.002740627018795294,0.01330534860895715,10.5,-8.0,1
2008-04-22,922.2999877929688,922.7999877929688,916.2000122070312,920.5999755859375,625,926.8857160295759,937.0799987792968,925.4596109956163,60.39907552531017,-4.6252932648204705,-5.166365384862175,0.008308708302736223,0.013019215498774831,6.5999755859375,8.29998779296875,0
2008-04-23,906.2000122070312,921.5,898.7999877929688,916.7999877929688,111,924.1428571428571,934.8133321126302,922.8916644904716,50.43924339593388,-5.766862462553263,-5.286464800400393,-0.017456332862438972,0.013746009538885098,22.70001220703125,-27.39996337890625,0
2008-04-25,887.2000122070312,893.5999755859375,878.0999755859375,878.2000122070312,77,909.8857160295759,928.2433329264323,913.9621837676349,37.2025910247045,-9.880142126045143,-6.662264353294917,0.000451087527705063,0.014049716078210714,15.5,-36.39996337890625,1
2008-04-28,892.9000244140625,893.7999877929688,887.0,887.0,339,903.1857212611607,924.7333333333333,911.1538958538252,42.22550361893179,-10.673764500415928,-7.46456438271912,0.0064247206138463575,0.014105001735015955,6.79998779296875,-32.5,0
2008-04-29,874.2000122070312,890.5999755859375,869.5999755859375,890.5999755859375,136,897.7571498325893,920.4933329264323,906.2267113675861,27.967370638736583,-12.66564893559314,-8.504781293293924,-0.0209430078348386,0.013310918220078677,21.0,-54.5,0
2008-04-30,862.7999877929688,875.2000122070312,863.0,868.7000122070312,88,890.3428606305804,915.8133321126302,900.4364815576372,26.75656896711554,-14.991307931391134,-9.802086620913366,-0.013040521911320546,0.013500801605461002,12.20001220703125,-82.29998779296875,0
2008-05-01,848.9000244140625,873.5,849.5999755859375,855.0,28,879.8571515764509,912.6199991861979,893.564953938494,25.116601158570262,-17.75139330668526,-11.391947958067744,-0.016110296216463982,0.013815898300123098,23.9000244140625,-90.89996337890625,1
2008-05-02,856.0999755859375,857.7000122070312,853.2999877929688,853.2999877929688,6,872.7000034877232,910.5033325195312,888.5696234914865,27.71700860773008,-19.137203198897964,-12.940999006233788,0.008481506614214762,0.014206770796845923,4.4000244140625,-56.10003662109375,1
2008-05-05,872.2999877929688,872.7999877929688,861.2000122070312,861.2000122070312,35,870.6285749162946,908.9699991861979,886.4003387316842,33.25413980973258,-18.71255523811749,-14.09531025261053,0.018923037809858156,0.015491278928621949,11.5999755859375,-42.4000244140625,1
2008-05-06,876.0,881.4000244140625,872.2999877929688,872.2999877929688,47,869.0285731724331,907.0166666666667,885.0136269007929,27.809891696864113,-17.87144768266444,-14.850537738621313,0.004241674032797738,0.01440141277418343,9.10003662109375,-46.29998779296875,0
2008-05-07,869.5999755859375,869.4000244140625,864.7999877929688,868.0,43,865.6999947684152,904.3699991861979,882.9584733921455,27.614790283108945,-17.51934031831547,-15.384298254560147,-0.007305963942993765,0.014411247340173645,4.60003662109375,-36.60003662109375,1
2008-05-08,880.5999755859375,883.2999877929688,867.0999755859375,871.0,71,866.614275251116,902.0966654459636,882.6440070179844,38.73037308497861,-16.16632924575356,-15.54070445279883,0.012649494375374326,0.013381608548437325,16.20001220703125,-6.20001220703125,1
2008-05-12,883.7000122070312,886.5,879.2000122070312,879.2000122070312,56,874.6857038225446,899.4766662597656,882.9992780100013,35.68250682343822,-13.28962822423432,-14.941725791380321,-0.0009044519988340438,0.013100565469005008,7.29998779296875,-9.20001220703125,0
2008-05-13,868.5,870.4000244140625,862.9000244140625,862.9000244140625,17,876.4571358816964,898.9966654459636,881.0660409420011,35.92233452258368,-13.315505679472835,-14.616481768998826,-0.017200420954017415,0.013078957083590368,7.5,-5.70001220703125,0
2008-05-14,865.4000244140625,868.5999755859375,862.7999877929688,862.7999877929688,41,875.4714268275669,898.0033325195312,878.9772387382759,40.90137894775631,-13.43132788425612,-14.379450992050284,-0.003569344370682237,0.01196389460784173,5.79998779296875,2.60003662109375,1
2008-05-15,879.0,886.2999877929688,865.7999877929688,865.7999877929688,121,875.8999982561384,897.1366658528646,878.9802735731726,46.86543846624424,-12.284109873920215,-13.960382768424271,0.01571524751821629,0.012836431470177637,20.5,30.0999755859375,1
2008-05-16,899.0,904.2000122070312,892.0,892.0,85,880.1000017438616,896.8033325195313,881.6495704300829,52.101990562474185,-9.649860892900278,-13.098278393319472,0.022753128555176305,0.014192617610241688,12.20001220703125,42.9000244140625,1
2008-05-19,905.0,905.0,905.0,905.0,2,883.5857195172991,896.2133321126302,884.7629610394051,61.63141854685579,-6.997388205287393,-11.878100355713057,0.006674082313681939,0.012824311580642194,0.0,32.70001220703125,1
2008-05-20,919.5,919.5,919.5,919.5,2,888.5857195172991,896.3966654459635,889.3945662341512,70.92252315395595,-3.6828026157869544,-10.239040807727836,0.01602209944751376,0.012452899168933218,0.0,43.5,1
2008-05-21,928.0,924.0,923.2000122070312,923.5,3,894.914289202009,896.2099995930989,894.5419574029311,80.39968886607824,-0.36587313551410716,-8.26440727328509,0.009244154431756302,0.010958878800136664,0.79998779296875,58.4000244140625,0
2008-05-22,917.9000244140625,917.5999755859375,917.5999755859375,917.5999755859375,1,901.971435546875,895.8633341471354,897.6563663377485,73.23310106320488,1.4313342240609472,-6.325258973815884,-0.010883594381398187,0.011865901688315333,0.0,37.300048828125,1
2008-05-23,925.5999755859375,925.5999755859375,916.0,916.9000244140625,1,910.5714285714286,895.930000813802,901.3821809041738,71.40562808148026,3.437332286167475,-4.372740721819212,0.008388659948876498,0.011236226797019437,9.5999755859375,41.0999755859375,0
2008-05-27,907.7000122070312,912.0,906.5,912.0,25,914.6714303152902,895.340000406901,902.2245584112214,61.427554908581406,3.5418940050427636,-2.7898137764468167,-0.01933876820553604,0.01289167246854595,5.5,24.0,0
2008-05-28,900.5,900.5,900.5,900.5,149889,914.8857160295759,894.4,901.9946172897253,61.075287259260946,3.0090921670760054,-1.6300325877422521,-0.007932149509973785,0.012929787689283484,0.0,32.0,0
2008-05-29,877.2000122070312,903.2000122070312,872.0999755859375,903.0,64624,910.914289202009,892.1366678873698,898.6886699453661,48.88011647351583,0.6986746961009658,-1.1642911309736086,-0.02587450060296359,0.014610815933867068,31.10003662109375,11.79998779296875,1
2008-05-30,887.2999877929688,888.5,868.5999755859375,880.2000122070312,6671,906.3142874581473,890.3866678873698,897.1701789917132,50.88607311324854,-0.31374748878886294,-0.9941824025366596,0.011513879896702273,0.014902410065040698,19.9000244140625,8.29998779296875,1
2008-06-02,892.9000244140625,898.0,881.7999877929688,887.2999877929688,2132,901.3000052315848,889.7433349609375,896.6008250480265,52.82555890516036,-0.6566537152814362,-0.926676665085615,0.006311322774863459,0.014981037583037902,16.20001220703125,-6.0999755859375,0
2008-06-04,879.9000244140625,886.0999755859375,876.0,879.5,612,889.5857195172991,887.2266682942708,892.6406201367678,54.603178170866016,-2.845005955031752,-1.453155473151437,-0.0019282568273044642,0.014570018733725194,10.0999755859375,-39.5999755859375,0
2008-06-05,871.7999877929688,878.7999877929688,865.4000244140625,876.0999755859375,340,884.4571446010044,886.080000813802,889.8618691575946,47.63157398086306,-4.262389995947842,-2.015002377710718,-0.009205632908679262,0.014188950458318484,13.39996337890625,-56.20001220703125,1
2008-06-09,894.7000122070312,908.9000244140625,890.5,900.7000122070312,1930,886.2285766601562,886.6166687011719,891.1469195049335,46.573523410009685,-2.8152897330619453,-2.4033279193809562,-0.0007817871207780325,0.014635607910754071,18.4000244140625,-30.89996337890625,0
2008-06-10,867.9000244140625,886.5999755859375,866.0,886.5999755859375,457,883.4571533203125,885.7833353678385,888.0473334928174,34.13284645339142,-4.4303375269330445,-2.808729840891374,-0.02995416053125899,0.01570929320415747,20.5999755859375,-39.79998779296875,1
2008-06-11,879.7000122070312,882.0,869.5,869.5,146,881.5714372907366,885.9666687011719,886.9343573213793,35.443038440384015,-4.7038906181117,-3.187761996335439,0.013596021962247518,0.016031316103332364,12.5,-20.79998779296875,0
2008-06-13,870.2999877929688,870.2999877929688,860.5,870.2999877929688,361,878.4285801478794,886.8933349609375,882.6671392821555,32.68629193300275,-6.33164651215327,-4.218851234015306,0.0012655034174982038,0.01576549217740794,9.79998779296875,-17.0,1
2008-06-17,884.2999877929688,887.0,876.2999877929688,883.4000244140625,62,878.5285731724331,888.2100016276041,882.9926468342566,44.54912240420953,-5.069557249188392,-4.624643179055494,0.0007922275083440677,0.015847395713339076,10.70001220703125,2.70001220703125,1
2008-06-18,890.9000244140625,891.9000244140625,885.0999755859375,888.0,135,877.9857177734375,888.7066691080729,884.0469638448974,55.19332954196824,-3.99787687016601,-4.499289917277597,0.007463571991633833,0.014278141734772638,6.800048828125,11.0,1
2008-06-20,901.2999877929688,907.2999877929688,901.0,903.7999877929688,21,885.8999982561384,890.4666707356771,888.3872748487091,53.29668671307699,-0.8888776488008716,-3.417504102009091,-0.00044363359060339835,0.014242630526386262,6.29998779296875,5.89996337890625,0
2008-06-23,884.7999877929688,903.4000244140625,879.2000122070312,903.4000244140625,54,888.1285661969866,890.4766703287761,887.9089699079437,51.20664077046047,-1.1276846809306562,-2.9595402177934043,-0.0183068902956538,0.014724161230036729,24.20001220703125,-9.9000244140625,1
2008-06-24,889.2000122070312,891.2000122070312,885.5,889.5999755859375,64,890.8285696847098,890.6600036621094,888.0811088811554,53.43679979357232,-0.9509340014955114,-2.557818974533826,0.0049729028873948256,0.014757153868653072,5.70001220703125,21.29998779296875,0
2008-06-25,880.0,883.7999877929688,876.4000244140625,883.5999755859375,97,890.3142874581473,891.0433369954427,887.0036276970014,53.005867694299965,-1.5355213774107597,-2.3533594551092127,-0.010346392353500322,0.01481997938121933,7.39996337890625,0.29998779296875,1
2008-06-26,913.0999755859375,912.5999755859375,909.5999755859375,909.5999755859375,182,894.4285714285714,892.6333353678385,890.4831407488597,56.06578074368334,0.6644212822452573,-1.7498033076383188,0.03761360862038354,0.016438662555454373,3.0,43.89996337890625,1
2008-06-27,929.2999877929688,927.5999755859375,910.7000122070312,913.0999755859375,167,899.9142804827009,894.3100016276042,895.6587203547409,60.718702091758445,3.672759994704734,-0.6652906471697084,0.01774177268664978,0.016975471157989235,16.89996337890625,59.0,0
2008-06-30,926.2000122070312,933.7000122070312,922.2999877929688,927.7000122070312,144,903.4142804827009,895.2166687011719,899.730892601713,71.16920211499874,5.740574209921988,0.6158823242486309,-0.003335817956158338,0.014298594304293666,11.4000244140625,42.60003662109375,1
2008-07-02,944.7999877929688,944.7999877929688,933.0999755859375,938.7999877929688,58,917.8714250837054,897.3100016276042,910.6823132599047,78.20894611415578,10.917822561149364,3.9530125356946746,0.00244030535062989,0.013721187807485215,11.70001220703125,53.89996337890625,0
2008-07-03,931.9000244140625,944.7999877929688,928.0,944.7999877929688,58,923.9714268275669,897.4400024414062,913.5113414137925,71.12484285957684,11.583813175979685,5.479172663751677,-0.01365364473494568,0.014668932941913819,16.79998779296875,30.20001220703125,0
2008-07-07,927.2999877929688,931.4000244140625,915.4000244140625,931.4000244140625,141,930.7285679408482,897.7533345540364,915.3498275976826,65.93727225901694,11.606636939466284,6.704665518894599,-0.004936191115550215,0.014573284161077955,16.0,26.0,0
2008-07-08,921.9000244140625,922.7999877929688,919.2000122070312,922.7999877929688,37,931.9857177734375,897.6300028483073,916.2231871732,63.25812406838521,11.06148312918583,7.576029040952846,-0.005823318721009052,0.014775493016395498,3.5999755859375,37.10003662109375,1
2008-07-09,927.2999877929688,928.2000122070312,919.7999877929688,919.7999877929688,31,931.7000034877232,898.2833353678385,917.7000939225024,62.944518314682,10.939077842193115,8.2486388012009,0.005857428393429398,0.014745035196333814,8.4000244140625,38.0999755859375,1
2008-07-10,940.9000244140625,942.0999755859375,928.0999755859375,928.0999755859375,18,933.8000052315848,899.6300028483073,920.7934179880439,63.66806911360671,11.803417614554405,8.959594563871603,0.014666274992047201,0.01488160634870297,14.0,60.9000244140625,1
2008-07-11,959.5,965.7000122070312,948.2000122070312,948.2000122070312,58,936.2285766601562,902.3733357747395,925.9542955896381,68.0074390412943,13.829853749447238,9.933646400986731,0.019768280479661504,0.015475141158107646,17.5,46.4000244140625,1
2008-07-14,972.7000122070312,974.5999755859375,955.0,964.7000122070312,55,940.2142944335938,905.2200032552083,932.1870578052906,77.76376029173508,16.312904643733987,11.209498049536183,0.013757177912486984,0.014141011704230072,19.5999755859375,43.4000244140625,1
2008-07-15,977.7000122070312,986.2000122070312,976.0,983.5,12,946.7571498325893,908.0466695149739,938.2554517255228,77.8477200723972,18.471273240183905,12.661853087665728,0.005140330972809526,0.014139345417998713,10.20001220703125,51.5,0
2008-07-16,961.7999877929688,960.0,960.0,960.0,1,951.6857212611607,910.7200032552083,941.3947232011823,74.69807669130311,18.683425911036352,13.866167652339854,-0.016262682024694164,0.014768603930234249,0.0,19.29998779296875,1
2008-07-17,970.0,976.2000122070312,957.2999877929688,957.2999877929688,37,958.557146344866,913.7233357747396,945.2087601076913,70.22034262988304,19.290857884361685,14.951105698744222,0.008525693814831259,0.011797277844768209,18.9000244140625,25.20001220703125,0
2008-07-18,957.2999877929688,957.0,956.7999877929688,956.7999877929688,2,962.8428606305804,916.5733357747396,946.8209237990616,60.20408526418623,18.5338209023962,15.667648739474618,-0.013092796089722913,0.011989926866240657,0.20001220703125,25.39996337890625,1
2008-07-21,963.0999755859375,964.5,963.5,964.5,2,966.0142822265625,918.830000813802,948.9914640373117,63.18798178630186,18.192166214513122,16.17255223448232,0.006058694105220308,0.011919603227450578,1.0,35.79998779296875,0
2008-07-22,948.0,974.9000244140625,973.0,973.0,3,964.3714250837054,920.6066670735677,948.8592688323369,51.98269716518663,16.51261344974921,16.2405644775357,-0.015678513102184266,0.012071477187878083,1.9000244140625,26.0999755859375,0
2008-07-24,922.0,926.4000244140625,920.9000244140625,920.9000244140625,47,949.2285679408482,923.8333333333334,942.2205202996915,46.68895504546405,10.008322034051389,14.470247001366062,-0.0004336778008181552,0.013667161077252106,5.5,-18.9000244140625,1
2008-07-28,927.5999755859375,931.0999755859375,927.0,928.7999877929688,28,938.1428484235491,927.6566650390625,938.4660736153795,51.96414615125112,6.315270881140805,11.794995829744133,0.0010792143604014814,0.013583288881433965,4.0999755859375,-45.10003662109375,0
2008-07-29,916.4000244140625,917.7000122070312,916.2000122070312,916.2000122070312,147310,932.2999965122768,928.75,935.5239337218707,46.3883479045198,4.074065070596021,10.25080967791451,-0.01207411757940191,0.013884032161425081,1.5,-61.29998779296875,0
2008-07-30,902.9000244140625,919.0999755859375,893.2999877929688,917.9000244140625,93759,923.7000034877232,929.3700012207031,931.1740791474962,37.40052438452815,1.1947834233533285,8.439604427002275,-0.014731557879029689,0.013592410503581506,25.79998779296875,-58.89996337890625,1
2008-07-31,913.9000244140625,925.5999755859375,906.0999755859375,906.9000244140625,8550,918.8285784040179,930.1366678873698,928.870871849705,34.078215385979306,-0.1971869090830296,6.712246159785214,0.01218296566902688,0.012746121003139323,19.5,-56.0999755859375,0
2008-08-01,909.0,916.0999755859375,902.0999755859375,904.9000244140625,1834,916.914289202009,930.3800008138021,926.2214222697445,26.389907524247803,-1.6763999500444697,5.034516937819277,-0.005361663511502912,0.011752410307358196,14.0,-48.29998779296875,0
2008-08-04,900.0999755859375,915.2999877929688,894.4000244140625,912.7000122070312,2415,913.7857142857143,930.340000406901,922.7385627119036,22.0460938595901,-3.5261967308363182,3.3223742040881588,-0.009791005956064303,0.011458518255708691,20.89996337890625,-63.0,0
2008-08-05,878.5999755859375,895.4000244140625,873.2999877929688,895.4000244140625,790,906.9285714285714,930.1333333333333,916.8534177617748,21.191124201079603,-6.650382849908738,1.3278227932887794,-0.02388623551067659,0.012152658926070965,22.10003662109375,-69.4000244140625,0
2008-08-06,875.5999755859375,885.5999755859375,875.0,880.7000122070312,1330,899.5,929.6799987792969,911.3529588049965,16.09193335940776,-9.26163541784399,-0.7900688489377745,-0.003414523199820607,0.01142378517651636,10.5999755859375,-46.800048828125,0
2008-08-07,870.7000122070312,883.7999877929688,870.2999877929688,882.2000122070312,335,892.9714268275669,929.3699991861979,905.9325659252678,17.04716896996362,-11.592823136135166,-2.950619706377253,-0.005596120963374029,0.011302668410483867,13.5,-51.29998779296875,0
2008-08-08,857.7999877929688,869.5,851.0999755859375,868.7999877929688,303,886.528564453125,927.5266662597656,899.5148888409612,11.985547221180482,-14.316202092201479,-5.223736183542098,-0.01481569338831612,0.010859673745188694,18.4000244140625,-68.79998779296875,0
2008-08-11,821.5,863.4000244140625,818.0,858.2999877929688,286,873.3285609654018,923.9333333333333,889.1129036621664,10.394477558776444,-19.182481473262897,-8.015485241486259,-0.042317542911564865,0.014119047486838147,45.4000244140625,-106.0999755859375,0
2008-08-12,808.2000122070312,826.4000244140625,803.5999755859375,826.4000244140625,99,858.9285627092634,920.0,878.3245181348151,11.261858690741747,-23.837457433667396,-11.179879679922486,-0.01618988167129487,0.013399630682740657,22.800048828125,-108.20001220703125,1
2008-08-13,825.0,829.0999755859375,810.9000244140625,810.9000244140625,155,848.1999947684152,916.0833333333334,871.2145823835065,20.390707151102703,-25.872696468349545,-14.118443037607898,0.02078691850930725,0.015514470332160801,18.199951171875,-77.9000244140625,0
2008-08-14,808.2000122070312,831.9000244140625,805.0,831.4000244140625,67,838.1428571428571,911.5300008138021,862.8126396933098,16.363635102578982,-28.512581388199465,-16.997270707726212,-0.020363621567234813,0.015386488562617165,26.9000244140625,-105.70001220703125,0
2008-08-15,786.0,799.2000122070312,780.9000244140625,796.9000244140625,134,825.3428606305804,906.6666666666666,852.5709544008685,14.097360383593056,-32.02687873635557,-20.003192313452086,-0.027468463092950812,0.015748792101819235,18.29998779296875,-123.0,1
2008-08-18,799.7000122070312,801.7000122070312,792.0,792.0,22,815.2000034877232,902.4133341471354,845.5214954416903,20.78117048734903,-33.32238846285304,-22.66703154333228,0.017430040975866756,0.01755728634050696,9.70001220703125,-100.39996337890625,1
2008-08-20,810.2999877929688,814.9000244140625,804.7000122070312,814.9000244140625,87,806.9285714285714,894.819999186198,836.8476965718627,22.35857607623339,-32.52066380674012,-26.298752605735913,-0.0009862998607426121,0.017823873340560747,10.20001220703125,-65.29998779296875,1
2008-08-21,833.0,835.5999755859375,825.7999877929688,825.7999877929688,99,810.4714268275669,891.2233317057292,836.334670362281,31.481477074928108,-29.925881441935303,-27.02417837297579,0.028014331172409035,0.020320028128282208,9.79998779296875,-37.70001220703125,0
2008-08-22,827.4000244140625,836.5999755859375,823.0999755859375,832.2999877929688,21,810.8142874581473,886.819999186198,835.143384235852,31.996041026285937,-27.99861830893576,-27.219066360167787,-0.006722659767031791,0.020292807270628918,13.5,-30.39996337890625,0
2008-08-26,822.2000122070312,826.0,826.0,826.0,142,817.6428571428571,876.5399983723959,831.6445865986094,35.75240826730146,-25.321252187667596,-26.7685893032621,0.0029275731273474825,0.019761654235248748,0.0,14.0,1
2008-08-27,828.0999755859375,830.2999877929688,825.2999877929688,830.2999877929688,423,821.6999947684152,872.0833312988282,831.1719717969198,38.694255599344935,-23.422394463912838,-26.09935033539225,0.007175824971187961,0.019990804271033683,5.0,3.0999755859375,1
2008-08-29,829.2999877929688,833.0,831.7000122070312,831.7000122070312,116,827.2428588867188,863.1799987792969,830.8909488988185,52.71587249436083,-19.777943011568368,-24.09027646950385,-0.0019256668360577711,0.01605787874540083,1.29998779296875,43.29998779296875,0
2008-09-03,802.7000122070312,805.5999755859375,791.5999755859375,805.5999755859375,28,819.7142857142857,853.0666666666667,824.1403143560501,42.04140543757316,-20.458051264072537,-22.73904910034975,-0.002857127693128847,0.016376835963779666,14.0,-8.39996337890625,0
2008-09-08,797.5,813.2000122070312,796.4000244140625,811.0,88,808.7000034877232,840.4666666666667,814.8934724061367,48.81208891091837,-20.718594972176334,-21.794105344717924,-0.00012534552281551203,0.012698353865510392,16.79998779296875,-29.9000244140625,0
2008-09-09,787.0999755859375,802.0,780.0,802.0,29,802.442853655134,835.7833333333333,811.18767283011,36.89957728535104,-21.175628674828204,-21.67041001073998,-0.013040782964341746,0.012413402292318751,22.0,-32.70001220703125,0
2008-09-10,757.9000244140625,781.0,752.7999877929688,776.5999755859375,56,792.2428588867188,830.5,804.0826530413037,28.166693030449906,-23.621726641615737,-22.060673336915137,-0.037098147729121456,0.015530959465604226,28.20001220703125,-64.29998779296875,0
2008-09-11,741.2999877929688,756.5999755859375,739.0,756.5999755859375,25,783.1428571428571,825.1133321126302,795.7116310081924,9.745415534426968,-26.593211142159134,-22.96718089796394,-0.021902673289827868,0.01297440604369892,17.5999755859375,-86.79998779296875,1
2008-09-12,760.2999877929688,756.0,750.5,750.5,12,777.085710797991,819.993330891927,790.9900785794958,23.644941589933282,-27.10257123640656,-23.794258965652467,0.02563064928217207,0.015828377520873013,5.5,-70.60003662109375,1
2008-09-15,783.0999755859375,778.5999755859375,764.0,778.0999755859375,19,774.971418108259,815.7966634114583,789.9380648470215,37.122808249893666,-25.373978879623905,-24.110202948446755,0.029988146993338072,0.01844946211886225,14.5999755859375,-46.20001220703125,0
2008-09-16,776.5,777.7000122070312,777.0,777.7000122070312,2,771.9571358816964,811.6766642252604,788.1463228674186,34.423991682244434,-24.25700025504409,-24.13956240976622,-0.008428011482185527,0.01841331314854525,0.70001220703125,-28.5,1
2008-09-17,846.5999755859375,808.0,782.9000244140625,782.9000244140625,26,778.971418108259,810.6099975585937,795.9401432298878,54.385964404555665,-17.513420656223957,-22.81433405905777,0.09027685201022217,0.03121152089686391,25.0999755859375,43.89996337890625,1
2008-09-18,892.7000122070312,910.9000244140625,836.0,869.9000244140625,59,794.0571376255581,811.1799987792969,808.841459093507,62.15577986334561,-8.35291040639197,-19.92204932852461,0.05445315137079665,0.03422259800721485,74.9000244140625,94.79998779296875,0
2008-09-19,860.5999755859375,860.5999755859375,860.5999755859375,860.5999755859375,112,808.7285592215402,810.843330891927,815.7425946258311,55.49701202158849,-3.6413692812102454,-16.665913319061737,-0.03595836919698536,0.03596749980327142,0.0,63.0,1
2008-09-22,903.9000244140625,908.0999755859375,888.7999877929688,888.7999877929688,20,831.9571358816964,812.3799987792969,827.4969185975954,66.28251573307888,3.5456411282978024,-12.62360242958983,0.05031379276840475,0.0367137662191717,19.29998779296875,106.4000244140625,0
2008-09-23,885.5,898.9000244140625,886.0,892.4000244140625,184,849.8428519112723,814.5133321126302,835.2306627845826,62.94558463853668,7.66827535766447,-8.56522687213897,-0.020356260556569805,0.03743638168757029,12.9000244140625,98.4000244140625,1
2008-09-24,889.0,891.2999877929688,879.5,879.5,185,864.9714268275669,817.2066650390625,842.3999077466383,64.30140355893272,11.090073966340356,-4.634166704443105,0.0039525691699604515,0.037251438823545834,11.79998779296875,131.0999755859375,0
2008-09-25,877.7000122070312,891.5,884.5,891.5,92,879.4285714285714,818.9633321126302,847.1065883413573,62.154783275221824,12.74316417522175,-1.1587005285101344,-0.012710897404914268,0.03761854353637366,7.0,136.4000244140625,1
2008-09-26,882.9000244140625,890.2000122070312,884.2000122070312,884.2000122070312,13695,884.6142926897321,821.4533325195313,851.8790464843847,62.76150619982751,14.307914866214105,1.9346225504347139,0.005924589420883697,0.03755891664190807,6.0,122.60003662109375,1
2008-09-29,888.2000122070312,919.0,866.4000244140625,871.2999877929688,2943,883.971435546875,824.8599995930989,856.721841914071,65.34142911893221,15.793597027926921,4.706417445933155,0.006002930848808319,0.037082763213381914,52.5999755859375,105.10003662109375,0
2008-09-30,874.2000122070312,912.5,855.0,904.7999877929688,879,885.9142979213169,827.3433329264323,859.0522646197991,68.50142334400688,15.66079989504749,6.897293935756022,-0.01576221550055179,0.03543125339901143,57.5,97.70001220703125,1
2008-10-01,880.7000122070312,889.0999755859375,869.2000122070312,878.0,304,882.6000104631696,829.6633341471354,861.9386309647634,72.91255602412032,15.89680442176541,8.697196032957901,0.007435369376842971,0.03419322277465748,19.89996337890625,34.10003662109375,0
2008-10-02,839.0,870.4000244140625,829.2999877929688,870.4000244140625,462,875.9571533203125,830.6200012207031,858.8801468361283,62.03731900205585,12.57405138861293,9.472567104088906,-0.04734871310212785,0.037507329201042446,41.10003662109375,-53.70001220703125,0
2008-10-03,828.9000244140625,844.2999877929688,823.0,832.5,228,867.3714425223214,830.4833353678385,854.882797179853,57.28835743981862,9.021764761611166,9.382406635593359,-0.012038111544621533,0.03726719341364722,21.29998779296875,-31.699951171875,1
2008-10-06,862.7000122070312,868.7999877929688,826.0,828.7999877929688,510,865.2285853794643,831.6600016276042,855.9250925168102,62.62448603280344,8.83211740187096,9.272348788848879,0.04077691735726696,0.03824167529131598,42.79998779296875,-41.20001220703125,1
2008-10-07,878.4000244140625,883.0,858.2000122070312,862.0999755859375,41,864.5857282366071,833.6133361816406,858.9217501031105,55.540075836681055,9.83530500375366,9.384940031829835,0.018198692459579613,0.030389108174241897,24.79998779296875,-7.0999755859375,1
2008-10-08,903.0999755859375,915.5,877.7000122070312,879.7000122070312,310,866.7142944335938,836.3100016276042,864.8121801674874,51.957824161323984,12.479561423455152,10.0038643101549,0.02811925146330818,0.02765559100934046,37.79998779296875,14.0999755859375,0
2008-10-09,883.0999755859375,919.7000122070312,883.0,902.7000122070312,76,867.9857177734375,838.1433349609375,867.2505528899475,54.437869822485204,12.813613473951023,10.565814142914125,-0.022145942354858228,0.02644874249868345,36.70001220703125,5.39996337890625,0
2008-10-10,855.4000244140625,925.7000122070312,843.0,925.7000122070312,104,864.3714338030134,838.9600016276041,865.6704824264962,39.80663726168315,10.719628366196275,10.596576987570556,-0.031366721704975786,0.02389736683195548,82.70001220703125,-27.5,0
2008-10-13,838.9000244140625,861.0999755859375,830.2999877929688,861.0999755859375,186,864.3571515764509,839.2800028483073,862.1010880248383,40.127118709819584,7.640641420050088,10.005389874066463,-0.019289220866345325,0.0238416763634252,30.79998779296875,-49.29998779296875,0
2008-10-15,835.5,848.7000122070312,831.5999755859375,839.5,120,861.5285731724331,841.4166687011718,855.572815816955,40.605514634447914,2.693095447473411,7.7314840560432225,-0.0009565799409849696,0.023623718947479996,17.10003662109375,-45.20001220703125,0
2008-10-16,801.5,846.0,790.0,846.0,34,850.5428553989956,841.5366678873698,848.363107041361,33.938426246187106,-1.8054200326315595,5.8241032383082665,-0.040694195092758845,0.0254458285082378,56.0,-37.5,0
2008-10-17,785.0999755859375,807.0,773.7999877929688,798.0,55,833.6857125418527,841.1200012207031,839.9280228473045,30.510385555363513,-6.617587441440946,3.3357651023584243,-0.02046166489589829,0.02542187903043466,33.20001220703125,-43.800048828125,1
2008-10-20,787.5999755859375,803.7999877929688,787.5,803.7999877929688,19,820.0428553989956,840.7900004069011,832.9509498791223,32.885364127868925,-10.112959770947555,0.6460201276972284,0.003184307830520705,0.025508193075043973,16.29998779296875,-75.10003662109375,0
2008-10-21,766.0999755859375,793.7000122070312,767.7000122070312,793.7000122070312,83,807.2857055664062,840.090000406901,824.037486640031,28.61939128349448,-14.45135165565,-2.373454228972218,-0.02729812171972834,0.025672161877735633,26.0,-112.300048828125,0
2008-10-22,733.2999877929688,771.7000122070312,721.0,771.7000122070312,244,792.1999860491071,839.2699991861979,811.9391534604229,29.602461006154627,-20.30221211113053,-5.95920580540388,-0.04281423944424778,0.0251832406442664,50.70001220703125,-169.79998779296875,0
2008-10-23,713.2999877929688,719.7999877929688,705.0,705.0,37,774.6285574776786,838.3366658528646,798.7872647047623,28.512999470196576,-26.250296945354535,-10.017424033394011,-0.027273967452521752,0.025636833547960626,14.79998779296875,-169.79998779296875,1
2008-10-24,729.0999755859375,734.2000122070312,681.0,715.2999877929688,99,759.4285539899554,837.2966654459635,789.4956261555856,23.386440416663532,-29.35093080127217,-13.884125386969643,0.022150551049153533,0.023140322873871876,53.20001220703125,-126.300048828125,1
2008-10-27,741.7000122070312,744.5,712.0,742.7999877929688,268,750.8856985909598,835.9166666666666,783.1228776291117,22.428392012690594,-30.440587672444735,-17.195417844064664,0.017281630836659678,0.023050311223047272,32.5,-97.20001220703125,0
2008-10-28,739.2999877929688,748.7999877929688,730.5999755859375,731.0,6,744.3428431919643,834.6766662597656,777.2798256509593,13.696817109103833,-31.138861098303437,-19.984106494912417,-0.0032358424896352656,0.020227727588530673,18.20001220703125,-97.0,1
2008-10-29,752.7999877929688,750.7999877929688,750.7999877929688,750.7999877929688,90,739.3714163643973,831.55,774.0158472698939,20.26472706202547,-30.254159524850365,-22.03811710090001,0.018260517006501775,0.0217979685711843,0.0,-82.70001220703125,0
2008-10-30,737.2000122070312,774.0,739.0999755859375,760.5,24,735.2428501674107,826.3666666666667,769.1070692615123,21.44928083210648,-30.460683016608982,-23.722630284041806,-0.020722603399175088,0.02121511467721942,34.9000244140625,-64.29998779296875,0
2008-10-31,716.7999877929688,736.0,718.4000244140625,731.4000244140625,17,732.8857073102679,821.5733337402344,762.1327917323731,21.052634625296676,-31.90271125524407,-25.35864647828226,-0.027672306126242274,0.02160146846972105,17.5999755859375,-68.29998779296875,1
2008-11-03,725.4000244140625,731.5,728.7000122070312,728.7999877929688,16,734.6142839704241,815.6233337402343,757.2350894232651,24.4352421186873,-31.982898990893773,-26.683496980804566,0.01199781915116005,0.02238630384883023,2.79998779296875,-62.199951171875,1
2008-11-04,756.0,760.0,726.0,726.0,30,738.4571446010044,811.3066670735677,757.0704108334963,33.8873173089912,-29.240222965064277,-27.194842177656508,0.0421835877530532,0.02633009277701732,34.0,-10.0999755859375,0
2008-11-05,741.2999877929688,757.4000244140625,739.0,757.4000244140625,22,738.3999982561384,806.3833333333333,754.967687761426,36.76341477882279,-27.930831349205278,-27.34204001196626,-0.01944446059131122,0.02479316284375839,18.4000244140625,8.0,0
2008-11-07,733.2000122070312,743.0,727.2000122070312,731.5,17,734.4428623744419,796.509999593099,749.3188440678879,37.670001281018706,-26.4987564740087,-27.18143301652022,0.002735229713636489,0.024526119684246114,15.79998779296875,4.10003662109375,1
2008-11-10,745.5999755859375,753.5999755859375,747.9000244140625,749.0,42,735.6428571428571,791.7566650390625,748.8229949369612,45.15366430260047,-24.50749602901226,-26.646645619018628,0.016912115619830193,0.02425392271667022,5.699951171875,3.89996337890625,0
2008-11-11,732.0,735.5999755859375,729.7999877929688,734.2000122070312,39,737.8142874581473,787.0166646321615,746.5799289453664,49.66198963195767,-23.7530023250697,-26.067916960228843,-0.018240311200721004,0.021812982517305745,5.79998779296875,-7.29998779296875,0
2008-11-12,717.7000122070312,734.7000122070312,722.5,730.4000244140625,71,736.7142857142857,781.5833312988282,742.7292733802551,51.17899919339381,-24.031925061020388,-25.660718580387154,-0.019535502449410824,0.02115424058125466,12.20001220703125,-35.0999755859375,0
2008-11-13,704.9000244140625,715.5,707.0,714.2999877929688,922,729.414289202009,777.1133321126302,737.6853735180961,43.40959847771119,-24.997667825537405,-25.528108429417205,-0.017834732583613788,0.02072238610705332,8.5,-32.29998779296875,1
2008-11-17,741.9000244140625,741.9000244140625,741.9000244140625,741.9000244140625,9,731.1000104631696,770.2033325195313,738.7921310744256,50.62924436022811,-20.287587361041346,-23.99198321835317,-0.0006734913571623258,0.025066380081734136,0.0,16.5,0
2008-11-18,732.5999755859375,744.9000244140625,734.0,738.0,13,731.0142909458706,765.343330891927,737.9665103426272,45.009877504469834,-19.082156629423366,-23.010017900567213,-0.012535447529429589,0.024740694676411167,10.9000244140625,-23.4000244140625,1
2008-11-19,735.9000244140625,758.7999877929688,735.0,736.0,55,729.6285836356027,759.7699991861979,737.6909788854853,49.6580779740827,-17.657018609764805,-21.939418042406732,0.004504571305077754,0.024157406287399222,23.79998779296875,-5.39996337890625,1
2008-11-20,748.5999755859375,750.0,739.5,740.5,62,732.0000087193081,755.2866658528645,739.1455117788789,58.71710366709599,-15.326136379970876,-20.61676170991956,0.017257712665503577,0.023141319486807123,10.5,17.39996337890625,1
2008-11-21,791.7000122070312,784.0999755859375,771.2000122070312,771.2999877929688,20,742.5714372907366,753.1633321126302,746.1527785026326,65.28354056868793,-9.887110214432937,-18.47083141082224,0.05757418918877044,0.02728604232717045,12.89996337890625,58.5,1
2008-11-25,818.4000244140625,818.4000244140625,818.4000244140625,818.4000244140625,158862,769.7857230050223,751.9166666666666,764.2498708183663,69.24614111828724,1.812644423658412,-11.98734781401832,-0.0012204051381559111,0.025709303339368637,0.0,86.4000244140625,0
2008-11-26,808.5,822.0,806.7999877929688,819.0999755859375,158862,779.3000052315848,751.0166666666667,770.149888042584,69.31533574362678,5.010541800552346,-8.587769891104186,-0.01209680366413779,0.02561629511893196,15.20001220703125,90.79998779296875,1
2008-11-28,816.2000122070312,819.0,808.2000122070312,811.0999755859375,6325,791.2428676060268,751.5066670735677,776.2899045978437,70.16520415632114,8.073162749955486,-5.255583362892252,0.00952382462217849,0.025583344017763916,10.79998779296875,111.29998779296875,0
2008-12-01,774.5999755859375,817.2999877929688,766.0,817.2000122070312,2791,796.7714320591518,751.1566670735677,776.0645807295896,56.17020956085358,7.062128803218911,-2.7920409296700193,-0.050967944130025034,0.029840021866151253,51.29998779296875,32.199951171875,1
2008-12-02,781.2999877929688,786.0,759.7000122070312,765.2999877929688,1393,801.4428623744419,750.9466674804687,776.7626350047069,60.806653549870184,6.724001997610458,-0.8888323442139239,0.008649641644983497,0.029216969260813193,26.29998779296875,39.39996337890625,0
2008-12-03,768.7999877929688,781.9000244140625,762.9000244140625,780.0,439,798.1714303152902,751.0366678873698,775.7009487098085,61.290308660188984,5.385310033129485,0.36599613125475794,-0.015998976315499847,0.029002465277390494,19.0,36.20001220703125,0
2008-12-04,763.7999877929688,780.4000244140625,761.7000122070312,770.0,606,790.2285679408482,752.0533345540365,774.1141539208966,63.47824119453382,3.876245844056143,1.068046073815035,-0.006503642142807187,0.028459855902072076,18.70001220703125,27.89996337890625,0
2008-12-05,750.5,769.5999755859375,740.0,764.5,888,780.528564453125,753.2933349609375,770.9656000647769,52.08439744249412,1.5887891672056185,1.172194692493152,-0.017412919619702594,0.025586873676031362,29.5999755859375,1.9000244140625,1
2008-12-08,767.4000244140625,780.2000122070312,754.2000122070312,755.0,573,774.6571393694196,754.5700032552083,770.490189978015,56.05125210306038,1.1266664913966906,1.1630890522738597,0.02251835364965027,0.026207984523605166,26.0,-24.29998779296875,1
2008-12-09,772.4000244140625,776.5,762.2999877929688,775.0,101,768.3999982561384,755.5933369954427,770.744834569488,59.64147785407167,1.1506254605901631,1.1605963339371204,0.0065155066991529065,0.025846243736227698,14.20001220703125,-47.0,1
2008-12-10,807.0999755859375,811.0,783.0999755859375,784.0999755859375,235,773.0428553989956,757.8533365885417,775.5921867050147,64.97055015815751,3.924371464859064,1.7133513601215093,0.04492484473728253,0.02805841459799384,27.9000244140625,-11.300048828125,1
2008-12-11,824.9000244140625,832.0999755859375,801.0,803.4000244140625,260,779.2714320591518,760.2566711425782,782.1665650662211,65.70605245251122,7.472759021844809,2.865232892466169,0.022054329533590433,0.028222344271330337,31.0999755859375,16.4000244140625,0
2008-12-12,818.9000244140625,827.0,813.7999877929688,821.5,182,786.4285801478794,762.9800048828125,787.0643596459333,56.608357066743295,9.68904261752482,4.229994837477899,-0.007273608707021095,0.02440405895379842,13.20001220703125,2.70001220703125,1
2008-12-15,835.4000244140625,842.0,824.0,828.0,470,796.6571568080357,766.933339436849,793.5091149483505,54.110994853728975,12.631270020208376,5.910249874023995,0.020148979738773498,0.02318531744963477,18.0,60.800048828125,1
2008-12-16,841.7000122070312,859.0,831.5999755859375,839.0,73,809.6857299804688,770.8100056966146,799.9345679161747,55.82790841249734,15.295050971377236,7.787210093494643,0.007541282749407907,0.023220597335297168,27.4000244140625,60.4000244140625,1
2008-12-17,867.5,880.7999877929688,849.2999877929688,854.4000244140625,122,823.9857264927456,774.5266723632812,808.9432921940181,63.67006178181888,19.26587494826913,10.082943064449541,0.030652236448611037,0.023985767271608182,31.5,98.70001220703125,0
2008-12-18,859.5999755859375,873.0,852.0,862.4000244140625,242,836.4428623744419,778.4700052897135,815.6975166462742,60.046284980410825,21.527163866384285,12.37178722483649,-0.009106656385086453,0.024249500411075344,21.0,95.79998779296875,0
2008-12-19,836.4000244140625,852.0999755859375,833.2999877929688,846.5999755859375,106,840.6285836356027,781.9766723632813,818.4578510153126,65.63766610923687,21.202796812833412,14.137989142435874,-0.026989241310833023,0.020649402269516448,18.79998779296875,85.9000244140625,1
2008-12-22,846.2000122070312,851.0,844.0,848.5,235,843.6714390345982,785.743339029948,822.1568058408751,66.16842057885793,21.488801175298704,15.60815154900844,0.011716866937963255,0.02069938105912776,7.0,78.79998779296875,0
2008-12-23,837.2000122070312,848.0,835.0,848.0,176,846.2857230050223,788.7966735839843,824.162566689696,67.34280967302233,20.75004332622973,16.636529904452697,-0.010635783349289385,0.02030859187589275,13.0,64.79998779296875,1
2008-12-24,847.0999755859375,848.9000244140625,838.5,838.9000244140625,19,847.9571446010044,792.6333394368489,827.2208878758615,70.60861529262006,20.724517379820895,17.454127399526335,0.011825087475581642,0.02000852259304575,10.4000244140625,40.0,1
2008-12-26,870.4000244140625,872.4000244140625,845.7999877929688,847.0,88,852.057146344866,797.72333984375,832.9781060809551,78.26497836287635,22.3270349365323,18.42870890692753,0.0275056658005548,0.01927611794318104,26.60003662109375,45.5,1
2008-12-29,874.5999755859375,882.9000244140625,875.0,882.9000244140625,426,853.0714285714286,803.3800048828125,838.5276886816195,76.88064284682311,23.663168330156395,19.475600791573303,0.004825311413223288,0.019028137746218837,7.9000244140625,55.699951171875,0
2008-12-30,869.2999877929688,878.0999755859375,866.5,878.0999755859375,139,854.4571446010044,807.6100036621094,842.6306618964661,74.26139626630903,24.017539702586305,20.383988573775905,-0.006059899315018824,0.019474014311831683,11.5999755859375,33.89996337890625,1
2008-12-31,883.5999755859375,883.5999755859375,858.4000244140625,860.0,35,861.1999947684152,812.3333353678386,848.0932370550623,71.33297023130734,25.162216702047886,21.339634199430304,0.016450003443891026,0.016680859402860182,25.199951171875,41.89996337890625,0
2009-01-02,878.7999877929688,881.5,868.9000244140625,881.5,46,865.8571341378348,817.2066691080729,852.1874704867832,66.20565450990712,25.38938949361659,22.149585258267564,-0.005432308652776663,0.016338341683638787,12.5999755859375,11.29998779296875,0
2009-01-05,857.2000122070312,883.5,847.0,882.0,35,868.7142769949777,821.2500020345052,852.8558093828163,60.527768335980205,23.55496112695164,22.43066043200438,-0.024578943884812743,0.017891067688451633,36.5,-2.39996337890625,1
2009-01-06,865.4000244140625,867.5999755859375,840.0,855.0999755859375,113,871.3285696847098,825.1433369954427,854.5283713869825,58.640560286331066,22.503430347624658,22.445214415128437,0.009566043035765581,0.017345056534641502,27.5999755859375,29.0,0
2009-01-07,841.0999755859375,867.0,837.7000122070312,862.0,101,867.1428484235491,826.7900024414063,852.7379186135098,49.84341417309591,19.484666664169026,21.853104864936554,-0.028079556439321696,0.019098381610320767,29.29998779296875,-5.10003662109375,1
2009-01-09,854.2999877929688,862.0999755859375,855.9000244140625,855.9000244140625,123,862.0428553989956,829.1366678873698,853.0804822855016,48.4512009234827,16.519290082537964,20.15681752286646,0.00046839602701820304,0.01743115203021815,6.199951171875,7.20001220703125,0
2009-01-13,820.0999755859375,825.5999755859375,815.7000122070312,825.5999755859375,20,844.6142839704241,829.659999593099,844.895113139756,42.42598999703503,9.232410089429436,16.750441645609694,-0.00024382812386647412,0.018830390288888093,9.89996337890625,-54.5,0
2009-01-15,806.7000122070312,808.7999877929688,805.5999755859375,805.5999755859375,16,829.2285679408482,831.6266682942709,835.5621102409445,37.889698340670606,2.5710165386752806,12.130521865663043,-0.001855976215471511,0.018555446310993994,3.20001220703125,-76.89996337890625,1
2009-01-16,839.2999877929688,842.5,834.0,834.0,64,828.9714268275669,833.9766682942708,836.0604939145478,41.16977520959399,2.768974051835471,10.25821230289753,0.040411522365976005,0.020430692310176298,8.5,-39.5,1
2009-01-20,854.5999755859375,862.7000122070312,824.0,838.7000122070312,20,829.0714198521206,837.0033345540364,838.5324248040664,44.65811826477527,4.113025556436014,9.029174953605226,0.018229462665907636,0.021098570494931357,38.70001220703125,-2.60003662109375,0
2009-01-21,849.5999755859375,852.5999755859375,843.7999877929688,850.5,37,828.3999895368304,840.3066670735677,840.0080982416492,44.72979773487354,4.720324877061216,8.167404938296425,-0.005850690548606541,0.021095123508880306,8.79998779296875,-15.800048828125,1
2009-01-22,858.2000122070312,860.9000244140625,846.2000122070312,856.7999877929688,57,833.8142787388393,843.3333333333334,842.4336867703669,42.99118055525146,5.828379119381225,7.699599774513385,0.01012245394094169,0.020747514976017588,14.70001220703125,17.10003662109375,1
2009-01-23,895.2999877929688,899.0999755859375,875.0,875.0,52,844.5571376255581,847.4299987792969,849.4825269067138,53.86416861826697,9.589634722135202,8.07760676403775,0.043229987250323676,0.023937769954263777,24.0999755859375,41.39996337890625,1
2009-01-26,908.5,911.5999755859375,901.2000122070312,907.2999877929688,18,858.8857073102679,850.809999593099,857.351523319152,62.50608937914074,13.480196242550392,9.15812465974028,0.01474367517816133,0.022915554578586104,10.39996337890625,54.20001220703125,0
2009-01-27,899.2000122070312,903.0,895.2000122070312,902.7999877929688,48,872.0999930245536,853.2866658528645,862.931321837536,58.19592283996387,15.632857139817702,10.453071155755765,-0.010236640388518126,0.023182006398983337,7.79998779296875,78.9000244140625,0
2009-01-28,888.0999755859375,894.5999755859375,883.7000122070312,886.0999755859375,137271,879.0714198521206,855.593330891927,866.2871423373228,62.17616580310881,16.25578959793347,11.613614844191307,-0.012344346608547552,0.021906157970954545,10.89996337890625,68.0,1
2009-01-29,905.0999755859375,909.7000122070312,874.2000122070312,888.0999755859375,66607,886.2857055664062,857.9166625976562,871.4621867704715,62.9817352559206,17.914716286224348,12.873835132597915,0.019141989041024265,0.022083549305853788,35.5,96.89996337890625,1
2009-01-30,927.2999877929688,930.2999877929688,902.0,909.7999877929688,10460,897.3857073102679,860.7699951171875,878.9072269068045,66.66666666666666,20.781230006828196,14.455314107443971,0.024527690648383338,0.02268262764342278,28.29998779296875,120.5999755859375,0
2009-02-02,906.7000122070312,928.7999877929688,902.2000122070312,924.2999877929688,3220,904.3142787388393,862.0766621907552,882.6129316135014,71.01168158406436,21.146948060197246,15.793640897994628,-0.022215006855512587,0.02030738886688797,26.5999755859375,67.4000244140625,0
2009-02-03,892.0,913.2999877929688,889.7999877929688,903.2000122070312,1451,903.8428519112723,863.1566630045573,883.8645407317013,66.33349213752851,20.01983789107703,16.63888029661111,-0.01621265248607351,0.02119680401769083,23.5,37.4000244140625,1
2009-02-04,901.5999755859375,909.2000122070312,897.0,900.0999755859375,465,902.8571341378348,865.3299947102864,886.2292653789327,71.44168241820294,19.674438085760585,17.245991854441005,0.010762304468539874,0.020354276282963917,12.20001220703125,52.0,1
2009-02-06,913.9000244140625,918.5,909.5,914.5,334,908.5999930245536,870.1333272298177,893.0815375408706,69.03061566080656,20.293648401858945,18.3180653535032,0.00032842473308147824,0.018150059755396637,9.0,18.60003662109375,0
2009-02-09,892.4000244140625,911.0,891.7999877929688,910.0,984,906.7857142857143,871.6433288574219,892.9906691239629,59.34718969731765,18.470105862241553,18.348473455250872,-0.023525549212874197,0.019417040122897147,19.20001220703125,-16.0999755859375,1
2009-02-10,913.7000122070312,917.5,892.0,898.0,252,904.8428606305804,873.0866617838542,895.751914868372,64.66819650242115,18.53006323078671,18.38479141035804,0.023868206197051656,0.019960125092269774,25.5,14.5,1
2009-02-11,943.7999877929688,947.2000122070312,912.2000122070312,913.7000122070312,892,910.1428571428571,875.3933288574219,902.1583245916515,67.83332824707031,20.76700721891507,18.861234572069446,0.03294295193586727,0.021265221614120977,35.0,55.70001220703125,1
2009-02-12,948.5,952.7999877929688,936.4000244140625,938.7999877929688,335,918.2142857142857,878.0333292643229,908.337214646098,62.81310279923758,22.65786736038649,19.620561129732856,0.004979881614558979,0.01853778210181302,16.39996337890625,43.4000244140625,0
2009-02-13,941.5,947.2999877929688,934.2000122070312,947.2999877929688,137,923.914289202009,879.963330078125,912.7589193599516,58.19265044679304,23.322696618116197,20.360988227409525,-0.0073800738007380184,0.018521141975512544,13.0999755859375,14.20001220703125,1
2009-02-17,967.0,973.7999877929688,937.2999877929688,939.5,1639,931.5428641183036,882.903330485026,919.9910634452915,65.579038690841,25.61197655943579,21.41118589381478,0.027084439723845,0.019188129686468023,36.5,60.29998779296875,1
2009-02-19,976.0999755859375,986.2000122070312,972.0,982.7000122070312,202,952.6142839704241,890.6099955240885,934.140841365401,67.5916706691363,29.366213731852895,24.051163287316417,-0.0016365312479457161,0.018321759414915623,14.20001220703125,74.5,1
2009-02-20,1001.7999877929688,1004.9000244140625,971.5999755859375,974.0,219,965.1999947684152,895.9666625976563,943.1620608890768,68.1441749345054,32.17774597280618,25.676479824414372,0.026329282706521795,0.01847091705249063,33.300048828125,88.20001220703125,0
2009-02-23,994.5999755859375,996.5,980.0,995.5999755859375,215,972.4571358816964,900.656660970052,950.0204495153248,72.90253367348464,33.43945549011107,27.229074957553713,-0.007187075558758305,0.01711091296894138,16.5,80.699951171875,0
2009-02-24,969.0999755859375,991.5999755859375,963.2000122070312,988.0,243,975.3999895368304,904.4833272298177,952.5643863247399,69.01824068258176,32.01270989267073,28.18580194457712,-0.02563844824646966,0.018233260221129928,28.39996337890625,76.699951171875,0
2009-02-25,965.7000122070312,977.5,953.0999755859375,963.2999877929688,1019,978.8571341378348,909.3299947102864,954.3158031090454,66.31043682211006,30.25884991125713,28.60041153791312,-0.0035083721644411092,0.018350669229889913,24.4000244140625,52.0,0
2009-03-02,939.0,963.2000122070312,924.5,945.0,474,964.7857055664062,922.2399943033854,949.5393230532138,62.30199830493728,20.51658995650166,25.910267128967412,-0.0026553372278279586,0.01844936366806859,38.70001220703125,-2.5,0
2009-03-03,912.9000244140625,931.7999877929688,906.4000244140625,927.0,362,952.085710797991,924.6933288574219,944.6540832346603,49.7940299323679,15.890389662067378,23.906291635587408,-0.027795501156482993,0.019274919045281162,25.39996337890625,-54.0999755859375,0
2009-03-04,906.0,923.2000122070312,900.0999755859375,914.9000244140625,155,939.4285714285714,926.4066630045573,939.500205470039,38.94737593538128,11.534357402205728,21.431904788911073,-0.007558357136085325,0.01685545881449544,23.10003662109375,-71.70001220703125,1
2009-03-05,927.0,932.5999755859375,908.9000244140625,912.0,141,933.414289202009,928.9866638183594,937.8335114073672,44.260546077131735,9.665279621377408,19.07857975540434,0.023178807947019875,0.01815212825300227,23.699951171875,-49.0999755859375,1
2009-03-06,942.0999755859375,944.5,931.7999877929688,933.5,308,930.0428553989956,931.7833292643229,938.4023732978433,50.153524951631056,9.295313262952732,17.121926456914018,0.01628907830198223,0.018655947681761622,12.70001220703125,-59.70001220703125,0
2009-03-09,917.7000122070312,940.5,914.5,940.5,838,926.6000017438616,932.5299967447917,935.6420584857351,37.31343518006315,6.953088259454262,15.088158817422068,-0.02589954783061188,0.018151548725124544,26.0,-76.89996337890625,0
2009-03-10,895.5999755859375,921.7999877929688,892.0999755859375,921.5999755859375,120,920.0428553989956,932.0999959309896,930.3031140990954,30.043745321108105,3.275808332415636,12.725688720420782,-0.02408198357537783,0.018399448168501233,29.70001220703125,-73.5,1
2009-03-11,910.4000244140625,912.4000244140625,894.0999755859375,894.7000122070312,221,915.9571446010044,932.473329671224,927.6493688077577,34.99316038275089,1.5380480871798454,10.488160593772594,0.016525289450172398,0.019352994120274615,18.300048828125,-55.29998779296875,1
2009-03-12,923.7000122070312,927.5,908.0,909.2000122070312,118,917.5,933.6599975585938,927.1227879276609,31.089594289119248,1.2199950912099666,8.63452749326007,0.014608949292953533,0.018117311071503658,19.5,-18.0999755859375,1
2009-03-13,929.7999877929688,937.0,924.4000244140625,924.4000244140625,69,920.8999982561384,934.4833312988281,927.4797479097019,34.225900840734184,1.4435129320922897,7.196324581026514,0.006603849199225076,0.018398743404958277,12.5999755859375,-11.70001220703125,0
2009-03-16,921.5999755859375,929.5999755859375,916.7000122070312,926.4000244140625,139,920.1285661969866,934.2933308919271,926.6957782665334,37.37373573493671,0.9480514298625167,5.946669950793715,-0.00881911412635672,0.017446834266518534,12.89996337890625,-17.4000244140625,0
2009-03-17,916.4000244140625,924.4000244140625,912.4000244140625,923.2000122070312,48,916.4571446010044,934.6166646321615,925.3230110862039,37.01948464976773,0.13425441662866433,4.784186843960705,-0.005642308278674735,0.0174567830380081,12.0,3.5,0
2009-03-18,888.7000122070312,944.0,885.0,915.4000244140625,120,912.3142874581473,934.5066650390625,920.439944568981,36.29323981119115,-2.7145533842337954,3.284438798321805,-0.030226987635386005,0.018019764033598874,59.0,-17.29998779296875,1
2009-03-20,955.7999877929688,960.5999755859375,954.0,960.5999755859375,23,927.7571411132812,937.8033325195313,929.5295553269515,53.19391477030238,3.0553644105779085,2.8149608455041815,-0.0026087864258014237,0.028473079835792583,6.5999755859375,13.70001220703125,0
2009-03-23,952.0999755859375,952.5999755859375,937.9000244140625,950.7000122070312,30,931.8142787388393,939.0766642252604,932.5389446948163,58.14629159383966,4.620474537499717,3.1760635839032885,-0.0038711155621323767,0.027263092080743057,14.699951171875,34.39996337890625,0
2009-03-24,923.2999877929688,923.2999877929688,923.2999877929688,923.2999877929688,1494,930.8857073102679,940.1066630045573,931.30708377457,53.295236536280825,3.496610516275723,3.2401729703777757,-0.030248911386900112,0.02860262459803712,0.0,27.70001220703125,1
2009-03-25,935.4000244140625,936.5,920.7999877929688,921.2000122070312,97,932.8571428571429,940.8299967447916,931.8528091931689,51.65615639249461,3.541487945019071,3.300435965306035,0.013105206088020571,0.028144392678065126,15.70001220703125,25.0,1
2009-03-26,939.5999755859375,943.0,937.5999755859375,939.5999755859375,66,936.1714215959821,940.6899963378906,932.8857647122047,49.48496075340584,3.8713283266055214,3.414614437565932,0.004490005411861953,0.027826320757446375,5.4000244140625,15.89996337890625,0
2009-03-27,923.0,923.0,923.0,923.0,106869,941.0714198521206,939.8399963378906,931.5676627505775,51.128137211417865,2.7614179996072608,3.2839751499741983,-0.017667066855323932,0.02731554055356994,0.0,-6.79998779296875,0
2009-03-30,915.5,932.5,908.5999755859375,924.5999755859375,58837,934.9571358816964,938.973329671224,929.4253077171672,54.51657535863361,1.2620703872911463,2.879594197437588,-0.008125677139761645,0.02652111694911874,23.9000244140625,-6.0999755859375,1
2009-03-31,922.5999755859375,924.5,911.5999755859375,918.0,7403,930.2142769949777,937.4933288574218,928.5152634330034,52.86922849901643,0.6393650923344012,2.4315483764169508,0.0077552982915756186,0.026251002192122265,12.9000244140625,6.199951171875,1
2009-04-01,926.0999755859375,932.5,916.9000244140625,918.5999755859375,3659,926.4999912806919,935.7733276367187,928.1932250533946,50.59170733924162,0.42340664081746127,2.029920029297053,0.003793626807519823,0.025985813470287,15.5999755859375,37.39996337890625,0
2009-04-02,907.4000244140625,930.2999877929688,894.9000244140625,926.9000244140625,3389,924.2285679408482,933.483329264323,925.4207983014836,44.800376072047605,-1.2423507197037225,1.3754658794968981,-0.02019215167352062,0.02648290692927336,35.39996337890625,-50.89996337890625,0
2009-04-03,895.5999755859375,910.2999877929688,891.2999877929688,904.5999755859375,1616,918.5428466796875,929.9433288574219,921.4446886060775,44.0639236318781,-3.474587866290676,0.4054551303393833,-0.013004241250428317,0.026596177639017626,19.0,-60.20001220703125,0
2009-04-06,871.5,895.0,865.0999755859375,895.0,1078,908.8142787388393,925.8399963378906,914.785396791934,40.56325286985935,-7.106400345642442,-1.0969159648569817,-0.026909307997881937,0.027431461482628577,29.9000244140625,-80.5999755859375,1
2009-04-09,882.2000122070312,886.0999755859375,874.7000122070312,882.4000244140625,360,892.8285696847098,918.2599975585938,903.7123323289712,26.103885088940984,-11.225339852780394,-5.5935837896017135,-0.002938489626817087,0.014148757412318113,11.39996337890625,-57.39996337890625,1
2009-04-13,894.7000122070312,899.4000244140625,882.5,882.5,418,888.3428606305804,916.6999979654948,902.5106896460459,32.371004077886624,-10.900255872898356,-6.654918206261042,0.014169122451866967,0.015108587843617698,16.9000244140625,-28.29998779296875,0
2009-04-15,892.7999877929688,895.2999877929688,888.9000244140625,890.0,665,885.5857195172991,914.4266642252604,899.8742525277177,33.30716853336011,-10.490180765539662,-8.08909963491842,0.002132633659041483,0.01245672393446337,6.39996337890625,-29.79998779296875,0
2009-04-16,879.2999877929688,893.4000244140625,872.7999877929688,890.9000244140625,632,886.7000034877232,913.5366638183593,897.1310172297511,27.976604203271833,-11.185647019062799,-8.708409111747295,-0.015120967948680675,0.012620797600290196,20.60003662109375,-46.79998779296875,0
2009-04-17,867.4000244140625,875.7000122070312,865.0,874.0,212,884.5857195172991,911.5499979654948,893.1668848543261,28.971237722545453,-12.55234105396869,-9.477195500191575,-0.01353345109076487,0.012338082331173145,10.70001220703125,-40.0,1
2009-04-20,887.0,889.0,866.0999755859375,868.7999877929688,655,884.9000069754464,909.7133321126302,892.344633540416,40.12472675839012,-11.916535296068332,-9.965063459366927,0.02259623591684523,0.014206758580077578,22.9000244140625,-8.5999755859375,0
2009-04-21,882.0999755859375,895.0999755859375,880.7000122070312,886.9000244140625,230,884.8857160295759,908.5266642252604,890.9786791464855,35.749457512443286,-11.673481048167673,-10.306746977127077,-0.005524266532201283,0.013934352075032458,14.39996337890625,10.5999755859375,1
2009-04-22,891.7999877929688,893.0,883.0,883.0999755859375,330,884.4714268275669,908.3999979654948,891.0881869660167,38.43559715114138,-10.57623266024109,-10.36064411374988,0.010996499802177206,0.014336080539124505,10.0,9.5999755859375,1
2009-04-23,905.9000244140625,909.0,892.5999755859375,893.5999755859375,234,886.6142839704241,908.2499979654948,893.0630986257562,49.47807915459696,-8.471249005792856,-9.982765092158475,0.015810761173016497,0.014165055381596006,16.4000244140625,21.10003662109375,1
2009-04-24,913.5999755859375,913.5999755859375,906.7000122070312,911.2000122070312,438,889.585710797991,907.913330078125,895.8013488871137,56.446998168943395,-6.111265718587902,-9.20846521744436,0.008499780289613401,0.013810833730334256,6.89996337890625,31.39996337890625,0
2009-04-27,907.4000244140625,918.0,906.2999877929688,918.0,1179,893.6000017438616,907.1666646321614,897.3478389573736,64.74941447292532,-4.687214909347858,-8.30421515582506,-0.0067862864903194264,0.01147508830038261,11.70001220703125,12.70001220703125,0
2009-04-28,892.7999877929688,899.7000122070312,890.0999755859375,899.7000122070312,308,897.2285679408482,906.2066650390625,896.7414588021197,54.21974042534167,-4.682765317359895,-7.5799251881320275,-0.01608996719007305,0.012183719569507832,9.60003662109375,1.89996337890625,1
2009-04-29,899.7999877929688,902.5,887.7999877929688,890.0999755859375,809,899.0571376255581,905.653330485026,897.1492626675663,55.769236186557414,-4.067509764464944,-6.877442103398612,0.007840501899315955,0.01231575260747346,14.70001220703125,7.0,0
2009-04-30,890.7000122070312,898.9000244140625,881.2999877929688,898.2000122070312,212,900.2857142857143,905.7199971516927,896.2893626061617,53.1135558979688,-4.265042528858885,-6.354962188490667,-0.010113331528552205,0.012649196520393082,17.60003662109375,11.4000244140625,0
2009-05-01,887.5999755859375,889.2000122070312,881.5,884.0,506,899.6857125418527,903.363330078125,895.1307776701319,47.20690739793652,-4.6184965615756255,-6.007669063107659,-0.003480449734599489,0.012076453449076338,7.70001220703125,20.199951171875,1
2009-05-05,903.7000122070312,912.2999877929688,902.0,903.5,69,897.6571393694196,899.9433308919271,897.0208940342116,53.963645241477266,-2.8167251779536855,-5.004409664863426,0.002329233227550853,0.012766031968499202,10.29998779296875,21.60003662109375,1
2009-05-06,910.5,911.0999755859375,901.2999877929688,901.2999877929688,30,898.0999930245536,899.5166646321615,898.8181081629833,61.926611283945554,-1.5297992602282875,-4.309487583936399,0.00752460739306815,0.011984870039362522,9.79998779296875,18.70001220703125,1
2009-05-11,913.0,914.4000244140625,913.0999755859375,913.0999755859375,2,906.5428553989956,897.6633321126302,904.1301905646101,65.3121986805763,1.585440151737771,-1.764977701265959,-0.001531085276336941,0.009503792680538492,1.300048828125,5.5999755859375,1
2009-05-14,928.0,922.5999755859375,922.5999755859375,922.5999755859375,1,918.557146344866,898.090000406901,911.7220825690217,58.53081768283423,5.226574276921724,1.1812423217056394,0.0027012425715828847,0.008523833564595526,0.0,37.29998779296875,1
2009-05-15,930.9000244140625,931.5999755859375,925.2000122070312,925.2000122070312,45,921.471435546875,898.8733337402343,914.2791414816938,64.48826862059207,6.249795939637806,2.194953045292073,0.0031250263082569507,0.008220028932890845,6.39996337890625,43.300048828125,0
2009-05-18,921.2999877929688,932.9000244140625,918.7000122070312,929.5999755859375,71,922.3714338030134,899.7300008138021,915.2152543231972,68.72533733710613,6.214427700600027,2.998847976353664,-0.010312639777978694,0.007348417563189706,14.20001220703125,19.70001220703125,1
2009-05-19,926.2999877929688,926.2999877929688,926.2999877929688,926.2999877929688,71,924.0714285714286,901.5566670735677,916.6932187858334,67.88121799982866,6.51475825177431,3.7020300314377934,0.005427113932756855,0.007235175361936625,0.0,22.5999755859375,1
2009-05-20,937.0,940.5,931.0,933.0,67,927.5,903.3833333333333,919.4007896143889,80.5811794357846,7.529379933719383,4.467500011894112,0.011551346591858858,0.00672064514501589,9.5,26.5,1
2009-05-21,950.7999877929688,943.9000244140625,937.4000244140625,939.0999755859375,71,931.3999982561384,905.5833333333334,923.587349371533,86.57404496675919,9.339360278457661,5.441872065206822,0.014727841828141575,0.006991584903086943,6.5,35.79998779296875,1
2009-05-22,958.5,958.7000122070312,956.9000244140625,956.9000244140625,12,936.1142839704241,908.1266662597657,928.2423694553286,85.51807430887865,11.265250578987775,6.606547767963013,0.008098456358739403,0.006348870722553526,1.79998779296875,44.0999755859375,0
2009-05-27,953.2000122070312,956.0,947.2000122070312,947.2000122070312,151332,942.8857073102679,912.1499979654948,934.4424896417593,77.83568282464161,12.827863831875675,8.74816156007581,0.000104959210635025,0.006862185843796191,8.79998779296875,29.70001220703125,1
2009-05-28,961.5,964.9000244140625,944.0,948.5999755859375,74257,948.6285661969866,914.4399983723958,938.0501576895247,78.88194378101984,13.823957314006066,9.763320710861862,0.008707498622194665,0.007003789199901372,20.9000244140625,36.0,1
2009-06-01,978.5999755859375,988.0999755859375,973.0,978.7999877929688,2883,962.0714198521206,921.463330078125,948.1656693321111,84.16661050591722,17.19982127358378,12.220791984311806,-0.00020434430887383837,0.007783522642555823,15.0999755859375,47.699951171875,1
2009-06-02,983.2000122070312,986.5,969.7999877929688,974.7000122070312,2345,966.6999947684152,924.6699971516927,952.8369150487672,83.12980413913823,18.4464244423541,13.465918475920265,0.004700630222619351,0.007555256103463742,16.70001220703125,61.9000244140625,0
2009-06-03,964.5,990.2999877929688,961.0,981.7000122070312,1187,967.5571376255581,927.4166646321614,954.391993042265,68.25839774970368,17.7211533080108,14.316965442338374,-0.019019540251077216,0.009837859763915817,29.29998779296875,38.20001220703125,1
2009-06-04,981.2000122070312,982.0,960.9000244140625,963.5999755859375,600,971.5714285714286,930.3966654459635,957.9663955975672,71.98344285175995,18.283165178724403,15.11020538961558,0.017314683470224246,0.010553243925801318,21.0999755859375,44.20001220703125,0
2009-06-05,961.7000122070312,983.0,954.0,981.4000244140625,714,972.7857142857143,932.2566650390625,958.4642111454957,61.19184312208658,16.959577155166926,15.48007974272585,-0.01987362388646763,0.012344823937518437,29.0,10.9000244140625,0
2009-06-10,954.0,966.0,949.2000122070312,956.0,698,964.3285784040179,937.1199991861979,956.6756965963352,56.82182450887801,11.969393068389309,14.367885241894454,0.0,0.012028174415554075,16.79998779296875,0.79998779296875,1
2009-06-11,961.2999877929688,961.9000244140625,943.0999755859375,954.2999877929688,583,961.2000034877232,939.169999186198,957.2922687558864,54.44538159086117,11.328938100021674,13.7600958135199,0.00765197881862556,0.011562562324252488,18.800048828125,-0.20001220703125,0
2009-06-12,940.0999755859375,956.5,935.7999877929688,955.9000244140625,166,957.7142857142857,940.8166646321614,954.9999629998933,43.00911445289166,9.006883369258048,12.809453324667532,-0.022053482238883593,0.012844984429257002,20.70001220703125,-38.70001220703125,0
2009-06-15,926.9000244140625,938.5,926.9000244140625,938.5,258,949.9571446010044,942.1266662597657,951.2533045217826,40.60260165591766,6.03197961641024,11.453958583016075,-0.014041007887111046,0.013252886316434967,11.5999755859375,-51.699951171875,1
2009-06-16,931.5999755859375,938.5999755859375,930.9000244140625,930.9000244140625,149,945.6571393694196,943.1266662597657,948.6328606636699,42.49998410542132,4.007398939241284,9.964646654261117,0.005070612847211997,0.013376750681376089,7.699951171875,-51.60003662109375,1
2009-06-19,935.5999755859375,936.5,932.0,932.0,73,937.8428519112723,945.6533325195312,943.8789902648025,32.8,0.678961474763355,5.819825831568908,0.0017130359592478772,0.011910765281205903,4.5,-26.10003662109375,0
2009-06-22,920.5999755859375,926.2000122070312,919.0,925.0,134,932.028564453125,945.8599975585937,940.7751216409539,26.883288939335827,-1.1650276094844685,4.422855143358232,-0.016032492936530862,0.0121477129275846,7.20001220703125,-31.10003662109375,1
2009-06-23,923.9000244140625,926.5,917.2999877929688,921.9000244140625,181,929.7142857142857,946.2233317057292,938.5251086773684,33.083343505859375,-2.3332199757030594,3.071640119545974,0.0035846718614396256,0.01157519921654392,9.20001220703125,-30.0999755859375,1
2009-06-24,934.0999755859375,942.7000122070312,922.9000244140625,925.4000244140625,588,930.7428501674107,946.5766642252604,937.9350909318443,29.251074031113433,-2.4082096850899006,1.9756701586187992,0.011040102719278355,0.010825098793147208,19.79998779296875,-19.9000244140625,1
2009-06-29,940.4000244140625,942.5,934.7999877929688,940.2000122070312,445,933.4857090541294,947.7699971516927,938.6999117844085,42.325068096239924,-1.2636355981626366,0.2413243623011342,-0.00031889846824273427,0.009605753611729318,7.70001220703125,13.5,0
2009-06-30,927.0999755859375,943.9000244140625,925.2999877929688,941.4000244140625,128,932.2714233398438,947.963330078125,937.1532536246125,36.80077626637437,-2.045266943561046,-0.21599389887130183,-0.014142969462821786,0.010218681132606723,18.60003662109375,-4.5,1
2009-07-01,941.0,944.2000122070312,928.0,929.2999877929688,88,935.1857125418527,948.4533304850261,937.6661531413309,40.64517217811005,-1.525514432497289,-0.4778980055964993,0.014993015618706584,0.010916168295200623,16.20001220703125,5.5999755859375,0
2009-07-02,930.7000122070312,941.5,926.5999755859375,941.4000244140625,67,936.1571393694196,948.243330891927,936.7373343500909,45.18444679718763,-1.9225675946927367,-0.7668319234157468,-0.010945789365535363,0.009633129820284305,14.9000244140625,-3.29998779296875,0
2009-07-06,924.0,933.5,920.2000122070312,933.5,108,934.7142857142857,947.3499979654948,935.0390231034122,48.40833078741297,-2.7462134380597263,-1.1627082263445427,-0.007198895583060194,0.00905929893295998,13.29998779296875,-11.5999755859375,1
2009-07-07,928.7999877929688,931.7000122070312,921.2000122070312,924.2000122070312,57,933.2428588867188,946.3599975585937,934.2071517286864,48.46492123330989,-2.977319121736514,-1.525630405422937,0.005194791983732516,0.009064900235468383,10.5,8.20001220703125,0
2009-07-08,909.0,919.5999755859375,905.5999755859375,919.5999755859375,41,928.7142857142857,944.8899983723958,930.8461981648617,37.68656418992397,-4.703941471386997,-2.1612926186157493,-0.021317816594741634,0.010564827593159885,14.0,-14.9000244140625,1
2009-07-09,915.9000244140625,917.4000244140625,907.2000122070312,907.2000122070312,74,925.2142857142857,943.6466654459635,928.8533749980885,41.96984746094997,-5.452672800944242,-2.819568655081448,0.007590785934062261,0.010872218477173604,10.20001220703125,-18.199951171875,0
2009-07-10,912.2000122070312,913.5,908.5,910.7000122070312,40,923.0857195172991,942.0033325195312,926.6329266259476,39.80838807263601,-6.272304613540655,-3.5101158467732896,-0.004039755550173996,0.010856585549545399,5.0,-26.89996337890625,1
2009-07-14,922.5,926.2000122070312,920.2000122070312,920.2000122070312,64,919.2285766601562,938.2466674804688,925.5696218540799,49.34455815824786,-5.774564594867343,-4.368629658908422,0.0003252958024266839,0.010471941537972184,6.0,-17.9000244140625,1
2009-07-15,939.0999755859375,941.0,928.2999877929688,928.9000244140625,67,921.3857160295759,936.7766662597656,927.3736690183275,52.20847913645015,-4.172454832731091,-4.329394693672956,0.017994553480691122,0.011179863872178532,12.70001220703125,12.0,0
2009-07-17,937.2000122070312,937.7999877929688,931.7999877929688,936.9000244140625,34,926.3142874581473,934.3299987792968,929.5766657579675,48.44720597808368,-2.2142302328130654,-3.7238633877760985,0.0022457883391322486,0.01115826608078684,6.0,6.5,1
2009-07-21,946.5999755859375,948.5999755859375,945.7999877929688,948.5999755859375,15,935.8857073102679,933.7199971516927,934.0331368029983,58.68209773881964,0.65459065447169,-2.3362004336065456,-0.002003188628426411,0.01086680757483362,2.79998779296875,17.79998779296875,1
2009-07-27,953.2999877929688,957.0999755859375,953.2999877929688,955.0999755859375,5,949.4142804827009,933.8599975585937,942.4666126700612,64.12916914819775,4.675075207909799,1.2645034455548196,0.0005247691083185568,0.00938908776886632,3.79998779296875,31.0999755859375,0
2009-07-28,939.0,949.5,937.5,949.5,10,949.6714215959821,934.263330078125,942.0043976473864,68.47288974144269,3.9532960042783998,1.8022619572995358,-0.015000511880919443,0.008272721483154388,12.0,16.5,0
2009-07-29,927.2000122070312,927.2000122070312,927.2000122070312,927.2000122070312,129090,946.6285661969866,934.1166646321615,940.0304795886725,56.56212716999028,2.401438103369969,1.9220971865136225,-0.012566547170360765,0.009012203625496568,0.0,-11.89996337890625,1
2009-07-30,934.9000244140625,937.0,928.4000244140625,929.2000122070312,36620,944.9571446010044,934.0999979654948,939.3464188987246,62.597115971491654,1.7724741906451982,1.8921725873399378,0.00830458596382333,0.009093770000999637,8.5999755859375,-0.199951171875,1
2009-07-31,953.7000122070312,958.0999755859375,932.0,934.4000244140625,10747,945.057146344866,934.7566650390625,941.2602313398321,65.92517301518535,2.759211186204084,2.065580307112767,0.020109088995640345,0.010078276842484158,26.0999755859375,16.5,1
2009-08-03,956.5999755859375,964.0,952.4000244140625,952.5999755859375,2602,945.3571428571429,935.4566650390625,943.3055305726461,66.79801753001848,3.7321878347604525,2.398901812642304,0.0030407500700300183,0.010060375975925599,11.5999755859375,8.0999755859375,1
2009-08-04,967.5,969.5,950.7999877929688,956.5999755859375,565,947.4571446010044,937.0199991861979,946.5314598296267,64.82255216018471,5.321477038770922,2.983416857868028,0.011394548078872857,0.009419914352423151,18.70001220703125,20.9000244140625,0
2009-08-05,964.2000122070312,968.0999755859375,959.7999877929688,967.5999755859375,742,949.0142909458706,938.3633321126302,948.8872668132806,65.29969790497387,6.242756140607639,3.6352847144159504,-0.0034108400960917162,0.009377989221314302,8.29998779296875,11.20001220703125,0
2009-08-06,960.7000122070312,971.0999755859375,956.5,964.0999755859375,543,952.1142926897321,939.25,950.4622995324473,62.17616580310881,6.614211207395897,4.23107001301194,-0.0036299522460994105,0.009507909618042614,14.5999755859375,6.20001220703125,0
2009-08-07,957.2999877929688,964.2999877929688,954.5999755859375,964.2999877929688,641,956.414289202009,939.8566670735677,951.373991300517,54.966131013355394,6.558634611793195,4.696582932768191,-0.003539111450880039,0.009121039484872629,9.70001220703125,4.5,0
2009-08-11,945.7999877929688,949.7000122070312,943.0999755859375,947.2000122070312,106,956.7285679408482,940.1799987792969,949.8942407270064,46.14560223229309,4.599341343394485,4.7991459557010625,0.0008465479290673539,0.009611447394032633,6.60003662109375,6.79998779296875,1
2009-08-12,950.7000122070312,951.5,943.0,947.5,102,955.8857160295759,940.9666666666667,950.0016769243431,48.037196140408625,4.264170087352568,4.692150782031364,0.00518082520332519,0.009719018010383627,8.5,23.5,1
2009-08-13,954.7000122070312,960.0999755859375,952.2999877929688,952.5999755859375,104,954.057146344866,941.4233337402344,950.6281216287016,50.95864020290037,4.272065313104804,4.608133688246052,0.004207426053055352,0.009777633526592786,7.79998779296875,19.79998779296875,0
2009-08-14,947.0,957.4000244140625,942.0999755859375,957.4000244140625,141,951.6000017438616,941.9666666666667,950.1443720782081,47.03669401861141,3.615320538268975,4.409571058250637,-0.008065373529461572,0.010021277983153618,15.300048828125,-6.70001220703125,0
2009-08-17,934.2999877929688,947.4000244140625,931.5,947.4000244140625,128,947.8285696847098,942.309999593099,948.0317875068429,47.75548631372766,2.0464702903208263,3.936950904664675,-0.013410783745545163,0.009851000933299848,15.9000244140625,-22.29998779296875,1
2009-08-18,937.7000122070312,938.5999755859375,935.5,938.5999755859375,276,945.0285731724331,942.6066670735677,946.6542174668681,55.451710631393475,1.0652195331889516,3.362604630369531,0.003639114265744814,0.009233186227941965,3.0999755859375,-29.79998779296875,1
2009-08-19,943.2999877929688,944.9000244140625,933.4000244140625,941.7999877929688,194,944.7857142857143,943.75,946.2069868436815,54.45857871039599,0.73101577268244,2.836286858832113,0.005972033180160707,0.009108410944326557,11.5,-20.9000244140625,0
2009-08-20,940.2999877929688,945.7000122070312,940.0999755859375,942.9000244140625,35,944.0,944.5633321126302,945.4193869702532,41.45406872369612,0.22152831618677737,2.3133351503030455,-0.0031803244342439863,0.007216842683765447,5.60003662109375,-20.4000244140625,1
2009-08-21,953.2000122070312,957.5999755859375,952.5999755859375,957.0,53,944.3571428571429,945.9299987792969,946.4568036684902,48.07694564907443,0.8488944694421434,2.0204470141308652,0.013719051985038089,0.008175739880167846,5.0,-4.0999755859375,0
2009-08-27,945.5,949.4000244140625,942.9000244140625,944.2000122070312,193,944.7714233398438,947.8533325195312,945.5232364350998,42.78730321225059,0.19951997538930755,0.9892163839954422,0.001270795533775182,0.00799086949266887,6.5,-9.20001220703125,1
2009-08-28,957.0,962.2000122070312,948.0999755859375,949.2999877929688,182,946.7285679408482,948.5133321126302,947.0534715770865,57.40739624415834,1.1115266855803156,1.013678444312417,0.012162876784769905,0.007898769779514987,14.10003662109375,10.0,0
2009-08-31,951.7000122070312,959.5,944.7999877929688,959.5,21,948.3571428571429,948.6199991861979,947.6730103277458,53.45030174881535,1.3906038375946537,1.0890635229688643,-0.005538127265380055,0.008086096338729764,14.70001220703125,17.4000244140625,1
2009-09-01,954.7000122070312,956.5,948.7000122070312,954.2000122070312,17,948.5714285714286,948.8900004069011,948.6099439116506,52.39234170302488,1.8327229300549561,1.2377954043860828,0.0031522538210784212,0.008013123833940317,7.79998779296875,17.0,1
2009-09-02,976.5999755859375,978.7999877929688,954.0,954.0,65,953.4714268275669,949.6766662597656,952.341948134889,60.78815281269675,3.9052324266810956,1.7712828088450854,0.022939104534291266,0.010022342018684401,24.79998779296875,33.29998779296875,1
2009-09-04,994.9000244140625,995.0,985.5,992.5999755859375,75,968.0285731724331,952.4566670735677,963.0381762214902,79.94072594434101,9.301667173988335,4.116532714134809,-0.0009037591784880616,0.009601434517730559,9.5,41.70001220703125,1
2009-09-10,995.4000244140625,997.2000122070312,987.2999877929688,996.2000122070312,51,987.2285766601562,958.0933349609375,974.5724704107121,79.03055163768947,13.182695387855802,8.16472281159172,0.00010050901468972029,0.009633986868420565,9.9000244140625,51.10003662109375,1
2009-09-11,1004.9000244140625,1011.9000244140625,999.7000122070312,999.7000122070312,198,994.4000069754464,960.4266682942708,978.6161442778255,78.25135394563672,14.405310648854652,9.412840379044306,0.009543901714883063,0.009375082468024544,12.20001220703125,59.4000244140625,0
2009-09-14,999.9000244140625,1003.7999877929688,998.5,1002.9000244140625,91,997.7285853794643,961.9666687011719,981.4539949626571,83.6448668100802,14.800176615177293,10.490307626270905,-0.004975619343740578,0.008701259883665005,5.29998779296875,42.9000244140625,1
2009-09-15,1005.0,1008.0,994.9000244140625,998.0,118,999.0428728376116,963.5800028483073,984.5934623009696,84.18079096045197,15.347717215417333,11.46178954410019,0.005100485509965003,0.00868503538607181,13.0999755859375,53.29998779296875,1
2009-09-16,1018.9000244140625,1019.7999877929688,1014.7000122070312,1014.7000122070312,92,1002.4714442661831,965.2933369954427,989.1676705827153,86.4970781363377,16.710633112277947,12.511558257735743,0.013830870063743728,0.008909577882690926,5.0999755859375,64.20001220703125,0
2009-09-17,1012.2999877929688,1019.5,1011.5999755859375,1017.2000122070312,48,1004.528581891741,966.896669514974,992.2519795440825,81.04087595629748,17.06151149916377,13.42154890602135,-0.006477609640739068,0.009417507831265418,7.9000244140625,35.70001220703125,0
2009-09-18,1009.2000122070312,1017.5999755859375,1009.2000122070312,1013.9000244140625,26,1006.5142996651786,968.5133361816406,994.5117172324757,76.31048678607488,16.89469153902337,14.116177432621754,-0.0030623092199142388,0.009396950313294539,8.39996337890625,13.4000244140625,0
2009-09-21,1003.7000122070312,1003.7000122070312,998.0,1003.7000122070312,26,1007.7000122070312,970.0600036621094,995.7368232290831,76.15693522538177,16.132713603995626,14.51948466689653,-0.005449861210338303,0.009390200390195178,5.70001220703125,8.79998779296875,1
2009-09-23,1013.0,1015.2000122070312,1008.2000122070312,1014.4000244140625,212,1010.9000069754464,974.6066711425781,1000.1721041915459,71.11368531659659,15.953733180915265,15.073533718018549,-0.0011832106020388533,0.007991239810645772,7.0,17.70001220703125,0
2009-09-24,997.5,1015.0,993.9000244140625,1015.0,123,1009.8285784040179,976.166670735677,999.8158236326732,51.03030966626002,14.350754630229972,14.928977900460835,-0.01530108588351431,0.007723818329953219,21.0999755859375,2.0999755859375,0
2009-09-29,993.0999755859375,995.7000122070312,984.7000122070312,990.5,5742,1000.6000017438616,980.826670328776,997.111987455002,48.72389101190185,9.552641422065903,12.866577118521247,0.0006045094064861534,0.007933601352994245,11.0,-11.9000244140625,1
2009-09-30,1008.0,1009.0,992.5,992.5,1393,1001.2142857142857,983.1700032552084,998.5637224610017,56.23761167620669,9.636785091296815,12.22061871307636,0.015003549270325323,0.008906861906462994,16.5,-10.9000244140625,0
2009-10-01,999.5,1008.7999877929688,998.0,1007.4000244140625,213,999.1142839704241,985.0433369954427,998.6885594662015,47.29998779296875,8.914826027687923,11.559460175998673,-0.008432539682539653,0.00886608854917956,10.79998779296875,-12.79998779296875,1
2009-10-02,1003.2000122070312,1007.2999877929688,986.7999877929688,998.7999877929688,247,997.7142857142857,987.1400044759115,999.2900864983121,51.67172613213399,8.542752794621492,10.956118699723238,0.0037018631386005474,0.00882091991485101,20.5,-6.0,1
2009-10-05,1016.7000122070312,1017.5999755859375,1003.0,1004.0999755859375,180,1000.4571446010044,989.2566711425782,1001.6114099261414,55.46218870513761,9.23081219555661,10.611057398889912,0.013456937635297761,0.009434232442368325,14.5999755859375,13.0,1
2009-10-06,1038.5999755859375,1043.800048828125,1018.2999877929688,1019.5,180,1007.3714250837054,992.4666707356771,1006.5432186807809,58.557756451115125,11.411701258474864,10.771186170806903,0.02154024108976471,0.010422300471780629,25.50006103515625,24.39996337890625,1
2009-10-07,1043.300048828125,1048.199951171875,1038.300048828125,1038.300048828125,180,1014.6285749162946,995.7600056966146,1011.4441293670934,63.69260498773636,13.365261765739547,11.290001289793432,0.004525393176074255,0.010193368079179465,9.89990234375,30.300048828125,1
2009-10-08,1055.4000244140625,1060.4000244140625,1045.0999755859375,1045.800048828125,160,1023.528581891741,999.4633402506511,1017.3049153733559,68.90344009489917,15.708758657024646,12.173752763239674,0.011597790683062437,0.010362254021839632,15.300048828125,57.9000244140625,0
2009-10-09,1047.800048828125,1051.5,1044.0,1049.300048828125,175,1029.2143031529017,1002.8733418782552,1021.3709331673251,67.73935677875761,16.759548668617413,13.090911944315224,-0.007201037909921326,0.010485216388133989,7.5,57.60003662109375,1
2009-10-12,1056.699951171875,1058.4000244140625,1049.0,1049.0,209,1037.3857247488838,1006.1966735839844,1026.0814689012652,67.31865404177952,18.101788908328217,14.093087337117822,0.00849389380512422,0.010392127869177377,9.4000244140625,64.199951171875,1
2009-10-14,1063.9000244140625,1070.199951171875,1057.5999755859375,1064.0,140,1052.8428606305804,1013.5866719563802,1035.5287453653532,79.17405025272245,20.429776103201107,16.232795762371858,-0.00028183308736506874,0.008948294118958448,12.5999755859375,55.9000244140625,0
2009-10-16,1050.699951171875,1056.199951171875,1043.699951171875,1051.5,76,1055.5,1017.8566731770833,1039.2007012063655,74.41279119780765,19.090811473852455,17.369560840586225,0.0008572130900112995,0.009700458320371723,12.5,47.49993896484375,1
2009-10-20,1057.800048828125,1066.199951171875,1054.0,1065.5,231,1057.2000034877233,1021.9333414713542,1043.7720943922257,72.47298583629329,18.524501280397544,17.840859220994613,0.0004729026547896087,0.009219080400374956,12.199951171875,19.2000732421875,1
2009-10-21,1063.699951171875,1064.0,1047.5,1053.699951171875,35,1058.2000034877233,1024.213340250651,1046.4291419628457,79.66734057483765,18.512178107490854,17.975122998293863,0.005577521338069769,0.008562375709880566,16.5,20.39990234375,0
2009-10-23,1055.5999755859375,1065.9000244140625,1050.199951171875,1063.800048828125,116,1056.1000104631696,1027.983339436849,1048.965891239246,69.62668655602289,16.900727754303944,17.735569986065173,-0.0020798573838456402,0.008647365405845493,15.7000732421875,7.7999267578125,0
2009-10-26,1042.0999755859375,1055.5999755859375,1039.9000244140625,1055.5999755859375,76,1055.0,1029.3900044759114,1048.050435818805,51.929443938994254,14.91026271593364,17.170508532038866,-0.012788935498512566,0.007717393569580004,15.699951171875,-14.5999755859375,0
2009-10-27,1034.699951171875,1042.0999755859375,1034.699951171875,1039.5,100,1052.7142857142858,1030.3800028483072,1046.2703711992144,45.396076483734795,12.590548698813109,16.254516565393715,-0.00710106955899481,0.00784846629016128,7.4000244140625,-29.5,0
2009-10-28,1029.9000244140625,1042.0999755859375,1028.0,1042.0999755859375,307,1048.7999965122767,1030.746669514974,1044.0876582945275,35.19157044665744,10.246726765131825,15.052958605341338,-0.004638955237579956,0.007074852501448928,14.0999755859375,-34.0,1
2009-10-29,1046.4000244140625,1047.300048828125,1032.4000244140625,1035.199951171875,234,1047.171421595982,1031.8833374023438,1044.3959737771322,49.26314220475253,9.609866540565235,13.96434019238612,0.01602097253020962,0.008306528141890417,14.9000244140625,-3.4000244140625,0
2009-10-30,1039.699951171875,1045.800048828125,1035.5999755859375,1045.5,148,1043.7428501674108,1032.9000020345052,1043.7698374297647,40.840497963736624,8.466909051393259,12.864853964187548,-0.006402975043831138,0.008076979831270257,10.2000732421875,-11.0,1
2009-11-02,1053.4000244140625,1061.800048828125,1043.5,1053.4000244140625,41,1043.1142752511162,1034.5566691080728,1045.0538623610046,44.545484810858596,8.567823880605374,12.005447947471113,0.013176949009900074,0.008693122320635065,18.300048828125,-3.9000244140625,1
2009-11-05,1088.699951171875,1092.300048828125,1086.0,1088.699951171875,63,1061.2999965122767,1042.390000406901,1059.6162106949357,65.96638655462185,14.561577918108924,12.54841458125423,0.0018404344252000993,0.011048860292769705,6.300048828125,30.89990234375,1
2009-11-06,1095.0999755859375,1100.0,1090.199951171875,1095.0999755859375,102,1070.6142752511162,1045.8866658528646,1064.3473793470694,65.90906989146217,16.132128313744033,13.265157327752192,0.005878593461103421,0.011039042474680402,9.800048828125,39.5,1
2009-11-10,1101.9000244140625,1108.5999755859375,1098.199951171875,1100.9000244140625,92,1087.2714320591517,1053.1233357747396,1073.5667071627015,66.02351080966773,18.696550984183887,15.050367893754947,0.0009992510330176785,0.011024980905604468,10.4000244140625,67.2000732421875,1
2009-11-11,1114.0,1117.5999755859375,1106.300048828125,1114.0,104,1095.9285714285713,1056.656669108073,1078.9578128743415,72.40824781607316,20.281614451617997,16.096617205327558,0.010981010361962529,0.010972695980495,11.2999267578125,84.0999755859375,0
2009-11-12,1106.0,1121.300048828125,1104.300048828125,1106.0,68,1099.028564453125,1060.206669108073,1082.5634378244292,69.20731565485755,20.654167146028158,17.00812719346768,-0.007181328545781018,0.011262424479294611,17.0,59.5999755859375,1
2009-11-13,1116.0999755859375,1118.199951171875,1105.0,1116.0999755859375,56,1103.2285679408483,1063.9700012207031,1087.0349761926304,78.95147563657065,21.51637409413297,17.909776573600737,0.009131985159075429,0.010323982295473433,13.199951171875,76.4000244140625,1
2009-11-19,1141.4000244140625,1144.800048828125,1135.5,1141.4000244140625,20,1127.9428536551338,1077.4866658528647,1110.144698754989,93.20306285320768,26.82472332025418,22.563138450634607,0.0006137225143809655,0.009349582095059416,9.300048828125,52.7000732421875,1
2009-11-20,1146.4000244140625,1147.9000244140625,1137.300048828125,1146.4000244140625,18,1132.5714285714287,1080.773331705729,1114.9787421761987,92.66055045871559,27.35970476274474,23.522451713056636,0.0043805851524900685,0.00917685503410205,10.5999755859375,51.300048828125,1
2009-11-24,1165.5,1169.800048828125,1167.5,1165.5,26,1147.9571533203125,1087.736669921875,1127.4142608769282,91.5611857811337,29.864266820795592,25.65041933023669,0.0010306202194896308,0.007017768072015032,2.300048828125,63.5999755859375,1
2009-11-25,1186.9000244140625,1186.9000244140625,1186.9000244140625,1186.9000244140625,205513,1154.8571602957588,1091.836669921875,1135.3456960152128,92.99475055236246,31.99047016038503,26.918429496266363,0.018361239308504862,0.0077861210667125634,0.0,72.9000244140625,0
2009-11-27,1174.199951171875,1195.0,1130.0999755859375,1190.800048828125,112015,1159.9142892020088,1095.9833333333333,1140.5262633694344,82.82153338391733,32.27862396940009,27.990468390893106,-0.010700204718975481,0.00900643418952192,64.9000244140625,68.199951171875,1
2009-11-30,1181.0999755859375,1183.699951171875,1163.699951171875,1179.9000244140625,14549,1165.6857212611608,1100.3300008138021,1145.9360916649682,82.99091143438048,32.68696723206472,28.929768159127427,0.0058763623752293714,0.00900921643241942,20.0,65.0,1
2009-12-01,1199.0999755859375,1202.699951171875,1176.0,1181.0,3787,1173.9285714285713,1105.0566650390624,1153.0246095210975,85.06489274377935,34.070290674527996,29.957872662207542,0.015240030795081738,0.009311962013707322,26.699951171875,60.5,1
2009-12-02,1212.0,1217.300048828125,1196.300048828125,1196.4000244140625,2145,1183.2999965122767,1110.1966634114583,1160.8879949182844,85.15060868712379,35.79488744823993,31.125275619414023,0.01075808913077414,0.00930315380321278,21.0,73.199951171875,1
2009-12-03,1217.4000244140625,1226.4000244140625,1204.5999755859375,1218.0,1530,1190.885707310268,1115.319999186198,1168.4229321843882,90.71633232708734,37.168919489754444,32.334004393482104,0.004455465688170346,0.008513437056830993,21.800048828125,76.7000732421875,0
2009-12-04,1168.800048828125,1211.199951171875,1147.0,1207.800048828125,4288,1191.357142857143,1119.019999186198,1168.4732144035531,65.031381022646,33.94494176055582,32.65619186689685,-0.03992112256555014,0.015086279728408206,64.199951171875,27.4000244140625,0
2009-12-07,1163.4000244140625,1165.5,1136.300048828125,1157.5999755859375,3669,1188.0,1122.6133341471354,1167.796789071621,57.83818527503596,30.601425161793486,32.245238525876175,-0.004620143898416806,0.014408136128094327,29.199951171875,17.0,0
2009-12-08,1142.800048828125,1169.300048828125,1125.300048828125,1159.5,784,1183.5142996651787,1125.9700032552084,1164.4638903724883,51.1198202163637,25.989823789391494,30.994155578579242,-0.01770670032116639,0.015312053533407383,44.0,-21.5,0
2009-12-09,1120.4000244140625,1147.0,1116.5,1130.300048828125,2256,1174.8428780691963,1128.8266723632812,1158.5887082446982,44.90208328607279,20.29366892853136,28.854058248569668,-0.01960100057488834,0.01620164992059177,30.5,-45.0999755859375,1
2009-12-10,1125.699951171875,1134.800048828125,1122.199951171875,1125.699951171875,344,1164.3571602957588,1132.0200032552084,1154.2035406349885,46.14627697666043,16.02238883385371,26.28772436562648,0.0047303879349558375,0.016273486411030453,12.60009765625,-61.2000732421875,0
2009-12-11,1119.4000244140625,1141.4000244140625,1110.800048828125,1132.699951171875,912,1151.1285923549108,1134.4533365885416,1149.5630718055318,43.41463414634146,11.99079472960716,23.428338438422617,-0.005596452901374116,0.016244559046632287,30.5999755859375,-54.7999267578125,1
2009-12-15,1122.4000244140625,1128.5999755859375,1111.9000244140625,1127.9000244140625,242,1131.057163783482,1139.5400065104166,1142.9064939426135,38.699538795876364,6.494127012907484,17.7340186760379,-0.0008012324178223729,0.01554266865950874,16.699951171875,-76.699951171875,1
2009-12-16,1135.5,1140.0,1122.4000244140625,1125.699951171875,205,1127.0714460100446,1141.246671549479,1141.9189614169318,35.91008291276859,5.49666712805265,15.286548366440849,0.011671396383634347,0.014940689095301711,17.5999755859375,-76.5,0
2009-12-17,1106.800048828125,1141.5,1095.699951171875,1141.5,422,1121.9285888671875,1141.9166748046875,1137.2364397384242,33.01412915340751,2.36308658771145,12.701856010694971,-0.02527516615752967,0.01598583165696584,45.800048828125,-110.5999755859375,1
2009-12-18,1110.800048828125,1115.199951171875,1097.800048828125,1110.800048828125,404,1120.557163783482,1142.6533447265624,1133.711587617051,32.02046786364332,0.2001606761880339,10.201516943793584,0.0036140222475009587,0.01588843723133776,17.39990234375,-58.0,0
2009-12-21,1095.4000244140625,1119.199951171875,1090.800048828125,1095.4000244140625,248,1116.2286028180804,1142.6633463541666,1128.6033791899858,23.120787021685373,-2.7252124063402334,7.616171073766822,-0.01386390325631448,0.015021856824666896,28.39990234375,-68.0,0
2009-12-22,1086.0,1097.4000244140625,1075.0,1095.300048828125,480,1111.4571707589287,1142.170011393229,1122.9229286313212,16.737047263277574,-5.735974319911747,4.945741995031108,-0.008581362246263047,0.01419570987643991,22.4000244140625,-56.800048828125,1
2009-12-23,1093.300048828125,1094.5999755859375,1080.0,1093.300048828125,168,1107.1714564732142,1141.8833455403646,1118.9732113242283,17.5640295087386,-7.44712606283224,2.4671683834584384,0.0067219602468922,0.014357189461498518,14.5999755859375,-27.0999755859375,1
2009-12-28,1107.199951171875,1111.9000244140625,1102.800048828125,1107.199951171875,350,1100.5142996651787,1141.5933430989583,1115.6847582852677,31.415298689115147,-7.813602037194187,-1.2383521400936417,0.002807694642228631,0.011769169303004772,9.0999755859375,-12.2000732421875,0
2009-12-29,1097.0,1105.199951171875,1097.0,1097.0,1038,1099.114292689732,1140.9566772460937,1113.1934571805655,33.73575555386013,-8.516472471916131,-2.6939762064581396,-0.009212384051389466,0.011182870965399513,8.199951171875,-26.300048828125,0
2009-12-30,1091.5,1097.0999755859375,1086.0,1091.5,399,1096.357142857143,1139.3866780598958,1110.3009962231567,38.33733831073699,-9.408847057844014,-4.036950376735314,-0.005013673655423934,0.010133265263952767,11.0999755859375,-30.9000244140625,1
2009-12-31,1095.199951171875,1106.0999755859375,1094.0,1095.199951171875,149,1096.3285609654017,1137.9333414713542,1108.2875235496526,37.53064239230247,-9.705624807377944,-5.170685262863841,0.0033897857735913917,0.010072789343991738,12.0999755859375,-40.300048828125,1
2010-01-05,1118.0999755859375,1126.5,1115.0,1118.0999755859375,53,1104.3999720982142,1136.3900065104167,1110.6835087908364,48.07404520584238,-6.598491767597807,-5.914163446781231,0.00035789964349830505,0.01159552639013796,11.5,7.2999267578125,1
2010-01-07,1133.0999755859375,1133.0999755859375,1129.199951171875,1133.0999755859375,56,1112.6428397042412,1135.0000040690104,1116.5862795022006,49.15253360598007,-2.1059668243481156,-4.843011211773747,-0.0024650486556414553,0.01199839595037099,3.9000244140625,47.0999755859375,1
2010-01-08,1138.199951171875,1138.199951171875,1122.699951171875,1138.199951171875,54,1118.5285470145088,1134.0900024414063,1119.4681023914904,63.305043365995765,-0.2071008986642937,-3.915829149151856,0.004500905212093231,0.009586063965092602,15.5,44.89990234375,1
2010-01-11,1150.699951171875,1161.199951171875,1143.0,1150.699951171875,177,1126.9856828962054,1132.8833333333334,1123.6323488955418,65.770712388834,2.2801256915286103,-2.676638181015763,0.010982253150801924,0.009876826902819118,18.199951171875,46.5999755859375,0
2010-01-12,1128.9000244140625,1157.199951171875,1127.199951171875,1128.9000244140625,51,1131.7999790736608,1131.3733357747396,1124.3347056313446,62.6034705102157,2.463797658247131,-1.6485510131631842,-0.018944927159865954,0.01059440088587646,30.0,21.7000732421875,1
2010-01-13,1136.4000244140625,1136.4000244140625,1121.0,1136.4000244140625,58,1134.4714181082588,1129.8833374023438,1125.9434148023736,69.23666846510883,3.1779133283741885,-0.6832581448557096,0.006643635253611446,0.010175015771239262,15.4000244140625,39.4000244140625,1
2010-01-14,1142.5999755859375,1145.9000244140625,1132.800048828125,1137.0,81,1137.9714181082588,1128.0000040690104,1128.1642895735154,68.97613939532336,4.195773125479263,0.29254810921128505,0.005455782329001346,0.010147789362538896,13.0999755859375,51.0999755859375,0
2010-01-15,1130.0999755859375,1133.4000244140625,1127.199951171875,1132.800048828125,50,1137.1428397042412,1125.2700032552084,1128.4223810418384,59.87843044859962,3.9482755519809416,1.0236935977652164,-0.01093996172509093,0.01060922281717276,6.2000732421875,34.9000244140625,1
2010-01-19,1139.699951171875,1139.699951171875,1130.5,1139.699951171875,22,1138.085693359375,1122.680000813802,1129.9260570591766,61.766848107598776,4.475182621742306,1.7139914025606344,0.008494802047013694,0.010762010716327649,9.199951171875,22.0,0
2010-01-20,1112.300048828125,1133.0,1109.800048828125,1123.300048828125,28,1134.385707310268,1120.7966674804688,1127.5759226283699,54.92597169034189,2.6512551233731756,1.9014441467231427,-0.02404132975137585,0.012545385026503179,23.199951171875,-5.7999267578125,0
2010-01-21,1102.699951171875,1107.5,1090.199951171875,1102.699951171875,99,1127.528564453125,1118.773331705729,1124.2591264341706,53.513161240124866,0.42621860793155975,1.6063990389648262,-0.008630852499165398,0.012716247341233165,17.300048828125,-33.2000732421875,0
2010-01-22,1089.199951171875,1095.4000244140625,1083.0,1089.199951171875,58,1121.8571254185267,1116.986661783854,1119.5845697325312,48.226949842939035,-2.3988238883025588,0.8053544535113493,-0.012242677607497088,0.013150715686010913,12.4000244140625,-43.9000244140625,1
2010-01-26,1097.9000244140625,1097.9000244140625,1097.9000244140625,1097.9000244140625,4,1109.585693359375,1115.2199951171874,1113.8755188786151,43.48388671874999,-5.181715070868904,-1.177909246869162,0.0024653701265220374,0.01190496875034992,0.0,-52.7999267578125,0
2010-01-29,1083.0,1090.800048828125,1074.5,1085.0,11456,1090.8571254185267,1111.416658528646,1103.3083596168256,30.859927231847323,-9.563805307116809,-4.7746073915197975,-0.000553687337998543,0.010974580212608312,16.300048828125,-59.5999755859375,1
2010-02-01,1104.300048828125,1107.300048828125,1076.800048828125,1081.0,2452,1091.0857107979912,1110.37666015625,1103.4405848449987,34.83663322099673,-8.602097223496457,-5.54010535791513,0.019667635113688853,0.01204846434986858,30.5,-25.7999267578125,1
2010-02-02,1117.4000244140625,1118.5,1100.199951171875,1117.4000244140625,3326,1095.114292689732,1110.7299926757812,1105.3018434542073,46.015247363603606,-6.7055803337648285,-5.77320035308507,0.011862695831480918,0.011694448891843087,18.300048828125,-22.2999267578125,0
2010-02-03,1111.4000244140625,1124.9000244140625,1108.5999755859375,1115.800048828125,853,1097.4285888671875,1110.7499918619792,1106.1149342488548,41.24650159255542,-5.621920886439284,-5.742944459755913,-0.005369607901294149,0.011556657302591786,16.300048828125,-0.9000244140625,0
2010-02-04,1062.4000244140625,1110.699951171875,1059.0,1110.0,1426,1092.3571602957588,1109.649991861979,1100.286279604216,28.3944210739551,-8.617664386267734,-6.317888445058277,-0.04408853601189466,0.015989836462807425,51.699951171875,-40.2999267578125,0
2010-02-05,1052.199951171875,1068.5,1045.199951171875,1052.199951171875,1956,1087.7571498325892,1108.5233235677083,1093.8747691465705,28.750695094216482,-11.680230926692047,-7.390356941385031,-0.00960097233413848,0.01595595739157192,23.300048828125,-37.0,1
2010-02-08,1065.699951171875,1073.4000244140625,1061.5999755859375,1065.699951171875,549,1085.2000034877233,1107.6033203125,1090.1181267499446,30.235063356512754,-12.869646524726022,-8.48621485805323,0.012830261002164667,0.01627621783643125,11.800048828125,-29.5,1
2010-02-10,1075.800048828125,1081.0999755859375,1063.300048828125,1075.800048828125,640,1080.2285679408483,1105.6433227539062,1086.658504960236,41.70268780442254,-12.631248411106071,-10.001806283586959,-0.0008357967721374093,0.01560213533807604,17.7999267578125,-8.5999755859375,1
2010-02-11,1094.199951171875,1097.0999755859375,1075.5999755859375,1076.800048828125,1491,1076.914271763393,1105.5499877929688,1087.664031121788,51.49700598802396,-10.90502188417122,-10.18244940370381,0.01710345929412549,0.016034551250358065,21.5,10.5999755859375,0
2010-02-12,1089.5,1092.0,1079.800048828125,1089.5,197,1073.7856968470983,1105.4833211263021,1087.9088269722163,48.280038367071505,-9.803216329666157,-10.10660278889628,-0.0042953311840686625,0.01601062137715838,12.199951171875,6.5,1
2010-02-19,1121.300048828125,1126.199951171875,1099.699951171875,1121.300048828125,137,1105.3714425223213,1105.8566609700522,1101.7265926181549,60.470221235039865,0.20454535376097738,-5.506983360241891,0.002951743137857843,0.017181049806225056,26.5,58.9000244140625,0
2010-02-22,1112.5999755859375,1127.4000244140625,1110.0,1112.5999755859375,124,1110.6285749162946,1105.1733276367188,1103.1763770138593,52.43685564516302,0.9882605693555888,-4.207934574322396,-0.007758916314397735,0.016643429118030958,17.4000244140625,60.4000244140625,0
2010-02-23,1102.699951171875,1118.300048828125,1102.5999755859375,1116.4000244140625,152,1111.8428606305804,1103.9899943033854,1103.1128535682615,45.6014137073804,0.8012746959007018,-3.2060927202777765,-0.008898098715891867,0.01649319536824528,15.7000732421875,37.0,0
2010-02-24,1096.5,1096.5,1096.5,1096.5,751,1112.8428606305804,1102.183329264323,1102.23113975916,45.54691245154215,0.15106145716526953,-2.5346618847891675,-0.005622518768851004,0.016498702082639646,0.0,19.800048828125,1
2010-02-25,1107.800048828125,1108.199951171875,1088.699951171875,1107.800048828125,386,1111.2000034877233,1101.4799967447916,1102.9736609683555,67.51544481733248,0.5413420289787609,-1.919461102035582,0.010305562086753373,0.011026868041697871,19.5,32.0,1
2010-03-01,1117.800048828125,1121.9000244140625,1113.5999755859375,1119.300048828125,184,1111.0000174386162,1100.05,1106.721561946787,72.28406380659202,2.5105191349432516,-0.4577824617651086,-0.00044710719678853206,0.010288706779244594,8.300048828125,28.300048828125,1
2010-03-02,1136.9000244140625,1137.4000244140625,1115.699951171875,1136.9000244140625,155,1113.2285853794642,1100.2766682942708,1110.7453569424238,74.08005281255157,4.657377677770228,0.5652495661419588,0.017087112857045783,0.01078260426060965,21.7000732421875,17.5999755859375,1
2010-03-03,1142.699951171875,1145.0,1133.699951171875,1142.699951171875,170,1117.5285818917412,1100.3766682942708,1115.0059695063508,75.75055913695566,6.748986047528206,1.8019968624192082,0.005101527516284232,0.010696433757541968,11.300048828125,23.199951171875,0
2010-03-05,1134.800048828125,1134.800048828125,1134.800048828125,1134.800048828125,129,1127.271449497768,1102.1233357747396,1119.678265229562,69.01763714706232,8.187478453999574,3.991590158540589,0.0019424980483946364,0.010387955103177719,0.0,13.5,0
2010-03-09,1122.0,1124.0,1113.0999755859375,1122.0,27,1130.0571463448662,1104.1633382161458,1120.4410052845792,51.2266910727078,7.165324608798073,5.225337884690344,-0.001423972606534707,0.008211433847156375,10.9000244140625,19.300048828125,0
2010-03-11,1108.0,1108.0,1108.0,1108.0,46,1124.5,1105.2800048828126,1117.3214718338895,44.035852543441706,4.15617105895376,5.056140278262626,0.00018049391863317332,0.008846773650521222,0.0,0.199951171875,0
2010-03-12,1101.5,1117.4000244140625,1099.9000244140625,1101.5,135,1118.614292689732,1105.8766723632812,1115.2119422560377,44.92224015367691,2.5340534760116498,4.551722917812431,-0.005866425992779756,0.008746409869139757,17.5,-16.800048828125,1
2010-03-15,1105.0999755859375,1107.0999755859375,1101.4000244140625,1105.0999755859375,21,1114.6857212611608,1106.6133382161458,1113.8636800333577,51.16506177594737,1.5214630691546063,3.9456709480808665,0.0032682483757944247,0.008467070402212036,5.699951171875,-12.7000732421875,1
2010-03-17,1124.0,1131.4000244140625,1118.0,1124.0,29,1112.9428536551338,1107.430000813802,1116.1784918049166,57.75860456197295,2.62842592927268,3.382896194685386,0.0016040357391258198,0.008860154691516109,13.4000244140625,-18.699951171875,1
2010-03-18,1127.4000244140625,1127.800048828125,1121.0999755859375,1127.4000244140625,86,1113.7142857142858,1107.9633341471354,1117.6746961528027,54.67624996706734,3.3033852793798815,3.3669940116242856,0.0030249327527247516,0.008551782601263666,6.7000732421875,-5.199951171875,0
2010-03-19,1107.4000244140625,1107.4000244140625,1107.4000244140625,1107.4000244140625,54,1113.6571393694196,1109.4633341471354,1116.3047399209706,45.54793196248007,2.1991125732886303,3.133417723957155,-0.017739932204094533,0.009864746609314336,0.0,-27.4000244140625,0
2010-03-22,1099.300048828125,1099.300048828125,1099.300048828125,1099.300048828125,71,1112.4142892020088,1111.0333374023437,1114.037447775258,32.23062305515205,0.6627286391731104,2.639279907000346,-0.007314407989311045,0.008565145920258975,0.0,-24.2999267578125,1
2010-03-23,1103.5,1103.5,1103.5,1103.5,16,1112.7000034877233,1112.293339029948,1112.632454738557,31.190033809509316,-0.2135045905304196,2.068723007494193,0.0038205685302681314,0.008485720069788566,0.0,-18.5,0
2010-03-24,1088.5999755859375,1092.4000244140625,1085.5,1088.5999755859375,9,1110.3428606305804,1112.6900065104167,1109.4281241848744,29.81651376146789,-2.0861849420975886,1.2377414175758368,-0.013502514194891235,0.008839695419108819,6.9000244140625,-19.2000732421875,1
2010-03-25,1092.699951171875,1092.699951171875,1086.699951171875,1092.699951171875,8,1106.1285749162946,1113.2533365885417,1107.1977011164745,31.018875235004813,-3.202546880862201,0.34968375788822925,0.0037662830037550332,0.00892780053995243,6.0,-15.300048828125,1
2010-03-26,1104.199951171875,1104.199951171875,1104.199951171875,1104.199951171875,5,1103.2999965122767,1113.586669921875,1106.7980011238612,41.276954033650625,-3.123314247348617,-0.34491584315914,0.010524389598138839,0.009316231083735027,0.0,2.699951171875,1
2010-03-29,1110.300048828125,1110.300048828125,1110.300048828125,1110.300048828125,158733,1100.857142857143,1114.2800048828126,1107.264940817763,44.943839192077775,-2.5390265961218574,-0.7837379937516835,0.00552445021372816,0.009487067287340648,0.0,5.2000732421875,0
2010-03-30,1104.5,1112.9000244140625,1101.0999755859375,1109.699951171875,56533,1100.4428536551338,1113.786669921875,1106.8962820420613,48.462233305498735,-2.5149985525765715,-1.1299901055166612,-0.005223857131454457,0.008960302448859,11.800048828125,-17.699951171875,1
2010-03-31,1113.300048828125,1118.699951171875,1102.0,1103.0999755859375,5950,1102.4428536551338,1113.5800048828125,1107.7501176135365,52.28647201444198,-1.7655140130532345,-1.257094887023976,0.007967450274445342,0.009221981939834535,16.699951171875,-10.699951171875,1
2010-04-01,1125.0999755859375,1127.699951171875,1111.300048828125,1125.0999755859375,2696,1105.528564453125,1113.816670735677,1110.0634320098566,59.73595764203004,-0.21688650980559032,-1.0490532115802988,0.010599053480895071,0.009411997971715486,16.39990234375,-2.300048828125,1
2010-04-06,1135.0999755859375,1138.5,1122.699951171875,1130.800048828125,2490,1117.9142892020088,1114.9533365885416,1116.0405329422647,55.83710867118051,3.2181799850641255,0.23162168481650158,0.001941875827050854,0.00866955767491139,15.800048828125,35.7999267578125,1
2010-04-08,1152.199951171875,1152.300048828125,1144.0,1152.199951171875,254,1130.7714320591517,1118.4633382161458,1125.0517772085789,60.11414449873101,7.757299708385062,2.6284732354993228,-8.686770112675823e-05,0.009484521303572777,8.300048828125,63.5999755859375,1
2010-04-12,1161.5999755859375,1169.0,1154.5999755859375,1161.5999755859375,483,1145.7571323939733,1121.6833333333334,1134.0904399158326,79.98063798315458,11.521007488143823,5.571795699060736,0.00043062613944822026,0.007212219224263862,14.4000244140625,57.4000244140625,0
2010-04-13,1152.800048828125,1157.0,1145.0,1152.800048828125,278,1149.7142857142858,1122.85,1136.5850544374716,72.71886538993783,11.951030580469705,6.847642675342531,-0.0075756946821332605,0.007845623565067652,12.0,42.5,1
2010-04-15,1159.699951171875,1159.800048828125,1151.0,1157.5,179,1156.9571358816963,1124.1533325195312,1142.2572121559508,84.7509845386281,13.102802957720314,9.02646505231029,0.0006039268092106198,0.006301063326377582,8.800048828125,46.39990234375,0
2010-04-20,1138.5999755859375,1145.800048828125,1136.0,1138.5999755859375,80,1149.028564453125,1124.7899983723958,1140.3574760240692,66.89790254460283,8.896219422720606,9.454005755207097,0.002995088583779948,0.00856004033249641,9.800048828125,3.5,1
2010-04-21,1148.199951171875,1150.0,1138.4000244140625,1148.199951171875,68,1147.1142752511162,1125.663330078125,1141.4031393771102,67.15826897732155,8.753050940659023,9.313814792297483,0.008431385729652074,0.008584911934849827,11.5999755859375,-4.10009765625,0
2010-04-22,1142.300048828125,1144.0,1133.5999755859375,1142.300048828125,213,1145.6142752511162,1126.813330078125,1141.5227273039122,58.977080580484284,8.070484553323922,9.065148744502771,-0.005138392784051593,0.008435433254084176,10.4000244140625,-9.89990234375,1
2010-04-26,1153.5,1160.0999755859375,1151.4000244140625,1160.0999755859375,108,1143.885707310268,1130.0499959309896,1144.4575123537581,59.48456060295259,8.426485380592794,8.81583572910408,0.0003469121693973065,0.008595960246638461,8.699951171875,-8.0999755859375,1
2010-04-27,1161.699951171875,1170.699951171875,1148.5999755859375,1152.800048828125,213,1147.5142647879463,1131.936661783854,1146.7565041961739,55.34086842170971,9.079552275428341,8.868579038368932,0.007108756976051067,0.007824624092511475,22.0999755859375,8.89990234375,1
2010-04-29,1168.4000244140625,1171.199951171875,1164.0,1168.4000244140625,166,1156.9285714285713,1135.0533325195313,1152.47844982714,53.98910836403999,10.825182065328363,9.481497149201676,-0.0024759022395363095,0.007906559782056975,7.199951171875,8.7000732421875,1
2010-05-03,1182.699951171875,1187.5,1177.300048828125,1178.5999755859375,90,1167.2571323939733,1139.3199951171875,1159.6998040941212,65.49221657478691,13.138171940984876,10.629072075671832,0.0022031824758292906,0.007917755886831941,10.199951171875,47.5,0
2010-05-04,1168.5999755859375,1191.800048828125,1168.300048828125,1168.5999755859375,94,1169.4714181082588,1141.6299926757813,1160.8864936263635,54.59769913346265,12.690368859432283,11.041331432423924,-0.011921853528417348,0.008643200631876825,23.5,30.0,1
2010-05-05,1174.5999755859375,1177.199951171875,1159.199951171875,1174.5999755859375,98,1172.4857003348213,1143.9999918619792,1162.7149578876401,56.791270568100764,12.673538879761054,11.367772921891351,0.0051343489006934195,0.0087267867217411,18.0,26.4000244140625,1
2010-05-06,1196.9000244140625,1210.5999755859375,1175.9000244140625,1196.9000244140625,79,1177.5142822265625,1147.6099934895833,1167.2729667578299,77.9005475180717,14.294846478789168,11.953187633270916,0.018985228411060318,0.007643758380774003,34.699951171875,54.5999755859375,1
2010-05-07,1210.0,1210.800048828125,1194.5999755859375,1210.0,112,1183.0428466796875,1151.5199951171876,1172.9699045234527,81.01166653508159,16.44720978427017,12.851992063470767,0.01094492047683815,0.0077411736023328395,16.2000732421875,56.9000244140625,0
2010-05-10,1200.4000244140625,1203.800048828125,1189.199951171875,1200.4000244140625,118,1187.6142752511162,1154.7266642252605,1176.6272538422006,74.36914196375623,17.180291702970635,13.71765199137074,-0.00793386412060948,0.008435003374810462,14.60009765625,46.9000244140625,1
2010-05-11,1219.9000244140625,1233.5,1201.5,1219.9000244140625,201,1193.2999965122767,1158.3799967447917,1182.3969565851155,76.2253704753783,19.114412389098334,14.797004070916259,0.016244584807900475,0.009003231268722515,32.0,58.2000732421875,1
2010-05-12,1242.699951171875,1246.5,1227.0999755859375,1242.699951171875,213,1201.8714250837054,1162.986661783854,1190.4373558633501,82.68229104578435,22.23071862370648,16.283746981474305,0.018689996148466115,0.009313688780917193,19.4000244140625,71.39990234375,0
2010-05-17,1227.699951171875,1235.9000244140625,1225.199951171875,1233.300048828125,49,1222.4142892020088,1173.4066609700521,1203.5188962620787,72.02940121907494,23.898334935096045,19.9051907249503,0.0002443594197871768,0.010400973599530619,10.7000732421875,45.0,0
2010-05-18,1214.300048828125,1216.0999755859375,1208.199951171875,1214.300048828125,73,1223.0285818917412,1176.0466634114584,1204.956383270885,63.99743143064227,22.650977898472547,20.454348159654753,-0.010914639469488785,0.011040216906880377,7.9000244140625,45.7000732421875,0
2010-05-19,1192.5999755859375,1192.5999755859375,1192.5999755859375,1192.5999755859375,75,1221.9142892020088,1177.3899943033855,1203.3088622462253,57.018561238492154,19.68451309093234,20.300381145910272,-0.017870437593352162,0.012284904649617682,0.0,18.0,0
2010-05-20,1187.800048828125,1191.800048828125,1179.4000244140625,1187.800048828125,297,1217.328578404018,1178.5766642252604,1201.2410204571454,52.32631126302117,16.75313467595811,19.59093185191984,-0.004024758390133498,0.012111347910303284,12.4000244140625,-9.0999755859375,0
2010-05-21,1175.699951171875,1175.699951171875,1175.699951171875,1175.699951171875,177,1207.7571498325892,1179.063330078125,1197.8355445524428,47.999997209817536,13.300301806451671,18.332805842826208,-0.010186981948845597,0.012428425916006233,0.0,-34.300048828125,1
2010-05-24,1193.800048828125,1193.800048828125,1193.800048828125,1193.800048828125,14,1202.7571498325892,1180.1366658528646,1197.2974784558671,57.0391314043483,11.887402911964273,17.043725256653822,0.015395167481472516,0.012615276364030554,0.0,-6.5999755859375,1
2010-05-25,1197.800048828125,1200.0,1195.5999755859375,1197.800048828125,9,1198.5285818917412,1181.6366658528646,1197.3644878388347,56.55369752610893,10.964050183668178,15.827790242056695,0.0033506448621161145,0.012585795420740906,4.4000244140625,-22.0999755859375,1
2010-05-28,1212.199951171875,1214.800048828125,1201.0999755859375,1210.4000244140625,12895,1198.9285888671875,1187.7166666666667,1202.6181285436012,53.954403577024244,11.35836535417343,13.655001779791565,0.00024748473617486333,0.011459384002278259,13.7000732421875,-15.2000732421875,1
2010-06-01,1224.800048828125,1228.199951171875,1209.300048828125,1224.800048828125,4547,1204.2143031529017,1190.7033365885416,1205.575717914871,51.721724151833925,12.189565253893079,13.361914474611869,0.010394405348778557,0.010946477524401445,18.89990234375,-2.89990234375,0
2010-06-02,1220.5999755859375,1225.800048828125,1213.199951171875,1220.5999755859375,2799,1210.6285923549108,1193.436669921875,1207.5789522710131,41.06711297467511,12.366829244281007,13.162897428545698,-0.003429190949335803,0.009609102259843615,12.60009765625,6.2999267578125,0
2010-06-03,1208.300048828125,1224.0,1201.0,1208.300048828125,1552,1212.7000209263392,1195.4400065104167,1207.6750984786281,41.605248319410066,11.383588022516506,12.807035547339861,-0.010076951502401954,0.00952504661303953,23.0,15.7000732421875,1
2010-06-04,1216.199951171875,1220.4000244140625,1196.9000244140625,1207.5999755859375,1070,1215.328578404018,1197.9033365885416,1208.8117455043944,45.64538282719074,11.113706477074402,12.468369733286771,0.0065380303107756,0.009744726154067851,23.5,28.39990234375,1
2010-06-07,1239.300048828125,1244.699951171875,1211.0,1239.300048828125,859,1219.0428641183037,1200.7766723632812,1212.876852614225,53.83094003724995,12.618351729125834,12.498366132454585,0.018993667639923606,0.01106956019827583,33.699951171875,63.60009765625,1
2010-06-08,1244.0,1252.0999755859375,1234.0999755859375,1241.5,763,1223.6285749162946,1203.793339029948,1217.026605598995,60.40641573994867,14.02833084653389,12.804359075270447,0.003792423938270062,0.010565997540873591,18.0,50.199951171875,0
2010-06-09,1228.5,1238.199951171875,1222.0,1237.0,446,1225.9571533203125,1206.0200073242188,1218.556391519129,63.15018033301467,13.73668108556808,12.990823477329975,-0.012459807073954998,0.009867869487325568,16.199951171875,30.699951171875,0
2010-06-10,1220.800048828125,1233.5,1215.0999755859375,1232.800048828125,488,1225.3857247488838,1207.6700073242187,1218.855545826995,61.83642945586821,12.73739606727645,12.94013799531927,-0.006267766521672824,0.00999351909601931,18.4000244140625,7.5,1
2010-06-11,1228.9000244140625,1229.5999755859375,1218.0,1228.9000244140625,481,1226.5714460100446,1209.6866739908853,1220.194809638604,69.64551833443473,12.455476842509825,12.843205764757382,0.0066349731831292225,0.009408983855835107,11.5999755859375,17.0,0
2010-06-14,1223.300048828125,1232.699951171875,1217.699951171875,1223.199951171875,989,1228.7143031529017,1211.1266764322916,1220.6088415305403,62.001636875792116,11.645935501805752,12.603751712167057,-0.004556900866372393,0.008919181034099081,15.0,11.10009765625,1
2010-06-15,1233.199951171875,1236.0,1222.4000244140625,1222.5999755859375,251,1231.1428745814733,1212.810009765625,1222.287656149385,63.7422189535298,11.668698051447109,12.416740980023068,0.008092783412568139,0.009072073263219297,13.5999755859375,8.39990234375,0
2010-06-16,1229.300048828125,1229.300048828125,1229.300048828125,1229.300048828125,318,1229.7143031529017,1214.8333455403647,1223.2226418398836,56.825955629621916,11.242452021021563,12.181883188222768,-0.003162424990403201,0.008603472251447718,0.0,8.7000732421875,1
2010-06-17,1247.5,1251.0999755859375,1233.9000244140625,1233.9000244140625,266,1230.2143031529017,1217.2633463541667,1226.459622927899,63.28360928283496,12.232227423760605,12.191952035330337,0.01480513336774436,0.009327167782878907,17.199951171875,39.199951171875,1
2010-06-18,1257.199951171875,1261.5,1242.9000244140625,1247.699951171875,130,1234.3142961774554,1219.2733439127603,1230.5583333604293,65.69041396746486,13.642079158435081,12.481977459951286,0.0077755119614228985,0.009427959985045465,18.5999755859375,41.0,0
2010-06-22,1239.9000244140625,1242.800048828125,1232.0999755859375,1239.9000244140625,172,1238.5857107979912,1221.580008951823,1232.8602568924587,56.687493972601345,12.710645866137384,12.641824694040704,0.00016138844080648695,0.010032982913581729,10.7000732421875,-4.0999755859375,0
2010-06-23,1234.0999755859375,1245.0999755859375,1226.9000244140625,1233.9000244140625,100,1240.1285574776787,1222.053340657552,1233.0255527182558,59.36138830939314,11.723486869226917,12.458157129077946,-0.004677835885087522,0.009664501842123117,18.199951171875,5.5999755859375,1
2010-06-24,1245.5,1248.0999755859375,1230.699951171875,1236.4000244140625,253,1241.885707310268,1222.1466756184896,1234.6888123558217,60.368042932870736,11.725874367706638,12.311700576803686,0.009237520978517155,0.009797612454594996,17.4000244140625,24.699951171875,1
2010-06-25,1255.800048828125,1256.9000244140625,1243.699951171875,1246.699951171875,159,1245.671421595982,1223.0466756184896,1237.5036438854622,56.42024566103337,12.415773033799724,12.332515068202893,0.008269810379867515,0.008703592749956055,13.2000732421875,26.9000244140625,0
2010-06-28,1238.199951171875,1238.199951171875,1238.199951171875,1238.199951171875,351,1244.3428431919642,1223.4066731770833,1237.596484856984,47.94906193993514,11.410805246521477,12.148173103866611,-0.014015047755949639,0.009523601587696476,0.0,14.89990234375,1
2010-06-30,1245.5,1246.199951171875,1236.699951171875,1245.5,73,1243.0,1224.92333984375,1239.1591375148014,59.840617996762944,10.471438328698014,11.596564444797252,0.0028180354267310914,0.008651339280583493,9.5,16.199951171875,0
2010-07-02,1207.4000244140625,1211.5999755859375,1200.800048828125,1201.4000244140625,169,1234.3857247488838,1226.033341471354,1231.1275388531317,44.77316667776883,4.235621794351346,9.384179487477006,0.0009118590246315339,0.0121504823615563,10.7999267578125,-49.7999267578125,0
2010-07-06,1194.800048828125,1211.800048828125,1190.5,1207.300048828125,52,1227.1428745814733,1226.670011393229,1226.2838735164642,37.59693467978633,1.039643380810503,7.715272266143706,-0.010435626413087151,0.012108755107643376,21.300048828125,-44.89990234375,1
2010-07-08,1195.800048828125,1203.300048828125,1189.300048828125,1195.800048828125,93,1212.914306640625,1226.7633422851563,1219.0203353527138,31.44295296132134,-3.116626092943534,4.126761345651563,-0.0023359976763254187,0.011221120638882117,14.0,-38.2999267578125,1
2010-07-09,1209.5999755859375,1213.0,1195.0,1209.5999755859375,22,1208.2857317243304,1226.6400065104167,1217.7642873838104,33.4030796785312,-3.503006467583873,2.6008077830044756,0.011540329649038172,0.011538793647812021,18.0,-35.9000244140625,0
2010-07-12,1198.5,1198.5,1198.5,1198.5,45,1201.5714460100446,1226.193339029948,1215.1957157326356,34.96352147011861,-4.651273970609736,1.150391432281633,-0.009176567303219918,0.011249734172837603,0.0,-57.300048828125,1
2010-07-13,1213.300048828125,1217.4000244140625,1205.199951171875,1213.300048828125,53,1202.5714460100446,1226.2300089518228,1214.9429601453674,41.22691956805139,-4.317277105259791,0.05685772477334827,0.012348810035982538,0.011911269510664256,12.2000732421875,-24.89990234375,0
2010-07-15,1208.0999755859375,1208.0999755859375,1208.0999755859375,1208.0999755859375,32,1204.3857247488838,1225.2133422851562,1213.0896035630067,36.84948334665349,-4.532334722587848,-1.5940647892911624,0.0010771683006434163,0.011553535823180893,0.0,-37.4000244140625,0
2010-07-16,1188.0,1188.0,1188.0,1188.0,46,1202.8714425223213,1224.5366739908854,1209.7443230879392,27.697316536859674,-6.089912310258114,-2.493234293484553,-0.016637675682584896,0.011747856534264084,0.0,-18.300048828125,0
2010-07-19,1181.699951171875,1182.199951171875,1180.0,1181.699951171875,4,1200.857142857143,1223.3866739908854,1206.0050734991307,29.921777666725674,-7.743403918679178,-3.543268218523478,-0.005303071404145654,0.01139584533537041,2.199951171875,-25.7000732421875,1
2010-07-21,1191.5999755859375,1194.5,1184.0999755859375,1191.5999755859375,24,1197.2857142857142,1220.0466715494792,1202.4082519508056,31.19325059565844,-8.401127485206189,-5.2549348138352885,8.390733188212707e-05,0.011620645734953531,10.4000244140625,-7.0,1
2010-07-22,1195.5,1196.0,1194.4000244140625,1195.5,79,1194.7428501674108,1218.946671549479,1201.4871516906983,44.99996609150321,-8.17625075310707,-5.839198001689645,0.0032729309281369634,0.008340228230770684,1.5999755859375,-0.300048828125,0
2010-07-23,1187.699951171875,1198.5999755859375,1187.699951171875,1187.699951171875,32,1192.0142647879463,1217.8433349609375,1199.6488582881884,41.41233539905984,-8.52911474982443,-6.377181351316603,-0.006524507593580142,0.008471627563812695,10.9000244140625,-21.9000244140625,0
2010-07-26,1183.0,1183.0,1183.0,1183.0,37,1188.4285539899554,1216.3133341471355,1197.42901051643,44.475622468293665,-9.083302137033797,-6.918405508460042,-0.003957187307482513,0.008093364517824506,0.0,-15.5,0
2010-07-28,1160.4000244140625,1160.4000244140625,1160.4000244140625,1160.4000244140625,206828,1181.0999930245537,1211.7100016276042,1187.9355711542157,36.128514425059244,-12.908385543202712,-8.83478193230376,0.0020725599430591046,0.009733164461302773,0.0,-46.4000244140625,1
2010-07-29,1168.4000244140625,1169.199951171875,1158.699951171875,1163.800048828125,54384,1177.7999965122767,1209.680000813802,1185.330831588862,33.08705473919257,-13.298398722241927,-9.727505290291395,0.0068941742775638915,0.009301955780438919,10.5,-39.699951171875,1
2010-08-03,1185.199951171875,1190.5,1180.0,1185.199951171875,598,1174.2999965122767,1203.2100016276042,1184.7266394209341,39.830457821354265,-10.356901876718894,-10.462617337034557,0.001520979145410939,0.00900543108397752,10.5,-6.300048828125,1
2010-08-05,1197.199951171875,1199.300048828125,1190.0,1197.199951171875,214,1181.4285539899554,1200.4399983723958,1187.4266636789462,54.75203849752707,-7.095093733347767,-9.513557100636053,0.002932060101505485,0.00810276340423167,9.300048828125,1.699951171875,1
2010-08-09,1200.699951171875,1209.5,1199.800048828125,1205.800048828125,658,1192.1856863839287,1197.1999959309896,1191.0422459185056,55.133895728088675,-3.9255812738629174,-7.710687398026033,-0.0022437038286601263,0.007788209914713206,9.699951171875,17.699951171875,0
2010-08-11,1197.5,1208.0,1193.0,1197.5,351,1196.2713971819196,1194.3166625976562,1192.4992812919834,51.094090150250416,-2.522141387939655,-5.9540483652935166,0.0010868156505534632,0.007831925672487678,15.0,37.0999755859375,1
2010-08-13,1214.9000244140625,1214.9000244140625,1214.9000244140625,1214.9000244140625,138,1203.528564453125,1193.5799967447917,1198.0630246235482,66.56280778966928,0.9763387997807058,-3.7063053878809944,8.22979765551235e-05,0.008301103540085219,0.0,33.2000732421875,1
2010-08-18,1229.699951171875,1231.5999755859375,1218.0,1229.699951171875,169,1214.885707310268,1196.2466593424479,1208.226498845569,90.48868391559903,6.121059882685586,0.44150997764513544,0.0025272914133693813,0.005060312362924236,13.5999755859375,36.0,1
2010-08-19,1233.800048828125,1237.5999755859375,1228.800048828125,1233.800048828125,46,1220.2571498325892,1197.5133260091145,1211.6363055099098,89.17286194173688,7.5582529413718476,1.8648585703904779,0.0033342260868942653,0.004548021062034542,8.7999267578125,36.60009765625,0
2010-08-23,1226.9000244140625,1228.9000244140625,1222.9000244140625,1226.9000244140625,56,1226.2285679408483,1199.0466593424478,1215.4699337514016,79.82826397123412,8.357923165504417,4.156553549453181,-0.00024439925826769127,0.005121069720735959,6.0,26.2000732421875,1
2010-08-24,1231.800048828125,1234.0,1211.5,1231.800048828125,300,1228.642857142857,1199.6633260091146,1217.647282428298,78.73297835516965,8.87787178058852,5.100817195680249,0.003993825345632862,0.0049654153832817865,22.5,35.60009765625,1
2010-08-25,1239.5,1240.699951171875,1230.699951171875,1239.5,298,1230.7857142857142,1200.7533243815103,1220.560978104525,79.99993074048807,9.79830772029868,6.040315300603936,0.0062509748876860005,0.00507801795861595,10.0,42.0,0
2010-08-30,1237.0999755859375,1237.9000244140625,1234.0,1237.0999755859375,128,1233.4142892020088,1205.1099934895833,1226.0363455292643,82.5119304762293,10.326925070408606,8.085953659084785,0.0008899478850628029,0.004857882021867627,3.9000244140625,12.5999755859375,1
2010-09-01,1246.300048828125,1254.300048828125,1243.5999755859375,1246.300048828125,41,1239.2000209263392,1208.8266642252604,1231.3108672392032,77.3913043478261,11.552088837176598,9.273386328210723,-0.0016021789007198972,0.004074344784113027,10.7000732421875,16.60009765625,1
2010-09-03,1249.199951171875,1249.199951171875,1240.0,1249.199951171875,3,1243.4000069754463,1212.7433308919271,1236.0290448825851,72.33266669315567,12.262654921162948,10.328441687596573,-0.001837833662105437,0.003849381797906871,9.199951171875,22.0,1
2010-09-08,1255.5999755859375,1260.199951171875,1254.699951171875,1255.5999755859375,27,1249.328578404018,1218.4733317057292,1241.09648498785,71.61928906079645,13.067632086247158,11.283297204417046,-0.0013521619153455955,0.004156243645481927,5.5,23.7999267578125,0
2010-09-09,1248.9000244140625,1256.0,1244.0999755859375,1248.9000244140625,9,1251.0142996651787,1221.4233317057292,1242.1369569113451,62.07995687508423,12.537281597564288,11.534094083046496,-0.00533605551302152,0.004493828077465296,11.9000244140625,9.4000244140625,0
2010-09-13,1245.0999755859375,1245.0999755859375,1245.0999755859375,1245.0999755859375,18,1250.2999965122767,1226.073331705729,1242.8050888248686,65.01643716410575,10.83075473330473,11.40843367667604,0.0004821017163016972,0.004310505731359566,0.0,9.0999755859375,1
2010-09-15,1266.699951171875,1269.800048828125,1263.5,1266.5999755859375,34,1255.3999895368304,1231.6666625976563,1249.0989212312345,67.98936245793746,12.620072718370693,11.752641183771122,-0.002362762948231345,0.006584576633451949,6.300048828125,18.39990234375,1
2010-09-20,1279.0,1282.0,1279.0,1279.0,27,1264.6428397042412,1239.4066650390625,1258.4315640519974,75.51760796354256,14.715882707941546,12.916209284610428,0.002665431545262331,0.006432825220895987,3.0,29.800048828125,0
2010-09-21,1272.4000244140625,1289.800048828125,1271.800048828125,1272.4000244140625,56,1268.6285574776787,1241.7966674804688,1260.294025433606,65.54834685555247,14.543536475102883,13.24167472270892,-0.005160262381499248,0.006423781656770942,18.0,15.0999755859375,1
2010-09-22,1290.199951171875,1290.199951171875,1290.199951171875,1290.199951171875,17,1275.0714111328125,1244.930000813802,1264.2814821987088,73.52619473148471,15.662706245153458,13.725881027197829,0.013989253706600202,0.007173667531653991,0.0,34.5999755859375,1
2010-09-27,1296.699951171875,1296.699951171875,1296.699951171875,1296.699951171875,67,1286.3142787388392,1253.589998372396,1275.2754995323892,73.39663016153304,17.880765479722413,15.529797487712676,0.0005400857807678072,0.006995561077384704,0.0,51.5999755859375,1
2010-09-30,1307.800048828125,1315.199951171875,1295.699951171875,1307.199951171875,579,1300.0142822265625,1261.660001627604,1286.5884699832186,87.72355334144227,19.72917123281809,17.42264349695716,-0.0005349263827856277,0.006476950616496756,19.5,35.9000244140625,1
2010-10-04,1315.4000244140625,1319.0999755859375,1312.0,1318.300048828125,95,1306.7285679408483,1267.3433349609375,1293.840228999201,83.75198567608552,20.564960213494487,18.52095571529142,-0.0005318373868697934,0.004669424721419738,7.0999755859375,36.4000244140625,1
2010-10-05,1338.9000244140625,1341.0999755859375,1312.9000244140625,1312.9000244140625,197,1312.857142857143,1271.0766682942708,1299.8482017211825,90.92982604254753,22.366454521874402,19.290055476608018,0.017865287793702,0.005981298964525398,28.199951171875,66.5,1
2010-10-06,1346.4000244140625,1349.0,1339.0,1339.0999755859375,215,1319.9571533203125,1274.8966674804688,1306.0551114135667,91.16033203214572,24.121283914230617,20.256301164132537,0.005601613162478092,0.005996984207509243,10.0,56.2000732421875,0
2010-10-07,1333.9000244140625,1363.0,1325.699951171875,1347.9000244140625,261,1323.8571602957588,1278.0433349609375,1309.7677664802995,79.35557074437222,24.224112823749465,21.049863496055924,-0.00928401646861221,0.006985688729850846,37.300048828125,39.5999755859375,1
2010-10-08,1344.199951171875,1348.4000244140625,1325.0,1333.5,80,1328.9571533203125,1281.6699991861979,1314.3587244391765,80.69686018657728,24.850265097371675,21.809943816319073,0.007721663220102926,0.007084822557620248,23.4000244140625,48.199951171875,1
2010-10-11,1353.300048828125,1353.699951171875,1344.0,1346.699951171875,79,1335.4571533203125,1285.5800008138021,1319.5509010243698,87.21258123528163,25.783580052447405,22.604671063544743,0.006769898814768194,0.006657124606891521,9.699951171875,56.60009765625,0
2010-10-12,1345.699951171875,1352.199951171875,1343.5999755859375,1346.9000244140625,112,1339.6857212611608,1289.2,1323.037441044037,78.1725888324873,25.61470414948758,23.20667768073331,-0.005615973828443477,0.006553537875689129,8.5999755859375,39.0999755859375,1
2010-10-13,1369.5,1374.0,1355.0999755859375,1356.4000244140625,251,1347.4142892020088,1293.2399983723958,1329.232448904832,81.81048317969542,27.089067902409624,23.983155725068574,0.017685999622277793,0.007635932709260728,18.9000244140625,61.0,1
2010-10-14,1376.699951171875,1383.9000244140625,1371.300048828125,1372.800048828125,106,1352.8142787388392,1297.5866617838542,1335.5614492071045,82.61923323629546,28.509843951572975,24.888493370369456,0.005257357555220832,0.007599112353472938,12.5999755859375,68.89990234375,0
2010-10-18,1371.199951171875,1372.5999755859375,1358.0,1358.0,46,1361.6714041573662,1305.6399943033855,1344.419923628406,77.18855867547464,28.798127454172572,26.304480027727145,7.291633558281774e-05,0.007864183599870624,14.5999755859375,55.7999267578125,0
2010-10-19,1335.0999755859375,1370.5,1328.5,1366.800048828125,301,1360.3714076450892,1308.2333251953125,1343.1772638894101,58.69280941458064,25.54846134533159,26.153276291248037,-0.02632728768337922,0.011208905557114334,42.0,-3.800048828125,1
2010-10-20,1343.300048828125,1345.800048828125,1334.199951171875,1336.0,148,1358.942836216518,1311.1566609700521,1343.1936352145722,61.059190031152646,23.36541298484326,25.595703629967083,0.006141917004072184,0.011257732831386888,11.60009765625,-3.0999755859375,0
2010-10-22,1324.4000244140625,1328.0999755859375,1319.0,1326.699951171875,113,1349.4999825613838,1316.346659342448,1338.5507725073483,52.6408428002218,16.943098309186553,22.954671020791192,-0.0002264110884484527,0.011926245349860636,9.0999755859375,-19.7999267578125,1
2010-10-26,1338.0,1341.199951171875,1328.300048828125,1341.199951171875,195,1339.2857142857142,1321.7299967447916,1338.4483636589919,47.26562096427462,14.236602543497156,20.02443237872124,-0.00022420146243562478,0.011131675157628272,12.89990234375,-7.699951171875,0
2010-10-27,1322.199951171875,1341.0,1321.0999755859375,1341.0,106,1332.2857142857142,1323.5799967447917,1336.2819086607096,46.271493557670546,11.794138208370669,18.378373544651126,-0.011808706149570303,0.011305945322113488,19.9000244140625,-47.300048828125,1
2010-10-28,1342.0999755859375,1343.5999755859375,1325.9000244140625,1327.9000244140625,192,1333.2857142857142,1325.9199951171875,1337.0576509174066,49.36937808795055,11.333586751392204,16.969416185999343,0.015050692141097777,0.01187475062121417,17.699951171875,-34.5999755859375,1
2010-10-29,1357.0999755859375,1358.699951171875,1336.800048828125,1340.199951171875,74,1335.2571323939733,1328.6366617838542,1339.7299608732108,51.102065208386584,12.040179350609378,15.983568818921352,0.011176514621014988,0.01212507464939266,21.89990234375,-14.0,0
2010-11-01,1350.199951171875,1360.300048828125,1350.699951171875,1360.300048828125,40,1338.8999895368304,1331.0099934895834,1341.1259595796994,51.31042366952753,11.906138221801939,15.16808269949747,-0.005084389166747583,0.012106045824755165,9.60009765625,-21.0,1
2010-11-02,1356.4000244140625,1356.800048828125,1355.5,1356.800048828125,17,1343.4714181082588,1333.8099934895833,1343.1625015576144,45.74952728517121,12.160030493801742,14.566472258358326,0.004591966720785434,0.01112624206664956,1.300048828125,21.300048828125,0
2010-11-03,1337.0999755859375,1359.199951171875,1327.5,1351.4000244140625,135,1343.2999790736608,1335.3733276367188,1342.354164761391,38.08667269427468,10.680768059719867,13.789331418630635,-0.014228876792052758,0.011544290063922609,31.699951171875,-6.2000732421875,1
2010-11-04,1382.699951171875,1392.5,1368.5999755859375,1368.5999755859375,109,1349.6856863839287,1338.3199910481771,1347.7336029494556,52.81279285433933,13.037688500730837,13.639002835050675,0.034103639532230945,0.015010749096673402,23.9000244140625,58.0,1
2010-11-05,1397.300048828125,1398.0,1378.199951171875,1390.699951171875,109,1360.414271763393,1341.696659342448,1354.342462399945,55.91301442827291,15.900381098024354,14.091278487645411,0.010559122131938992,0.01523664293081395,19.800048828125,72.9000244140625,1
2010-11-08,1402.800048828125,1409.199951171875,1387.0999755859375,1390.5,112,1369.0857107979912,1345.233329264323,1360.8034739237023,67.80639348925675,18.400776938091894,14.953178177734708,0.003936162461750881,0.012970047681722155,22.0999755859375,64.5,1
2010-11-09,1409.800048828125,1423.199951171875,1382.9000244140625,1405.199951171875,84,1376.614292689732,1348.6733317057292,1367.3363505776254,67.6018693714652,20.70848562261108,16.104239666709983,0.004990019786389244,0.012956443849193942,40.2999267578125,71.800048828125,0
2010-11-11,1403.0999755859375,1413.5,1397.300048828125,1400.699951171875,26,1390.2714320591517,1354.8699951171875,1375.775297246361,71.3047547165821,22.064770627260486,18.14798083340346,0.0028589808232430958,0.012353843496334713,16.199951171875,61.0,0
2010-11-15,1368.4000244140625,1372.5999755859375,1355.300048828125,1363.699951171875,46,1392.271449497768,1358.2799967447916,1373.5930071192115,57.19696466150681,17.163214380931095,18.13625097489008,0.0021971583025914843,0.014694414374547127,17.2999267578125,18.2000732421875,0
2010-11-17,1336.800048828125,1341.800048828125,1331.300048828125,1336.9000244140625,50,1374.414306640625,1357.9399983723958,1364.608981944541,48.72044395587555,9.271865024002636,15.523646574886072,-0.0011208248862528691,0.01510596992695969,10.5,-0.2999267578125,1
2010-11-19,1352.199951171875,1352.0,1344.5,1350.699951171875,7,1359.585728236607,1358.839998372396,1361.6014094157747,50.49504890662598,6.178533067792159,12.389626283653236,-0.0005174611793585804,0.015091615617995905,7.5,-45.10009765625,1
2010-11-22,1357.699951171875,1357.699951171875,1357.699951171875,1357.699951171875,7,1353.1000104631696,1358.986661783854,1361.0812149832548,50.322882676157384,5.419542357737782,10.995609498470145,0.004067445791011481,0.015080550841152555,0.0,-45.10009765625,1
2010-11-23,1377.5,1377.5,1364.5,1369.4000244140625,15,1354.828578404018,1360.0466634114584,1363.270386318821,60.00990837475433,6.342621424665367,10.06501188370919,0.01458352326744583,0.014929071401798125,13.0,-32.300048828125,0
2010-11-24,1372.9000244140625,1377.800048828125,1377.800048828125,1377.800048828125,3,1355.471435546875,1360.1599975585937,1364.5543380648533,46.95276233132794,6.626601314409527,9.377329769849258,-0.0033393652166515686,0.011807724530239797,0.0,-26.199951171875,0
2010-11-29,1366.0,1369.300048828125,1352.5999755859375,1364.0,94486,1363.0714285714287,1359.5100016276042,1364.4865973444066,38.129016507056456,5.608248972606361,8.071619848648563,0.002715959068677831,0.01146253529591705,16.7000732421875,0.5999755859375,1
2010-12-02,1388.5,1398.5999755859375,1383.300048828125,1387.5999755859375,1550,1377.0714460100446,1363.216670735677,1372.3789847136682,45.31451140903525,8.683028576811239,7.997933564156637,0.0008649543210847987,0.011945554450925256,15.2999267578125,51.699951171875,1
2010-12-03,1405.4000244140625,1415.0999755859375,1385.0999755859375,1385.0999755859375,2341,1381.057163783482,1365.9066731770833,1376.781790007054,64.81481481481481,10.579776296102864,8.514302110545882,0.012171425577286676,0.009709171849796428,30.0,52.5,1
2010-12-06,1415.300048828125,1428.4000244140625,1410.0,1414.0,833,1387.1143101283483,1368.9366739908853,1381.9175578498634,66.52572809896382,12.735010487597037,9.358443785956114,0.007044275111771192,0.009798587149292782,18.4000244140625,63.10009765625,0
2010-12-07,1408.300048828125,1431.0999755859375,1398.0,1424.5,866,1393.6857386997767,1371.2700073242188,1385.4352233136317,79.46126735236999,13.720051401302271,10.230765309025346,-0.004945947684942165,0.007255253056337348,33.0999755859375,50.60009765625,0
2010-12-08,1382.5,1403.800048828125,1372.0,1402.5,1675,1396.0428815569196,1372.7533406575521,1385.0438602051474,65.96782668927796,12.277329687559359,10.64007818473215,-0.01831999427223885,0.009297938896250846,31.800048828125,5.0,1
2010-12-09,1392.0999755859375,1394.199951171875,1380.5,1380.5999755859375,971,1397.057163783482,1375.083341471354,1385.984675589253,64.34843453425651,11.77288959176667,10.866640466139055,0.0069439244744575745,0.008987644607175627,13.699951171875,19.199951171875,0
2010-12-10,1384.300048828125,1392.0,1373.0999755859375,1388.9000244140625,457,1396.6285923549108,1376.490010579427,1385.7600586877693,61.16914007084668,10.621292629006575,10.817570898712559,-0.005602993243735588,0.009200934157062492,18.9000244140625,22.0,1
2010-12-13,1397.300048828125,1399.199951171875,1384.5,1384.5,193,1397.8857421875,1377.8300130208333,1387.2987240398165,63.09527461792464,10.635040961555887,10.781064911281224,0.009391027625120119,0.009413123470238385,14.699951171875,31.300048828125,1
2010-12-14,1403.5999755859375,1407.300048828125,1391.800048828125,1401.9000244140625,431,1397.6285923549108,1379.6100138346353,1389.4722242459661,59.47712708005145,11.027173659059144,10.830286660836808,0.0045086427665239626,0.008746599445706561,15.5,18.5999755859375,0
2010-12-15,1385.5,1394.0,1379.5,1394.0,215,1393.3714425223213,1380.5800130208333,1388.942594346504,54.16666330273229,9.764861638463572,10.617201656362163,-0.012895394628645196,0.009484714463870248,14.5,-1.800048828125,0
2010-12-16,1370.4000244140625,1385.0,1362.5,1380.9000244140625,228,1387.9571533203125,1381.6900146484375,1386.470251688845,52.60115108432583,7.460033807626132,9.985768086614957,-0.010898574944740114,0.009736284749065346,22.5,-18.0999755859375,1
2010-12-17,1378.5999755859375,1378.5999755859375,1365.9000244140625,1376.4000244140625,102,1387.4000069754463,1381.553348795573,1385.420881541791,53.93258084499873,6.2233695458076,9.233288378453487,0.005983618670308388,0.009833015060989752,12.699951171875,-26.800048828125,1
2010-12-22,1386.800048828125,1389.5,1385.0,1388.0,58,1385.5142822265625,1379.9066772460938,1385.9338310154083,49.428394579312204,5.143380863508355,7.370164189747793,-0.0010084299041850375,0.009184801931118577,4.5,4.300048828125,0
2010-12-27,1382.4000244140625,1384.199951171875,1373.5,1373.5,322,1381.7000034877233,1378.5800130208333,1384.7769696623373,37.452291453477706,3.715134888704142,6.141923416042781,0.001739148126132184,0.008265114645540793,10.699951171875,-1.9000244140625,1
2010-12-28,1405.199951171875,1406.699951171875,1389.800048828125,1389.800048828125,519,1386.671421595982,1379.9066772460938,1387.500033863609,48.944824755152474,5.062789758928602,5.926096684619946,0.01649300228237216,0.009500579186097162,16.89990234375,7.89990234375,1
2010-12-29,1413.0999755859375,1412.199951171875,1402.9000244140625,1403.4000244140625,413,1391.5999930245537,1381.3966756184896,1390.913359426586,61.860489323548755,6.691150482204193,6.079107444136795,0.005621993088936739,0.00800941442881298,9.2999267578125,9.5,0
2010-12-30,1405.5999755859375,1413.800048828125,1403.0999755859375,1413.800048828125,185,1394.4714181082588,1383.6400065104167,1392.8715749144997,55.31916326298961,7.292388650215571,6.3217636853525505,-0.005307480100188999,0.008049199817184412,10.7000732421875,20.0999755859375,1
2011-01-03,1422.5999755859375,1423.9000244140625,1413.699951171875,1415.5999755859375,28,1404.2856968470983,1388.7733357747395,1400.097310192724,60.276190882289654,10.207542033805339,7.514126331348098,0.0010555203896767118,0.007983361950728888,10.2000732421875,44.0,0
2011-01-04,1378.5,1410.9000244140625,1375.800048828125,1409.5999755859375,122,1404.0714111328125,1389.6500040690105,1397.2176688336942,42.200121235938944,7.584529414884855,7.52820694805545,-0.030999561607453097,0.01167611264661745,35.0999755859375,-7.0,0
2011-01-07,1368.5,1377.199951171875,1355.5,1372.699951171875,225,1391.5857107979912,1389.82333984375,1388.0199810966117,46.100391850785634,0.8249682522389321,5.115699953142055,-0.002114645152716532,0.010704374222765817,21.699951171875,-11.5,1
2011-01-10,1373.699951171875,1374.0,1365.699951171875,1369.0,181,1387.028564453125,1390.2033365885416,1386.1106437733133,45.383385421840494,-0.3347945487139441,4.025601052770855,0.003799745101844998,0.010661700786895142,8.300048828125,-8.7000732421875,1
2011-01-13,1386.9000244140625,1392.5,1371.4000244140625,1386.0999755859375,66,1377.6571393694196,1390.8133341471355,1385.9570596483936,52.65181618328003,-0.18420124558838324,1.9159254909745431,0.0008660411954064529,0.010775124095258784,21.0999755859375,-18.699951171875,0
2011-01-14,1360.4000244140625,1376.0,1356.699951171875,1375.0,252,1375.7999965122767,1389.8766682942708,1382.5494549504829,42.866405004409415,-2.171833445546099,1.0983737036704149,-0.01910736140566127,0.011953424730451917,19.300048828125,-60.699951171875,1
2011-01-19,1370.199951171875,1376.199951171875,1367.0,1371.9000244140625,40,1375.5714111328125,1387.1299967447917,1379.2331368312102,33.90845912015921,-3.6068120769268717,-0.5128198502923191,0.001534957695645156,0.01088467145868195,9.199951171875,-8.300048828125,0
2011-01-20,1346.5,1367.699951171875,1345.0,1367.699951171875,10,1371.6857038225446,1385.0699951171875,1374.868718587049,30.234105738289202,-5.861131636402433,-1.582482207514342,-0.01729670998134647,0.011600797244852011,22.699951171875,-26.9000244140625,0
2011-01-24,1344.5,1352.300048828125,1341.800048828125,1352.300048828125,2,1359.6571393694196,1382.0999959309895,1366.9058375164946,22.402811674245385,-9.304121841996675,-4.153499274855182,0.0026099925428784143,0.010939761219820088,10.5,-24.0,0
2011-01-26,1333.0,1341.699951171875,1333.0,1333.0,4,1347.9428536551338,1378.2233276367188,1358.3861680436394,30.798436290680982,-12.490582889837015,-6.947334051802539,0.0005253705218211113,0.007954158873472682,8.699951171875,-51.0,0
2011-01-27,1318.4000244140625,1342.0,1318.4000244140625,1342.0,210699,1340.8428606305804,1375.3833292643228,1353.0546822263625,27.504207184129598,-14.529055678266332,-8.463678377095299,-0.01095271986942048,0.008292683896448516,23.5999755859375,-67.2999267578125,1
2011-01-28,1340.699951171875,1346.5999755859375,1307.699951171875,1314.0,73023,1336.6285749162946,1373.8899943033855,1351.407384752431,39.86876523657846,-14.181664922956543,-9.607275686267549,0.01691438588050942,0.009827432842860404,38.9000244140625,-46.2000732421875,0
2011-01-31,1333.800048828125,1345.9000244140625,1323.300048828125,1339.0,13657,1334.8142961774554,1372.6699951171875,1349.0597399625237,35.63714883826391,-14.29829782387651,-10.545480113789342,-0.005146492574806927,0.009752497674666433,22.5999755859375,-26.5999755859375,1
2011-02-01,1339.5999755859375,1342.9000244140625,1325.300048828125,1333.0999755859375,3180,1334.614292689732,1371.3699951171875,1347.7984380456458,33.48207676468958,-13.764061092363363,-11.189196309504148,0.004348422961079068,0.009549288681376918,17.5999755859375,-28.5,0
2011-02-02,1331.5,1344.0,1327.0,1344.0,1363,1332.7571498325892,1369.5699951171875,1345.625312972893,30.75279817587544,-13.834796052108686,-11.718316258025055,-0.006046562954283852,0.009541399746113878,17.0,-38.699951171875,1
2011-02-07,1347.5999755859375,1353.800048828125,1343.800048828125,1345.800048828125,1004,1341.971435546875,1366.0099975585938,1346.866144344294,42.16957466451559,-9.867541828136382,-11.258618610281586,-0.0005192265941070806,0.009338259589367327,10.0,3.0999755859375,1
2011-02-11,1359.9000244140625,1368.800048828125,1355.199951171875,1364.0,488,1356.8857421875,1360.8000040690104,1353.5723498482678,56.51440214893633,-3.5695267777648496,-7.577507074793973,-0.0014685365769491199,0.008588027069643515,13.60009765625,19.2000732421875,1
2011-02-14,1364.5999755859375,1365.5999755859375,1356.5999755859375,1357.800048828125,181,1358.6428745814733,1358.9166707356771,1355.0426999466238,64.58896866416056,-2.4296013252221655,-6.547925924879611,0.0034561005129034594,0.008114322762515978,9.0,30.7999267578125,1
2011-02-16,1374.699951171875,1382.0,1370.5,1373.5999755859375,156,1366.1285749162946,1357.156669108073,1359.8080630727559,76.68246061636901,0.5898126168219733,-4.199247805494346,0.0008007976161097385,0.007311895714738107,11.5,43.199951171875,1
2011-02-18,1388.199951171875,1391.800048828125,1381.800048828125,1384.0999755859375,98,1372.5142647879463,1358.093330891927,1366.4700441107589,80.28946144999878,4.180908848147965,-1.457331044452436,0.0025276234010394028,0.0059052390534509,10.0,39.89990234375,1
2011-02-22,1400.5,1408.699951171875,1395.0999755859375,1395.0999755859375,430,1378.0285470145088,1359.1599975585937,1371.0073715626577,81.619894256621,6.46076704813504,0.126288574065059,0.00886043024114902,0.006111331400765868,13.5999755859375,52.9000244140625,1
2011-02-24,1415.300048828125,1415.300048828125,1408.300048828125,1415.0999755859375,809,1392.914271763393,1361.5266682942708,1381.811768416438,88.3210768298623,11.39712880569482,3.832636934827998,0.0013442934634517734,0.004684239183496392,7.0,50.5,0
2011-02-28,1409.300048828125,1415.699951171875,1407.699951171875,1410.699951171875,205,1402.8714250837054,1363.0400024414062,1388.5839513675135,86.42257499657714,13.199050363880815,7.086337419082353,0.00042599394977682614,0.00482847801055033,8.0,49.4000244140625,1
2011-03-01,1430.699951171875,1434.4000244140625,1415.300048828125,1415.300048828125,116,1409.4428536551338,1365.3833333333334,1394.199418008095,87.26456223073274,15.334582176085178,8.73598637048292,0.015184773719084665,0.005357248644247865,19.0999755859375,66.0999755859375,1
2011-03-02,1437.199951171875,1440.5,1428.800048828125,1432.5,1600,1416.4428536551338,1367.6866658528645,1399.9328224299325,87.94538321574167,17.351485081076362,10.459086112601609,0.004543230741481441,0.005316636444120557,11.699951171875,63.5999755859375,0
2011-03-03,1416.0,1432.300048828125,1415.9000244140625,1432.300048828125,244,1418.6571393694196,1369.2133341471354,1402.0751127726082,73.79065115934515,17.04277774699017,11.775824439479322,-0.014750871063270554,0.007140815470358971,16.4000244140625,41.300048828125,1
2011-03-04,1428.199951171875,1429.800048828125,1416.800048828125,1418.9000244140625,60,1420.7714146205358,1371.9366658528645,1405.5584245591772,77.56251545583252,17.57990881522619,12.936641314628696,0.008615784725900522,0.007184502696501478,13.0,43.5,1
2011-03-07,1434.0999755859375,1445.0,1429.5,1434.5,613,1423.4571184430804,1375.0399983723958,1409.3639646960785,77.77775609375306,18.271054376758457,14.003523927054648,0.0041310913147849515,0.007186230470426086,15.5,45.9000244140625,0
2011-03-09,1429.300048828125,1435.699951171875,1426.0999755859375,1430.0,98,1428.914271763393,1381.019999186198,1414.0484983699853,71.91013437520819,17.827085537201356,15.412468894986109,0.0016819849835296719,0.007461899493959817,9.5999755859375,15.9000244140625,0
2011-03-10,1412.199951171875,1429.800048828125,1403.800048828125,1429.5,23,1426.2714146205358,1383.6599975585937,1413.8020254102373,60.44037935355662,16.100856209914355,15.550146357971759,-0.01196396632762331,0.008301128038073499,26.0,-3.10009765625,1
2011-03-14,1424.5999755859375,1427.699951171875,1420.0,1420.0,58,1425.2571323939733,1389.893330891927,1416.1312958307033,59.39202785825401,14.757524188646812,15.352685871856405,0.0021807777600686418,0.008162246752549505,7.699951171875,15.2999267578125,0
2011-03-16,1396.0,1404.199951171875,1394.300048828125,1398.0,38,1414.7285679408483,1393.733329264323,1410.7279482694366,43.51913034210807,9.276352827172559,13.537997448984497,0.002441493949209672,0.009998647494016617,9.89990234375,-41.199951171875,1
2011-03-17,1404.0,1393.5999755859375,1387.699951171875,1387.699951171875,27,1411.4571358816963,1396.1499959309897,1409.8308885001786,48.43647716400625,7.983359220632337,12.427069803314065,0.005730659025787954,0.010085910822191136,5.9000244140625,-12.0,1
2011-03-18,1415.9000244140625,1419.300048828125,1406.4000244140625,1406.4000244140625,6,1409.5428466796875,1398.2699951171876,1410.6401066220299,52.04207196257517,7.828641285910635,11.50738409983338,0.008475800864716776,0.010349804510586064,12.9000244140625,-12.2999267578125,1
2011-03-22,1427.5,1430.4000244140625,1430.4000244140625,1430.4000244140625,85,1412.3999895368304,1403.5299926757812,1414.6861188870746,46.66209638258654,8.926252747489343,10.500353145302922,0.0009115473794938378,0.009585304087508958,0.0,0.5999755859375,1
2011-03-24,1434.800048828125,1446.9000244140625,1437.5,1437.699951171875,27,1420.328578404018,1408.346659342448,1420.0504719623332,52.63161481118061,10.542454354454321,10.434355546361731,-0.002155904814871046,0.00859867643875412,9.4000244140625,22.60009765625,0
2011-03-25,1426.0999755859375,1436.0,1436.0,1436.0,1,1424.6285749162946,1410.4866577148437,1420.8570724454805,46.87987994850583,10.125678366259308,10.372620110341247,-0.006063613706518423,0.008686344467668493,0.0,4.5999755859375,0
2011-03-29,1416.0,1416.0,1416.0,1416.0,135792,1426.9000069754463,1414.196659342448,1420.0873178347442,44.83293370463392,8.03344634477321,9.714157158203081,-0.002676467599266208,0.008663736872093826,0.0,23.4000244140625,1
2011-03-30,1423.800048828125,1430.300048828125,1412.0,1418.699951171875,47011,1426.557163783482,1415.8699951171875,1420.5823486338618,54.857656375558975,7.664890827253657,9.304303892013197,0.005508509059410249,0.00814902603527706,18.300048828125,27.800048828125,1
2011-03-31,1438.9000244140625,1440.0,1420.699951171875,1423.300048828125,8230,1428.1857386997767,1418.0099975585938,1423.0247054045553,56.94888747405275,8.493343778192184,9.142111869248994,0.01060540459902759,0.008441146533379427,19.300048828125,34.9000244140625,0
2011-04-04,1432.199951171875,1439.0999755859375,1428.800048828125,1429.0999755859375,683,1426.4142892020088,1420.9233317057292,1424.8345471722687,68.85710930860618,8.175584124790475,8.795521861894306,0.0028709303662408647,0.005789998224538736,10.2999267578125,6.0,1
2011-04-05,1451.800048828125,1457.5999755859375,1430.300048828125,1437.9000244140625,2609,1430.085728236607,1422.6333333333334,1428.4299473930496,73.01978502767727,9.639296179300345,8.964276725375514,0.013685308144447683,0.006578967600604744,27.2999267578125,24.300048828125,1
2011-04-07,1458.5,1462.5,1453.9000244140625,1459.699951171875,229,1441.5714285714287,1425.5499959309896,1435.8215992884184,69.7221886278069,12.264821826784555,9.973601802284422,0.0005488432838882673,0.006339221187305586,8.5999755859375,23.699951171875,1
2011-04-08,1473.4000244140625,1475.5,1457.5,1457.5999755859375,1407,1448.6571393694196,1427.7066650390625,1440.8320559718377,70.95913904822201,14.189540350562993,10.816789511940136,0.010215992056265,0.006567201289741634,18.0,47.300048828125,0
2011-04-11,1467.4000244140625,1476.0,1459.699951171875,1476.0,378,1452.7285679408483,1429.643330891927,1444.3744517641344,67.00765826190027,15.057174061778824,11.664866421907874,-0.0040722138594955215,0.006782616714142734,16.300048828125,47.5999755859375,0
2011-04-13,1454.9000244140625,1462.0,1454.0,1455.0,197,1459.5142996651787,1430.9733357747396,1446.763038734783,58.35409269821684,13.895902845270939,12.55008022780299,0.001376557207235729,0.007237255603054864,8.0,31.0999755859375,1
2011-04-14,1471.699951171875,1476.0,1452.699951171875,1456.800048828125,535,1462.357142857143,1432.8300008138021,1450.087960393062,67.75699646243343,14.67597947179911,12.975260076602215,0.011547134838064466,0.007439277618477342,23.300048828125,32.7999267578125,1
2011-04-15,1485.300048828125,1487.5,1473.199951171875,1477.5999755859375,293,1466.300013950893,1434.7333374023438,1454.7829055177372,74.13408464489015,16.204811063773604,13.621170274036494,0.009241080456257711,0.007389335836981826,14.300048828125,57.2000732421875,1
2011-04-20,1498.300048828125,1505.300048828125,1494.0,1494.0,386,1478.557163783482,1441.2266723632813,1468.93199463675,74.34424794256698,20.010802741289126,16.288456143589585,0.0025426890787052514,0.006904475387794992,11.300048828125,40.60009765625,1
2011-04-21,1503.199951171875,1508.300048828125,1501.699951171875,1503.699951171875,237,1485.7428676060267,1444.2600056966146,1473.5010555080999,82.34280421116381,20.98083306031731,17.22693152693513,0.003270307804890127,0.006220048140862221,6.60009765625,44.699951171875,1
2011-04-25,1508.5999755859375,1518.0,1502.800048828125,1513.300048828125,233,1493.4142892020088,1447.1633382161458,1478.1809115184783,82.53833412529985,21.93250169018961,18.168045559586027,0.0035923527072048156,0.006215768127551738,15.199951171875,35.199951171875,0
2011-04-26,1503.0,1506.300048828125,1495.0,1501.5,223,1497.8857247488838,1449.7766723632812,1481.4901233160147,74.7582202745522,21.98144627722081,18.930725703112984,-0.0037120347849418645,0.005798965930289439,11.300048828125,35.5999755859375,1
2011-04-27,1516.699951171875,1512.800048828125,1505.199951171875,1507.0999755859375,460,1502.3714250837054,1453.9133382161458,1486.1847670301295,76.52878862725726,22.862165961372284,19.717013754764846,0.00911507063997008,0.006055593103937953,7.60009765625,63.7999267578125,1
2011-04-28,1530.800048828125,1536.0,1526.5999755859375,1528.5999755859375,425,1507.8714250837054,1458.4066731770833,1492.1334712698624,79.036164188002,24.416445117130706,20.65690002723802,0.009296563664656032,0.006247586744695056,9.4000244140625,75.9000244140625,1
2011-05-02,1556.699951171875,1576.5999755859375,1543.0999755859375,1572.9000244140625,200,1524.9999825613838,1468.1666707356771,1508.1224674656135,84.4787687005768,29.42121062165711,23.483248161725204,0.000449840084752573,0.00664739936707059,33.5,71.39990234375,0
2011-05-03,1540.0999755859375,1547.0,1527.5,1542.5,246,1530.2714146205358,1471.9633382161458,1512.3861352149902,83.13071741433271,29.37177234602791,24.660952998585746,-0.010663567872178037,0.00677731057768899,19.5,47.7999267578125,0
2011-05-04,1514.9000244140625,1539.0,1506.199951171875,1535.0,272,1531.171421595982,1474.8766723632812,1512.7213204415334,69.37986941298931,26.988065086783536,25.126375416225304,-0.016362542413707604,0.00872328421223516,32.800048828125,20.4000244140625,0
2011-05-05,1480.9000244140625,1520.699951171875,1471.0,1514.699951171875,133,1528.0142822265625,1476.3100056966146,1508.4784809712041,52.67444179406582,22.10068116473417,24.52123656592708,-0.0224437252967572,0.010655533416139935,49.699951171875,-17.4000244140625,1
2011-05-06,1491.199951171875,1494.800048828125,1472.300048828125,1473.199951171875,144,1524.3714250837054,1478.1900024414062,1506.1746769979602,51.748640364460464,18.841321181817875,23.38525348910524,0.006955180355195045,0.010528008710431507,22.5,-12.0,1
2011-05-09,1502.9000244140625,1512.800048828125,1501.300048828125,1501.5,44,1520.385707310268,1480.7500040690104,1505.7380566534405,53.05651355763605,17.006314830683777,22.109465757420946,0.007846079416105711,0.010660698715830896,11.5,-5.699951171875,1
2011-05-10,1516.5999755859375,1516.9000244140625,1508.4000244140625,1508.4000244140625,13,1514.7571323939733,1483.976668294271,1507.1863125111067,55.976203853042755,16.467701232187665,20.98111285237429,0.009115676990700816,0.010904017227190132,8.5,13.5999755859375,0
2011-05-11,1501.0999755859375,1524.0999755859375,1495.199951171875,1524.0,30,1506.8142787388392,1486.8133341471355,1506.3748009210842,50.71208814407545,14.621577173739752,19.709205716647382,-0.010220229625159782,0.011300837901898838,28.9000244140625,-15.5999755859375,1
2011-05-12,1506.5999755859375,1498.5,1484.800048828125,1492.0999755859375,11,1502.028564453125,1489.573331705729,1506.4048242097315,50.862075902791844,13.447302459300772,18.45682506517806,0.0036639798077759966,0.011309570668297918,13.699951171875,-24.2000732421875,0
2011-05-16,1490.4000244140625,1494.9000244140625,1489.300048828125,1489.300048828125,10,1500.3142787388392,1493.4666666666667,1502.7680740383648,46.88735443069275,9.286857814486439,15.481108162602876,-0.002008838858280515,0.011480762150430814,5.5999755859375,-66.2999267578125,0
2011-05-17,1479.800048828125,1491.800048828125,1473.0,1489.800048828125,41,1498.6857212611608,1495.0533365885417,1499.7056706769995,40.74261452448268,6.741699530359483,13.733226436154197,-0.00711216815103366,0.01124782443119019,18.800048828125,-60.2999267578125,1
2011-05-19,1492.199951171875,1491.5,1491.5,1491.5,1,1494.1571393694196,1497.6633341471354,1498.2304721991268,32.19861798741694,4.95736389510148,10.729728767386833,-0.0022733514773765062,0.010099292050621685,0.0,11.2999267578125,1
2011-05-20,1508.800048828125,1512.699951171875,1488.699951171875,1499.0,93,1495.2571498325892,1499.3400024414063,1499.6397490829931,37.72425978784401,5.462121586589319,9.67620733122733,0.011124579948694757,0.010756367260377387,24.0,17.60009765625,1
2011-05-23,1515.300048828125,1512.300048828125,1507.0,1510.5,42,1496.5000174386162,1500.736669921875,1501.7277890490109,43.29731266978507,6.313859133064398,9.003737691594743,0.004308059245523355,0.010590578746359118,5.300048828125,12.4000244140625,1
2011-05-26,1522.800048828125,1521.199951171875,1519.5,1521.199951171875,186986,1512.0714285714287,1507.3166666666666,1509.561940292724,62.0980601454003,9.180283958473638,8.800601652826181,-0.0024891437302387853,0.0071322784851352425,1.699951171875,16.2000732421875,1
2011-05-31,1535.9000244140625,1541.0999755859375,1532.4000244140625,1536.699951171875,6152,1524.1285923549108,1511.156669108073,1516.163421828549,58.1024653928701,11.454518416820065,9.60980057049183,-0.0002603816971610273,0.006882337604580012,8.699951171875,45.5,1
2011-06-01,1542.4000244140625,1550.5999755859375,1529.699951171875,1535.699951171875,2845,1528.9285888671875,1512.8266682942708,1519.6616355066174,68.75572378589216,12.558456548774757,10.199531766148414,0.0042320462899136935,0.0061240265391307325,20.9000244140625,62.5999755859375,0
2011-06-02,1532.0,1544.5,1520.0,1541.300048828125,1651,1531.3142961774554,1514.0766682942708,1521.3067507724018,61.04350059814517,12.450617450480195,10.649748903014771,-0.006742754311102495,0.006519816276084733,24.5,36.4000244140625,1
2011-06-03,1541.699951171875,1546.300048828125,1525.0,1534.699951171875,1745,1533.9571533203125,1515.523331705729,1524.0258441589983,71.659183693578,12.9980260287698,11.119404328165777,0.006331560817150805,0.005967829499253567,21.300048828125,49.5,1
2011-06-07,1543.300048828125,1549.9000244140625,1537.199951171875,1545.0,2530,1539.7285853794642,1518.1233357747396,1529.1927516787312,79.98114190600462,13.770701983395611,12.056429825713836,-0.0020691569168282964,0.005323091772637252,12.7000732421875,28.0,0
2011-06-09,1542.0999755859375,1548.800048828125,1534.4000244140625,1536.0999755859375,288,1540.8714250837054,1520.1400024414063,1531.9429940734137,76.01669015151226,13.071017525948946,12.455815750442,0.0026006111848979607,0.00493556545567486,14.4000244140625,15.5,0
2011-06-10,1528.5999755859375,1543.9000244140625,1526.4000244140625,1543.699951171875,632,1538.8999895368304,1520.0666666666666,1531.4972582750836,60.66807240564208,11.677990492587696,12.30025069887114,-0.008754296228343117,0.005078639878898582,17.5,5.7999267578125,0
2011-06-13,1515.0,1533.0,1511.300048828125,1528.0999755859375,851,1536.4714181082588,1518.7,1529.2976238384058,49.84982526454703,9.368606696146344,11.713921898326182,-0.008897014132637548,0.0056047252697481965,21.699951171875,-21.300048828125,1
2011-06-16,1529.300048828125,1531.199951171875,1522.0,1526.0,164,1528.9285714285713,1517.6000040690103,1528.3200914157203,53.27951240903245,6.760840846293604,9.55409876554066,0.002425323349108277,0.005613195465203223,9.199951171875,-2.699951171875,1
2011-06-21,1546.0,1547.5,1540.0,1540.0999755859375,125,1531.4000069754463,1522.636669921875,1533.2299355817436,51.88677917434937,7.9725838149113315,8.572641188455856,0.002919234511839175,0.005284672033136025,7.5,2.699951171875,1
2011-06-22,1552.9000244140625,1558.5,1544.4000244140625,1547.199951171875,222,1536.8142961774554,1523.8466715494792,1535.8526140927195,61.37106575722759,8.873962632924304,8.632905477349546,0.004463146451528122,0.004996328243319738,14.0999755859375,14.800048828125,0
2011-06-23,1520.0999755859375,1547.199951171875,1514.699951171875,1547.199951171875,300,1536.2857142857142,1524.4800048828124,1533.7522622918152,40.60871623565277,6.862515217637565,8.278827425407151,-0.021121803279320006,0.007496335983138992,32.5,-22.0,0
2011-06-28,1499.699951171875,1505.0,1496.0999755859375,1499.9000244140625,508,1522.385707310268,1524.6733357747396,1521.5193180096185,35.185172975360814,-1.2785980880080388,4.565324607255887,0.002473229392964571,0.008114614339169756,8.9000244140625,-24.10009765625,1
2011-06-29,1509.9000244140625,1512.199951171875,1504.0999755859375,1504.0999755859375,395,1517.8714250837054,1525.676668294271,1519.9700788635444,38.14435213766794,-2.0188565805731287,3.248488369690084,0.006801409331391284,0.008362673768836516,8.0999755859375,-15.699951171875,0
2011-06-30,1502.300048828125,1514.0,1498.800048828125,1511.5,69,1511.6285749162946,1525.9000040690105,1517.6140748588218,39.876858423836694,-3.182090129118251,1.962372669928417,-0.005033429672859802,0.00817039504906966,15.199951171875,-27.0,0
2011-07-01,1482.300048828125,1502.199951171875,1480.0,1502.199951171875,66,1501.5428641183037,1525.5700073242188,1512.905538054729,38.004424263592966,-5.6526339049969465,0.43937135494334445,-0.013312919756343633,0.008565755072571093,22.199951171875,-56.2999267578125,1
2011-07-05,1512.300048828125,1515.0,1490.300048828125,1490.4000244140625,199,1500.4285888671875,1525.6866739908853,1512.8248061578486,46.34920634920635,-5.13066525185377,-0.6746359664160786,0.020238817386343255,0.01022361649826496,24.699951171875,-29.199951171875,1
2011-07-07,1530.199951171875,1533.0999755859375,1522.699951171875,1529.0999755859375,55,1509.3428606305804,1526.3666707356772,1516.9759533613396,50.2648330962337,-1.8059033871031716,-1.3297464182762648,0.00098122590953853,0.010645848976610436,10.4000244140625,-22.7000732421875,1
2011-07-08,1541.199951171875,1542.5999755859375,1526.5999755859375,1527.0,3,1515.2714320591517,1526.8533365885417,1520.2058197360777,50.757568751702834,0.3058430121359379,-1.0026285321938244,0.007188603026405671,0.010697739879835308,16.0,21.0999755859375,1
2011-07-11,1548.800048828125,1555.199951171875,1543.0999755859375,1550.0,14,1520.828578404018,1527.7200032552084,1524.0183836150172,52.07034793145231,2.5631353828403007,-0.28947574918699936,0.004931285944092645,0.01076598670222715,12.0999755859375,48.300048828125,1
2011-07-12,1561.9000244140625,1565.0,1542.0,1548.199951171875,8,1529.3428606305804,1528.5733357747397,1529.0692690548901,54.29962745122635,5.34747206893303,0.8379138144370065,0.008458145127157923,0.010965942415554458,23.0,65.9000244140625,1
2011-07-15,1589.800048828125,1592.199951171875,1582.300048828125,1582.300048828125,8,1563.7285679408483,1533.6966674804687,1549.7134191355094,79.08796378766287,15.15770007807555,6.676948388024828,0.0005034920252517949,0.008433696125978904,9.89990234375,87.5,1
2011-07-20,1596.699951171875,1596.699951171875,1582.4000244140625,1584.300048828125,9,1589.3714250837054,1539.3033325195313,1567.1396033000265,78.40313100914969,20.726342255834197,13.030440328698752,-0.0026235699782218846,0.008531700089335136,14.2999267578125,68.0,0
2011-07-21,1586.800048828125,1601.5999755859375,1586.5999755859375,1598.0,24,1592.9285714285713,1540.926668294271,1569.7609960371065,77.24051573378415,20.413770215265913,14.507106306012187,-0.006200227122499791,0.008632198705114589,15.0,56.60009765625,1
2011-07-22,1601.300048828125,1606.5,1588.5,1588.5,12,1595.2285853794642,1542.9000040690105,1573.9662030759089,89.77276621717114,21.092937189575423,15.824272482724835,0.00913788729128684,0.007133658247056504,18.0,60.10009765625,1
2011-07-28,1613.4000244140625,1620.5999755859375,1602.800048828125,1614.199951171875,70263,1605.971435546875,1555.0333374023437,1591.536568238354,83.0586933313957,23.564219029286733,20.231291532002263,-0.0009906969572368585,0.005662458650592266,17.7999267578125,24.4000244140625,1
2011-07-29,1628.300048828125,1634.9000244140625,1610.5999755859375,1617.0999755859375,6761,1610.4857352120537,1558.3333374023437,1596.4383656503235,84.12024317714588,24.41829860068333,21.068692945738476,0.009235170564394712,0.005871376550335162,24.300048828125,38.5,0
2011-08-01,1619.0,1631.800048828125,1607.0,1623.0,2889,1615.085728236607,1561.013338216146,1599.4465835636138,75.33276937557746,24.06729381590776,21.66841311977233,-0.005711508044735525,0.006182157134900578,24.800048828125,16.9000244140625,1
2011-08-02,1641.9000244140625,1660.5999755859375,1616.800048828125,1619.300048828125,2440,1620.8857247488838,1564.3600056966145,1605.1070423436736,75.24492886111477,25.344801486895676,22.403690793197,0.014144548742472285,0.00606588392665588,43.7999267578125,41.0,1
2011-08-03,1663.4000244140625,1672.300048828125,1651.5999755859375,1659.9000244140625,2024,1628.2285853794642,1568.27333984375,1612.8794399530589,78.61542087535764,27.771967878844862,23.477346210326573,0.013094585346432819,0.0066895103406480515,20.7000732421875,66.7000732421875,0
2011-08-04,1656.199951171875,1681.800048828125,1640.0,1660.5,1952,1633.8857247488838,1571.716670735677,1618.6555081155677,74.34015758178896,28.782739489925916,24.53842486624644,-0.00432852779638726,0.00696362790022671,41.800048828125,69.39990234375,0
2011-08-05,1648.800048828125,1666.0999755859375,1642.699951171875,1647.5,825,1638.7143031529017,1576.0066731770833,1622.6747802105756,67.75669832452539,28.656340542525868,25.36200800150233,-0.004468000580795883,0.007081156805616674,23.4000244140625,47.5,1
2011-08-08,1710.199951171875,1720.0,1678.0999755859375,1679.0999755859375,1885,1652.5428641183037,1582.996671549479,1634.3448030054155,78.50809186165353,33.12873995255404,26.915354391712675,0.03723914393827776,0.011691947675756858,41.9000244140625,98.199951171875,1
2011-08-09,1740.0,1779.0,1720.0999755859375,1722.5,1861,1668.5,1591.1300048828125,1648.4321626046935,82.97288946812574,38.6324329586364,29.258770105097422,0.017424891637790818,0.011939103814762066,58.9000244140625,123.4000244140625,1
2011-08-10,1781.300048828125,1795.5999755859375,1741.300048828125,1744.0,969,1691.6857212611608,1600.5166748046875,1666.1478807678177,89.10334503153607,45.798778292042925,32.56677174248652,0.023735660246048784,0.012220377172777607,54.2999267578125,166.300048828125,0
2011-08-11,1748.800048828125,1813.5,1733.300048828125,1795.0999755859375,1503,1706.9571533203125,1608.4800089518228,1677.1681698425255,77.65279846357068,48.29892032485964,35.71320145896115,-0.01824510139175095,0.014128886842795734,80.199951171875,135.4000244140625,0
2011-08-12,1740.199951171875,1764.199951171875,1723.800048828125,1760.5999755859375,1166,1717.9285714285713,1616.4100056966147,1685.5724073531055,74.22522748620135,49.02125834010212,38.374812835189346,-0.004917713527062717,0.014447935430987715,40.39990234375,111.89990234375,1
2011-08-15,1755.5,1765.199951171875,1730.5,1734.9000244140625,976,1732.114292689732,1625.516670735677,1694.8960863726913,75.22701383743507,50.24906257947214,40.74966278404591,0.008792121168502254,0.014449006645644732,34.699951171875,136.5,1
2011-08-16,1782.4000244140625,1787.300048828125,1761.5999755859375,1769.0,278,1751.2000034877233,1634.5200032552084,1706.5632781115407,77.84429508506946,52.78424947150211,43.15658012153715,0.015323283630910067,0.014499559747870334,25.7000732421875,140.5,1
2011-08-17,1791.199951171875,1794.300048828125,1782.0,1784.800048828125,231,1762.7714320591517,1643.2700032552084,1717.8481678529188,78.88236322917439,54.87096555879839,45.4994572089894,0.0049371222157077455,0.014328580961313935,12.300048828125,127.7999267578125,1
2011-08-18,1818.9000244140625,1828.5,1785.5,1786.5,868,1774.0428641183037,1652.8933390299478,1731.321748727738,79.72549047977864,58.09023938373434,48.01761364393839,0.015464534388840878,0.014479536728671206,43.0,162.7000732421875,1
2011-08-19,1848.9000244140625,1874.4000244140625,1823.699951171875,1823.699951171875,328,1783.7000034877233,1663.150008138021,1746.9988521525813,83.68003359167304,62.343627829097386,50.88281648097019,0.016493484852013296,0.014068287614714474,50.7000732421875,200.0999755859375,1
2011-08-22,1888.699951171875,1895.0,1858.4000244140625,1868.5999755859375,1106,1803.6857038225446,1674.4800048828124,1765.8923320218205,84.45001064962726,68.1405089127934,54.33435496733484,0.021526273044658373,0.014385629574832979,36.5999755859375,178.5,0
2011-08-23,1858.300048828125,1909.300048828125,1824.5999755859375,1909.0,458,1820.5571463448662,1684.3600056966145,1778.2133609293278,76.54590539034737,69.48063141062858,57.363610255993585,-0.01609567593036043,0.015955436272616894,84.7000732421875,118.300048828125,0
2011-08-24,1754.0999755859375,1853.0999755859375,1753.0999755859375,1833.0,992,1820.357142857143,1689.9900065104166,1774.9982428835424,60.54729902651486,61.42652631228384,58.176193467251636,-0.05607279260843678,0.023333840942979012,100.0,-27.2000732421875,1
2011-08-25,1759.800048828125,1772.5,1707.300048828125,1748.4000244140625,864,1817.1285749162946,1695.6833414713542,1772.9718170094868,62.002591353390805,54.87101931367192,57.515158636535695,0.0032495714734182,0.023199840249202658,65.199951171875,11.0,1
2011-08-26,1794.0999755859375,1829.300048828125,1768.5,1768.5,270,1817.5428641183037,1702.493339029948,1775.7889048196803,59.63703095279024,51.8458040639448,56.38128772201752,0.019490809072685966,0.02173660670311,60.800048828125,53.9000244140625,0
2011-08-29,1788.4000244140625,1817.9000244140625,1786.699951171875,1817.9000244140625,828,1813.1857212611608,1708.7033406575522,1777.4703874322645,55.88521592815427,48.430088842454325,54.79104794610488,-0.003177053257588658,0.021427523320957986,31.2000732421875,32.9000244140625,1
2011-09-01,1826.0,1829.5,1814.4000244140625,1825.800048828125,263,1796.7999965122767,1731.9300048828125,1794.7680073140086,61.55089814061294,46.54798490592543,51.17404587146843,-0.0013672409078480108,0.02036354268913521,15.0999755859375,7.0999755859375,1
2011-09-06,1869.9000244140625,1911.5999755859375,1864.0,1886.300048828125,536,1829.6142752511162,1749.606669108073,1813.9066342175915,61.49199728604171,49.896262455676606,50.555897648306846,-0.0020280337603872933,0.02105909780614315,47.5999755859375,-18.7999267578125,0
2011-09-07,1814.199951171875,1873.699951171875,1792.800048828125,1868.9000244140625,470,1832.4857003348213,1756.1933349609376,1813.9457431448293,52.689430294573235,45.65873159936291,49.576464438518066,-0.029787727961360533,0.022862192900122986,80.89990234375,-44.10009765625,1
2011-09-09,1856.4000244140625,1881.300048828125,1830.0,1858.0999755859375,188,1846.1571393694196,1772.2733357747395,1824.2810309273943,50.909973630907345,44.17535921787885,47.76804825472257,0.0010785159478370332,0.02285504795739287,51.300048828125,96.5999755859375,0
2011-09-12,1809.9000244140625,1852.4000244140625,1806.0,1852.4000244140625,245,1843.5,1778.3266682942708,1822.3635633922836,40.59217519832786,39.29666982687172,46.0737725691524,-0.02504848060141396,0.0229541170412794,46.4000244140625,15.800048828125,1
2011-09-14,1823.5,1843.0,1809.0,1843.0,156,1836.44287109375,1791.3066691080728,1823.0277488125653,61.39947747173315,33.407557611990796,41.98867150784824,-0.0018064641668046333,0.016473756820762974,34.0,-3.199951171875,0
2011-09-15,1778.5,1816.300048828125,1775.800048828125,1816.300048828125,80,1823.3857247488838,1795.1433349609374,1817.0907156375565,52.720388977088284,27.11244853485391,39.013426913249376,-0.024677817384151313,0.018044388692049045,40.5,-50.0,1
2011-09-16,1812.0999755859375,1819.0999755859375,1768.5,1768.5,111,1823.085728236607,1800.3400024414063,1816.4252836306741,52.623906705539355,24.551749178882574,36.12109136637602,0.018892311265638284,0.01799762220180305,50.5999755859375,-13.9000244140625,0
2011-09-19,1776.4000244140625,1818.9000244140625,1788.0,1814.699951171875,13,1811.94287109375,1804.5933349609375,1811.0885824017926,48.39142091152815,19.417851878540205,32.78044346880886,-0.01970087282868127,0.018806654068272803,30.9000244140625,-97.2999267578125,1
2011-09-21,1805.5,1811.699951171875,1782.800048828125,1808.0,22,1804.2000034877233,1809.9900024414062,1809.8247546272771,46.84239386551349,15.858013702031712,26.964429683895574,-0.0006088650508150328,0.018441970211902636,28.89990234375,-8.699951171875,0
2011-09-22,1739.199951171875,1773.199951171875,1730.9000244140625,1773.199951171875,23,1791.6857038225446,1808.5866658528646,1800.4081141665567,39.85980737989194,9.036608723771451,23.37886549187075,-0.03672115692502076,0.020803056357035152,42.2999267578125,-115.2000732421875,0
2011-09-23,1637.5,1737.300048828125,1636.300048828125,1737.300048828125,81,1765.1142752511162,1804.8766642252604,1778.6870322776824,25.497930376361523,-4.523594799673219,17.798373433561956,-0.05847513456020359,0.02369411218030078,101.0,-218.9000244140625,0
2011-09-26,1592.5,1661.800048828125,1562.4000244140625,1646.4000244140625,151,1738.5428466796875,1799.9533325195312,1753.8620946406581,23.490062540028063,-18.68587853115082,10.5015230406194,-0.027480916030534375,0.024065698253055982,99.4000244140625,-217.4000244140625,1
2011-09-27,1650.5999755859375,1665.4000244140625,1653.699951171875,1653.800048828125,47,1715.4714181082588,1796.4566650390625,1740.0938121000288,34.43683569395559,-24.933984501593613,3.4144215321767977,0.03648350115286503,0.02650757363349228,11.7000732421875,-176.2000732421875,0
2011-09-29,1615.5,1633.800048828125,1585.0,1604.0,7181,1665.2999965122767,1785.0633341471355,1709.1762467308272,26.769519659681535,-37.73360352141435,-10.526491362729516,-0.0004949878141159436,0.02536394343140504,48.800048828125,-163.0,1
2011-09-30,1620.4000244140625,1639.4000244140625,1609.4000244140625,1620.800048828125,284,1638.857142857143,1778.4466674804687,1697.339417088592,30.1320990978723,-41.18449060434841,-16.658091211053296,0.0030331317945295755,0.025155850878468833,30.0,-191.699951171875,1
2011-10-03,1656.0,1660.800048828125,1627.5999755859375,1627.800048828125,101,1626.971435546875,1772.0166666666667,1691.827494810113,32.76835156260391,-40.578954048745345,-21.44226377859171,0.021969868581562357,0.026020693300010313,33.2000732421875,-120.4000244140625,0
2011-10-04,1614.699951171875,1678.0999755859375,1596.5999755859375,1661.0,159,1623.7142857142858,1762.8833333333334,1681.5438223250146,30.434772662281958,-42.936683388351184,-25.741147700543603,-0.02493964301215279,0.026419599947870326,81.5,-191.9000244140625,1
2011-10-05,1640.300048828125,1640.300048828125,1599.5999755859375,1629.300048828125,114,1630.5428641183037,1755.6166666666666,1676.0446525254295,36.561652635622224,-42.25242726431452,-29.04340361329779,0.01585439922610421,0.026708586391836733,40.7000732421875,-165.199951171875,1
2011-10-06,1651.9000244140625,1654.699951171875,1637.5999755859375,1642.5999755859375,38,1630.7285853794642,1752.2100016276042,1672.8253687772474,33.72613093617176,-40.309465841027986,-31.29661605884383,0.00707186200123866,0.02605963716935501,17.0999755859375,-87.2999267578125,0
2011-10-07,1634.5,1665.0,1626.199951171875,1657.0,66,1633.328578404018,1748.0333333333333,1667.7153196069478,35.02848521800459,-39.71587162115861,-32.980467171306785,-0.010533339885526294,0.025810189735193063,38.800048828125,-3.0,1
2011-10-10,1669.5999755859375,1676.800048828125,1645.5999755859375,1645.5999755859375,61,1641.0571463448662,1743.8833333333334,1667.966607070813,35.69340162607429,-35.99820434664298,-33.584014606374026,0.021474442083779355,0.026137365403825084,31.2000732421875,77.0999755859375,0
2011-10-11,1659.699951171875,1685.0,1657.5999755859375,1685.0,151,1646.671421595982,1739.593330891927,1666.864386284288,35.049218660030746,-33.46501165637346,-33.56021401637391,-0.005929578676825309,0.02610262584759125,27.4000244140625,9.0999755859375,1
2011-10-12,1681.300048828125,1691.0,1667.0999755859375,1667.0999755859375,37,1650.2857142857142,1734.7466674804687,1668.7891412901329,43.46354897335842,-29.375864161146865,-32.7233440453285,0.013014459415389368,0.024909656364401806,23.9000244140625,65.0,0
2011-10-13,1667.300048828125,1678.800048828125,1656.199951171875,1676.0999755859375,148,1657.800013950893,1729.3733357747396,1668.590595628532,54.19482438655578,-26.95415755763679,-31.569506747790165,-0.008326889664791337,0.019114531730827142,22.60009765625,51.800048828125,1
2011-10-14,1681.800048828125,1683.300048828125,1665.800048828125,1665.800048828125,51,1663.7285853794642,1724.566670735677,1670.3518560551443,63.751154159636435,-23.592944035711753,-29.974194205374484,0.008696695001113586,0.01725639035318471,17.5,61.4000244140625,0
2011-10-17,1675.5,1693.5,1667.300048828125,1683.5999755859375,41,1667.1000104631696,1717.9600056966146,1671.0382752477917,54.56211064685572,-21.193217176780763,-28.217998799655742,-0.0037460153675907826,0.014580842846279468,26.199951171875,19.5,0
2011-10-18,1651.699951171875,1666.0,1627.5,1666.0,85,1669.5571463448662,1710.686669921875,1668.4598320376697,56.745398179368664,-20.970150545083698,-26.768429148741337,-0.014204744152864768,0.013909894836704711,38.5,37.0,0
2011-10-19,1646.0,1659.300048828125,1641.300048828125,1659.300048828125,22,1666.1857212611608,1705.0800048828125,1665.4651877659805,55.7051938965824,-21.011104126039527,-25.616964144200978,-0.0034509604288787132,0.01396708839152466,18.0,5.699951171875,0
2011-10-20,1611.9000244140625,1643.199951171875,1608.699951171875,1643.199951171875,92,1659.3571602957588,1696.996671549479,1658.3231659857247,48.56661163557616,-23.523973455569376,-25.198366006474657,-0.020716874596559798,0.01514934594481422,34.5,-40.0,1
2011-10-21,1635.0999755859375,1647.4000244140625,1626.0999755859375,1626.0999755859375,32,1652.7571498325892,1689.6200032552083,1655.2267405990863,46.321716253127484,-23.373957897124683,-24.833484384604663,0.01439292190612651,0.014411102778190396,21.300048828125,0.5999755859375,1
2011-10-24,1651.5,1657.800048828125,1646.199951171875,1646.199951171875,313,1650.5,1684.3400024414063,1654.7298418525415,57.09876950203639,-21.681790393550273,-24.203145586393788,0.010029982667075554,0.012853530365993085,11.60009765625,-18.0999755859375,1
2011-10-25,1699.5999755859375,1706.800048828125,1645.0,1645.0,355,1653.0428466796875,1680.1,1660.7125263503278,60.52536587500818,-16.27189711302799,-22.61689589172063,0.029125023061421507,0.014377618747533582,61.800048828125,39.9000244140625,1
2011-10-26,1722.699951171875,1723.5999755859375,1708.9000244140625,1717.0,135,1659.7856968470983,1676.7399983723958,1668.977516326534,62.07365434375774,-10.005208916441006,-20.094558496664707,0.013591419109060476,0.014635630384103999,14.699951171875,41.39990234375,1
2011-10-28,1746.199951171875,1752.0,1733.0,1752.0,158,1687.6714041573662,1673.483329264323,1688.2551001102634,64.44192202691897,2.364230366754782,-12.878369137708138,-0.00028625408712268374,0.01355727356362352,19.0,64.39990234375,0
2011-10-31,1724.199951171875,1741.9000244140625,1717.0,1741.9000244140625,62,1703.7142508370537,1671.7433268229167,1693.0477469184782,61.630001558344134,4.837430443869152,-9.335209221392681,-0.012598786287467134,0.014015731462480958,24.9000244140625,48.699951171875,0
2011-11-01,1711.0,1720.0999755859375,1682.5,1706.699951171875,246,1714.5571114676338,1668.556660970052,1695.4413806626812,55.52249199665158,5.667007841642544,-6.334765808785637,-0.007655696291432701,0.013947540636450883,37.5999755859375,59.300048828125,1
2011-11-02,1728.699951171875,1741.4000244140625,1723.199951171875,1724.300048828125,294,1725.5856759207588,1665.9966593424479,1699.8758567305738,61.26191037007118,7.664342274217006,-3.5349441921851086,0.01034479904843666,0.013844239972556802,18.2000732421875,82.699951171875,1
2011-11-03,1764.199951171875,1766.0,1726.5999755859375,1740.5,290,1734.814243861607,1666.8299926757813,1708.4524026560807,64.03268791810973,11.973771333650575,-0.4332010870179719,0.02053566321670508,0.01458224531969061,39.4000244140625,152.2999267578125,0
2011-11-04,1755.300048828125,1761.199951171875,1754.9000244140625,1757.0,47,1739.471400669643,1670.756660970052,1714.6987554790198,63.47064952020797,14.50368768802241,2.5541766679901046,-0.005044724288671643,0.014636061139679897,6.2999267578125,120.2000732421875,1
2011-11-07,1790.300048828125,1797.0,1755.300048828125,1755.300048828125,35,1745.699986049107,1677.3499959309895,1724.7789279255671,72.54395767165511,19.112554487737953,5.865852231939675,0.0199396109077572,0.014313050797233976,41.699951171875,138.800048828125,1
2011-11-08,1798.4000244140625,1798.4000244140625,1785.699951171875,1798.4000244140625,14,1753.1571393694196,1682.2766642252604,1734.5950741240333,74.59654301879641,23.1518350244246,9.32304879043666,0.004524367628342185,0.014070317345572333,12.7000732421875,98.800048828125,0
2011-11-09,1790.9000244140625,1793.0,1774.199951171875,1793.0,6,1762.6857212611608,1688.0966634114584,1742.1024008293707,81.603140037897,25.454384333516373,12.549315899052605,-0.004170373608865741,0.012182265545569036,18.800048828125,68.2000732421875,0
2011-11-10,1758.9000244140625,1766.800048828125,1754.800048828125,1766.800048828125,16,1769.5285818917412,1692.8766642252604,1744.3420839739963,71.19865622212133,24.415590950798787,14.922570909401843,-0.01786811076205641,0.013752300163161807,12.0,12.2000732421875,1
2011-11-11,1787.5,1789.0999755859375,1777.0,1777.0,28,1777.9285888671875,1698.4466634114583,1750.0964727774635,72.35373618982955,25.604960672610105,17.059048862043497,0.016260148495628624,0.014014931031195289,12.0999755859375,41.300048828125,0
2011-11-15,1781.699951171875,1783.0999755859375,1761.300048828125,1779.199951171875,18,1783.6428745814733,1708.073331705729,1757.5115720181284,61.96271156907626,25.387276356760594,20.07064227825374,0.0021936675872635814,0.01219443682116221,21.7999267578125,70.699951171875,0
2011-11-16,1773.800048828125,1777.5,1757.699951171875,1777.5,65,1781.2857317243304,1712.523331705729,1759.683368926128,55.87855858222314,24.402000593777075,20.936913941358405,-0.00443391286987127,0.011850412086789984,19.800048828125,45.10009765625,0
2011-11-18,1724.699951171875,1736.0,1719.0,1725.0,14,1760.6000104631696,1717.793330891927,1750.410174014236,50.09366824609867,15.020487738078828,19.45080776750749,0.0028491116435824804,0.01419787358617725,17.0,-30.60009765625,0
2011-11-21,1678.300048828125,1704.5999755859375,1674.4000244140625,1704.5999755859375,9,1749.085728236607,1718.0833333333333,1740.7954906560878,44.551812672723145,7.995351146767462,17.159716443359486,-0.0269031736866594,0.015844574680559005,30.199951171875,-112.0,1
2011-11-22,1702.199951171875,1702.199951171875,1675.4000244140625,1675.4000244140625,13,1736.9000069754463,1719.5,1735.6494187248595,45.67416599048941,4.306756555392212,14.589124465766032,0.014240542005845791,0.01609627269919747,26.7999267578125,-96.2000732421875,0
2011-11-23,1695.699951171875,1700.0,1681.5999755859375,1691.199951171875,34,1725.171421595982,1719.9799967447916,1730.3228230511284,37.64872541199383,0.8492336526860527,11.841146303150037,-0.0038185878195596823,0.01486048957022563,18.4000244140625,-95.2000732421875,0
2011-11-25,1685.5,1693.5,1675.300048828125,1690.0999755859375,28,1711.4285714285713,1720.5866617838542,1724.3464466443113,37.47304237943886,-2.6830010073349513,8.936316841053038,-0.006015186333422906,0.0148744170343972,18.199951171875,-73.4000244140625,1
2011-11-29,1713.4000244140625,1718.4000244140625,1704.0,1711.300048828125,64786,1701.5142822265625,1722.8166625976562,1721.321562154852,33.86480845021336,-3.7184494876785266,4.4312955524813775,0.00151974252497733,0.014242438761668533,14.4000244140625,-64.4000244140625,1
2011-11-30,1745.5,1749.199951171875,1699.9000244140625,1714.0,15463,1704.4857177734375,1725.9433308919272,1724.5453538675386,42.118034612940924,-1.3636295783142032,3.272310526322262,0.018734665068605327,0.015409641608931657,49.2999267578125,-36.199951171875,0
2011-12-01,1735.300048828125,1753.300048828125,1734.5,1747.0,1350,1712.6285749162946,1728.9199991861979,1725.979313195617,45.56723628367891,-0.31681658522052203,2.554485104013705,-0.00584356984925527,0.014761934351973042,18.800048828125,-38.5,1
2011-12-02,1747.0,1762.9000244140625,1741.5999755859375,1744.800048828125,1067,1719.0285818917412,1733.4233317057292,1728.7820714362015,41.87723404463682,1.4402759283238993,2.331643268875744,0.006742321698069542,0.01411782196114279,21.300048828125,27.199951171875,0
2011-12-06,1727.9000244140625,1731.800048828125,1703.0,1722.0999755859375,648,1730.085728236607,1739.1566650390625,1728.8860868249276,39.442691263473634,1.3067201127244061,1.9936298211396069,-0.0016178002177191786,0.01419216541189911,28.800048828125,49.5999755859375,1
2011-12-07,1740.9000244140625,1741.9000244140625,1720.0,1730.5999755859375,300,1734.3857247488838,1740.5333333333333,1730.4879451701456,43.67062656140139,2.1772686311774123,2.0303575831471683,0.007523583434410952,0.014398786836838885,21.9000244140625,38.7000732421875,0
2011-12-09,1712.800048828125,1720.699951171875,1705.699951171875,1713.300048828125,568,1729.2000209263392,1738.97333984375,1725.7389576361318,47.46917862275797,-0.8399128871203629,1.1880223401488208,0.0017545911301477535,0.012714568969487796,15.0,27.300048828125,0
2011-12-13,1659.9000244140625,1671.800048828125,1628.0,1654.699951171875,274,1706.6000104631696,1734.0966756184896,1709.8492591262084,40.284804785474016,-9.683676234380528,-2.0791786862887593,-0.0025837801249691816,0.01223978935538812,43.800048828125,-53.5,0
2011-12-14,1584.300048828125,1639.5,1565.800048828125,1636.5,890,1685.6857386997767,1729.8733439127604,1693.1093644197972,30.57880435707888,-18.770360964492284,-5.417415141929465,-0.045544896966083215,0.0169590504128179,73.699951171875,-161.199951171875,0
2011-12-15,1574.5999755859375,1592.800048828125,1565.5999755859375,1571.4000244140625,589,1663.7857317243304,1724.736678059896,1677.3081125752826,30.632194763382643,-26.449446171626278,-9.623821347868827,-0.0061226238359094465,0.016959712515621707,27.2000732421875,-160.7000732421875,1
2011-12-19,1594.4000244140625,1603.4000244140625,1589.699951171875,1596.4000244140625,92,1626.5428641183037,1713.7533447265625,1656.81187165724,28.795427276769132,-33.40250174988864,-17.718016669487245,-0.0007520375972895899,0.01676010710776933,13.7000732421875,-136.2999267578125,1
2011-12-23,1604.699951171875,1612.800048828125,1604.699951171875,1612.0,62,1600.8142787388392,1690.5066731770833,1636.252308071877,24.009890519403342,-33.49232731670713,-27.087112398560002,-0.002610524692929328,0.015902878538457947,8.10009765625,-108.10009765625,0
2011-12-27,1594.199951171875,1599.0,1592.5999755859375,1599.0,52,1603.6142752511162,1684.063338216146,1630.6453271518767,23.27067447148822,-33.85904332739051,-28.441498584326105,-0.0065432793166922965,0.01587043400756613,6.4000244140625,-70.0,0
2011-12-28,1562.9000244140625,1588.5999755859375,1561.300048828125,1584.9000244140625,763,1598.9428536551338,1676.9000040690105,1621.6126201201682,16.840524447727148,-36.25735865174124,-30.004670597809135,-0.01963362671966229,0.015800286943784086,27.2999267578125,-97.0,0
2011-12-29,1539.9000244140625,1559.300048828125,1525.0,1559.300048828125,866,1591.1571393694196,1668.8400065104167,1610.7176073593541,17.364565459109713,-39.557949191882244,-31.91532631662376,-0.01471623241456077,0.015664123219466527,34.300048828125,-44.4000244140625,1
2011-12-30,1565.800048828125,1579.5,1547.9000244140625,1549.4000244140625,289,1584.0428641183037,1661.9066731770833,1604.7285995551902,24.04660569471899,-39.62698029780131,-33.45765711285927,0.01681928956648826,0.016811726525154672,31.5999755859375,-8.7999267578125,1
2012-01-03,1599.699951171875,1604.300048828125,1566.0,1568.9000244140625,229,1582.2999965122767,1657.9033365885416,1604.0581131040815,37.98881589416017,-36.525209264500745,-34.07116754318757,0.02165021157658109,0.017063211577156543,38.300048828125,4.0999755859375,1
2012-01-04,1611.9000244140625,1618.5999755859375,1594.5,1596.5999755859375,172,1582.7285679408483,1654.1433390299478,1605.1037012787456,41.316928914775104,-32.705579857102066,-33.79805000597047,0.007626475973353752,0.01728452209694672,24.0999755859375,17.5,1
2012-01-06,1616.0999755859375,1627.800048828125,1616.0999755859375,1622.5,20,1587.9571533203125,1649.3100056966146,1608.2218907486742,60.27737000321651,-25.57231919317428,-31.343934075335618,-0.0020378218959945515,0.011764912715555846,11.7000732421875,4.199951171875,0
2012-01-09,1607.5,1620.0999755859375,1607.5,1614.300048828125,8,1594.328578404018,1646.3700073242187,1608.125638648851,53.139850152958395,-23.48357519030992,-29.77186229833048,-0.005321437854003741,0.011424516833973362,12.5999755859375,-1.4000244140625,1
2012-01-10,1631.0,1638.0,1619.9000244140625,1619.9000244140625,47,1607.3428606305804,1644.553340657552,1611.175553495671,58.64022385328503,-19.70483188105345,-27.758456214875075,0.014618973561430826,0.012009122717119845,18.0999755859375,26.300048828125,1
2012-01-11,1639.199951171875,1645.4000244140625,1633.800048828125,1634.800048828125,65,1617.8285609654017,1642.1666707356771,1614.9121398524983,55.935609728540825,-15.865594358597036,-25.379883843619467,0.005027560497777417,0.011590380801408765,11.5999755859375,45.0,1
2012-01-12,1647.300048828125,1656.0999755859375,1645.199951171875,1645.199951171875,84,1624.6285749162946,1639.9633382161458,1619.2305277159153,58.71063278896321,-12.030678602229727,-22.710042795341522,0.004941494569017824,0.011588880779501485,10.9000244140625,84.4000244140625,0
2012-01-13,1630.4000244140625,1643.4000244140625,1630.4000244140625,1638.9000244140625,368,1627.2714320591517,1636.1266723632812,1620.719793942335,54.95163296380513,-10.237163320702166,-20.215466900413652,-0.010259226560507262,0.011992970166493009,13.0,90.5,1
2012-01-18,1659.5,1660.300048828125,1654.0,1654.0,11,1638.5857107979912,1630.5400024414062,1629.8748618076593,64.10368225229482,-3.574877845370338,-14.730791659706815,0.0025979029452487534,0.012252535094734148,6.300048828125,59.800048828125,0
2012-01-19,1654.0999755859375,1664.4000244140625,1653.5,1663.0,58,1645.2428501674108,1627.986669921875,1633.1048769780964,72.17896591769995,-1.4874768891572785,-12.08212870559691,-0.003254006878012916,0.010601932610281025,10.9000244140625,42.199951171875,1
2012-01-20,1663.699951171875,1664.300048828125,1652.800048828125,1652.800048828125,8,1649.914271763393,1625.8466674804688,1637.1842202039336,82.20600405334255,0.9307125322714,-9.479560458023249,0.005803745678997885,0.00911266290757998,11.5,44.2999267578125,1
2012-01-23,1678.0,1680.0,1669.9000244140625,1676.9000244140625,10,1655.4571358816963,1623.75,1642.6263241767424,81.06309260846407,3.9554436090559193,-6.792559644607415,0.008595329234729165,0.008581810933906689,10.0999755859375,61.9000244140625,0
2012-01-24,1664.199951171875,1668.199951171875,1664.199951171875,1666.9000244140625,5,1657.8714076450892,1622.2299967447916,1645.5028077760935,70.09342737930268,5.179312282822366,-4.398185259121459,-0.00822410538028906,0.007798862127234529,4.0,56.699951171875,1
2012-01-25,1699.800048828125,1706.199951171875,1672.0,1673.0,239,1667.7856968470983,1621.7966634114584,1652.7424399163644,73.89882981272623,8.919054079202397,-1.734737391456688,0.021391718964528073,0.009190214886010921,34.199951171875,68.800048828125,1
2012-01-26,1726.300048828125,1729.0,1721.0,1729.0,16,1677.9428536551338,1623.8666666666666,1662.5501211045992,76.34299727041757,13.861369685150521,1.384484023864754,0.015590068972094473,0.009714638464933869,8.0,87.10009765625,1
2012-01-30,1731.0,1739.9000244140625,1715.699951171875,1737.199951171875,53427,1699.2571498325892,1631.1533325195312,1679.6789854942601,81.29746999908431,20.998972088540086,7.968158015150291,-0.00046197528904468044,0.009216726688628954,24.2000732421875,100.5999755859375,1
2012-01-31,1737.800048828125,1747.699951171875,1725.0,1731.699951171875,7540,1709.8428780691963,1636.5933349609375,1687.428460605442,79.56806387117618,23.640511394321038,11.10262869098444,0.003928393314919232,0.008823313726796192,22.699951171875,82.60009765625,1
2012-02-01,1747.0999755859375,1751.0999755859375,1734.0,1738.199951171875,2027,1719.7143031529017,1641.6433349609374,1695.3846626028414,79.69175452421885,26.182560433441495,14.118615039475852,0.00535155167252066,0.008825011947165801,17.0999755859375,87.5999755859375,1
2012-02-02,1756.800048828125,1761.0999755859375,1742.9000244140625,1745.0999755859375,2062,1732.9428885323662,1647.0566691080728,1703.5733807662125,79.86901936339734,28.649612555394697,17.02481454265962,0.005552099695344648,0.008828338542556855,18.199951171875,102.7000732421875,0
2012-02-03,1737.9000244140625,1761.300048828125,1724.5,1758.699951171875,543,1738.3857421875,1651.1333374023438,1708.1502665859257,79.00696978879827,28.748302583092254,19.369512150746147,-0.01075821031919355,0.00889389547023367,36.800048828125,74.2000732421875,0
2012-02-06,1722.800048828125,1738.300048828125,1713.300048828125,1728.0,726,1737.8857421875,1654.8300048828125,1710.1035708848856,69.24828191235703,27.293451389012716,20.95429999839946,-0.008688633047823635,0.00899524637031944,25.0,44.800048828125,1
2012-02-07,1746.4000244140625,1748.0,1713.199951171875,1722.0,272,1739.9714529854912,1659.4133382161458,1714.943098022109,72.29345938270964,27.72519336188566,22.3084786710967,0.013698615577582895,0.009444531430584886,34.800048828125,82.2000732421875,0
2012-02-08,1729.300048828125,1751.5,1728.199951171875,1744.0,955,1739.7286028180804,1663.5666748046874,1716.857358129578,68.19941753733747,26.38339550629098,23.123462038135557,-0.009791557115715666,0.00996191532511446,23.300048828125,29.5,1
2012-02-09,1739.0,1749.699951171875,1726.0999755859375,1731.4000244140625,119,1739.9000244140625,1668.3933430989584,1719.8097103789678,68.21479866390123,25.805249182925763,23.659819467093598,0.005609177642970753,0.009958178511915683,23.5999755859375,12.699951171875,0
2012-02-13,1723.0,1733.0,1718.4000244140625,1725.0,104,1731.6714564732142,1679.8433430989583,1720.6384103270082,65.10791863321465,21.944037115460787,23.340018420943643,-0.00017411293426761176,0.009938809732715412,14.5999755859375,-8.0,0
2012-02-14,1715.9000244140625,1724.9000244140625,1715.0,1720.0,94,1728.528599330357,1684.8466756184896,1720.0066255386155,54.84647138843427,19.668943819532842,22.605803500661484,-0.0041207055054773845,0.0084401068673736,9.9000244140625,-21.9000244140625,1
2012-02-17,1724.5,1735.0999755859375,1718.800048828125,1733.5999755859375,80,1725.5428815569196,1696.4000122070313,1722.021034623767,47.781569965870304,16.16085608822118,19.957144000287446,-0.0013319717182576074,0.007428647660130825,16.2999267578125,-13.4000244140625,1
2012-02-21,1757.0999755859375,1760.0,1733.5999755859375,1736.0999755859375,115,1728.1285923549108,1701.1000122070313,1726.6982267520566,55.60067758616659,17.6072374321368,19.487162686657317,0.01890401599648439,0.008989707155566056,26.4000244140625,34.2999267578125,1
2012-02-22,1770.0,1781.9000244140625,1750.0,1758.699951171875,161,1734.800013950893,1706.5166788736979,1732.471796518449,56.50938636601796,19.56885168695726,19.503500486717307,0.007341656475614355,0.009082022126096148,31.9000244140625,23.5999755859375,1
2012-02-23,1784.9000244140625,1786.0,1773.0,1774.0,298,1743.6428745814733,1711.6466796875,1739.462226904531,57.7581389768336,22.071328031463054,20.017065995666457,0.008418092889300954,0.009224463319195162,13.0,55.5999755859375,0
2012-02-27,1773.5999755859375,1775.5999755859375,1768.0999755859375,1773.5999755859375,841,1758.857142857143,1720.3866780598958,1748.1320665763478,66.03532794446419,23.34345504048588,21.159399207474927,-0.0008450228272381954,0.008333237876468058,7.5,50.2999267578125,1
2012-02-28,1787.0,1789.4000244140625,1767.9000244140625,1767.9000244140625,306,1767.4571358816963,1725.6066772460938,1753.3144576995014,63.69769079654546,24.416517368457335,21.81082283967141,0.007555268718153707,0.007822140052936478,21.5,64.0,0
2012-02-29,1709.9000244140625,1790.4000244140625,1669.0,1789.9000244140625,359,1765.3714250837054,1727.4300130208333,1747.5258665947763,45.34101402752738,18.828559403534655,21.214370152444058,-0.043144921984296314,0.014123209848703933,121.4000244140625,-6.0,1
2012-03-01,1721.0999755859375,1724.5999755859375,1698.5999755859375,1698.5999755859375,214,1760.2285679408483,1729.4833455403646,1744.0024144602644,45.731993762017105,15.12940257973014,19.997376637901276,0.006550061998924717,0.014157795419833873,26.0,-5.2000732421875,0
2012-03-02,1708.800048828125,1723.0,1705.199951171875,1723.0,135,1751.4857177734375,1731.3066813151042,1739.3087657093126,46.485701268039826,11.077597206271548,18.21342075157533,-0.0071465498415482775,0.01408080378830072,17.800048828125,-18.0,0
2012-03-05,1703.0,1709.5,1695.4000244140625,1705.5,421,1739.7857142857142,1732.6166829427084,1734.4675969480709,45.278565772137775,7.314183435007635,16.033573288261792,-0.0033942232340773426,0.01410118773434845,14.0999755859375,-21.5,0
2012-03-06,1671.4000244140625,1708.699951171875,1666.0,1708.699951171875,176,1724.971435546875,1732.3966837565104,1726.0585872768697,40.58400533121186,1.7614915910078253,13.179156948811,-0.01855547597530094,0.01487397399936652,42.699951171875,-85.699951171875,1
2012-03-07,1683.300048828125,1684.0,1673.0999755859375,1676.0,39,1712.0714460100446,1733.0333536783853,1720.357448817037,40.95879075469006,-1.6596922832661676,10.211387102395568,0.007119794328251494,0.014919481102639626,10.9000244140625,-86.699951171875,1
2012-03-08,1698.0999755859375,1702.4000244140625,1686.4000244140625,1686.4000244140625,301,1699.3714425223213,1732.9766845703125,1717.389785719557,44.307799281717095,-3.1405721894586804,7.540995244024718,0.008792209545835705,0.0151773136889875,16.0,-86.800048828125,1
2012-03-09,1710.9000244140625,1710.9000244140625,1680.699951171875,1698.800048828125,73,1699.5142996651787,1732.4633504231772,1716.5244842121579,47.41051468957832,-3.2439292215315163,5.384010350913472,0.007537865268332222,0.015350474656495238,30.2000732421875,-64.199951171875,0
2012-03-12,1699.199951171875,1708.0999755859375,1694.9000244140625,1708.0999755859375,98,1696.3857247488838,1731.3766805013022,1714.2145464734535,38.02234032505945,-4.221278274850874,3.4629526257606025,-0.006838548761020968,0.014363337106781573,13.199951171875,-74.4000244140625,0
2012-03-13,1693.699951171875,1698.4000244140625,1685.0999755859375,1698.4000244140625,47,1694.2285679408483,1730.1333455403646,1711.4792670999097,33.71744922595039,-5.377648293550465,1.694832441898389,-0.0032368174188134313,0.014093218375754371,13.300048828125,-93.300048828125,0
2012-03-14,1642.5,1681.0,1637.4000244140625,1676.9000244140625,201,1685.5857107979912,1726.9566772460937,1702.2820314865885,23.688093632359013,-10.306679047911302,-0.7054698560635491,-0.03022964671897732,0.015399022011640631,43.5999755859375,-67.4000244140625,1
2012-03-16,1655.5,1661.4000244140625,1641.300048828125,1660.0,317,1679.8571254185267,1720.6466756184896,1691.0545008287459,28.872982617966045,-14.765023549439775,-5.440791125195677,-0.0021698364407883863,0.01595653916941808,20.0999755859375,-53.300048828125,1
2012-03-19,1666.9000244140625,1668.0,1652.0999755859375,1661.199951171875,462,1675.3999895368304,1718.280008951823,1687.8339039734549,28.360355240161894,-15.284267534238097,-7.409486407004161,0.006886151865939327,0.01591767348208903,15.9000244140625,-36.0999755859375,0
2012-03-21,1650.0,1660.0,1646.0999755859375,1657.800048828125,546,1659.199986049107,1712.5300048828126,1678.0361266754783,33.28633025316812,-18.114617207208312,-11.10552350818363,0.0020040377275631904,0.011590544452101774,13.9000244140625,-33.300048828125,0
2012-03-22,1642.300048828125,1649.4000244140625,1633.800048828125,1648.0,321,1651.857142857143,1709.6300048828125,1673.2713162958312,34.02211225536088,-19.295175836717817,-12.743453973890468,-0.004666637073863611,0.011540249476166761,15.5999755859375,-55.7999267578125,1
2012-03-23,1662.300048828125,1665.0999755859375,1646.300048828125,1652.5,76,1654.6857212611608,1707.07333984375,1671.8084806334705,40.845716996818375,-18.404785294746944,-13.875720238061763,0.01217804262641975,0.012206558545908063,18.7999267578125,-48.5999755859375,1
2012-03-27,1684.800048828125,1690.800048828125,1684.4000244140625,1687.800048828125,100,1662.6428745814733,1704.5400065104166,1675.12282085289,50.37000502252912,-13.363398000297366,-14.05661837141511,-0.00041527806103525133,0.01168545463607984,6.4000244140625,-8.89990234375,0
2012-03-28,1657.9000244140625,1670.0999755859375,1657.9000244140625,1670.0999755859375,193107,1661.3571602957588,1702.6066731770834,1672.8264479943798,40.6424715936537,-13.568039140681549,-13.958902525268398,-0.0159663008276697,0.012137992444235952,12.199951171875,15.4000244140625,0
2012-03-29,1652.199951171875,1664.5,1644.300048828125,1661.800048828125,47342,1662.1428745814733,1700.136669921875,1670.076248418046,35.869029238679985,-14.028455687188853,-13.97281315765249,-0.0034381284505994314,0.011850598370666068,20.199951171875,-6.9000244140625,1
2012-03-30,1669.300048828125,1670.0,1659.0,1660.5999755859375,9825,1664.9000244140625,1698.2200032552084,1669.9727551393898,42.984540440713154,-12.865202106464722,-13.751290947414937,0.01034989599419922,0.012242071394462985,11.0,13.800048828125,1
2012-04-02,1677.5,1682.800048828125,1662.0,1670.4000244140625,2531,1669.9285888671875,1696.6533365885416,1670.9763877874714,46.246536722339314,-11.153081947098826,-13.231649147351716,0.0049122092685682794,0.012331037764598233,20.800048828125,10.5999755859375,0
2012-04-03,1670.0,1679.5,1638.699951171875,1677.5999755859375,1165,1671.0285818917412,1693.7500040690104,1670.8462027491419,57.98953643098101,-10.282867213155441,-12.641892760512462,-0.0044709388971684305,0.009060304616557619,40.800048828125,23.300048828125,0
2012-04-04,1612.300048828125,1647.0,1612.300048828125,1646.5,1122,1660.5714460100446,1688.493339029948,1663.0400488930063,39.02441119130163,-14.086736478470357,-12.930861504104042,-0.03455086896519466,0.012787397082033667,34.699951171875,-37.699951171875,1
2012-04-05,1628.5,1633.199951171875,1620.4000244140625,1620.800048828125,289,1652.5285818917412,1683.2800048828126,1658.4347090406054,44.02125904309438,-15.614139524724578,-13.46751710822815,0.010047727272383122,0.013183114116921258,12.7999267578125,-13.800048828125,1
2012-04-09,1642.5,1646.4000244140625,1636.5,1645.300048828125,158,1650.328578404018,1678.8600056966145,1656.3100811685247,44.65848909678133,-15.516074794300039,-13.877228645442528,0.008596868283696546,0.013270394018974348,9.9000244140625,-19.800048828125,1
2012-04-11,1659.0,1659.699951171875,1654.699951171875,1654.800048828125,426,1649.9000069754463,1670.7900065104166,1657.0373498554698,52.023382183434876,-12.526484326377386,-13.611730675398169,-0.00030129557095515125,0.013172723840214217,5.0,-25.800048828125,1
2012-04-12,1679.5,1680.0999755859375,1650.0,1660.0,1309,1650.1857212611608,1669.7766723632812,1660.0323698747407,57.90815452693073,-9.667355127763813,-12.822855565871299,0.012356841470765545,0.013444975891185474,30.0999755859375,21.5999755859375,0
2012-04-13,1659.0999755859375,1674.800048828125,1650.0,1673.300048828125,220,1648.6285749162946,1667.7100056966146,1659.9080506362336,49.3208672381589,-8.944479724527355,-12.047180397602512,-0.012146486700841064,0.013556072706153173,24.800048828125,6.9000244140625,0
2012-04-17,1650.300048828125,1652.9000244140625,1637.0,1652.0,69,1656.9428536551338,1663.9500040690104,1657.3318255681602,42.288786348218224,-9.000821090410682,-10.967291598297994,0.0009705208368040452,0.013029446316593547,15.9000244140625,-27.199951171875,0
2012-04-20,1642.0999755859375,1645.5999755859375,1640.9000244140625,1641.699951171875,54,1651.2999965122767,1659.5733357747397,1651.5115308946197,42.79658797826785,-10.068817480337202,-10.483331396332813,0.0009142996600766118,0.012070159095724385,4.699951171875,13.5999755859375,0
2012-04-23,1631.9000244140625,1642.4000244140625,1625.0999755859375,1642.4000244140625,226,1644.5,1656.9400024414062,1648.8966633638788,38.0503162761119,-10.780310084310258,-10.542727133928302,-0.006211528727558369,0.012009616460024951,17.300048828125,-10.5999755859375,1
2012-04-25,1641.4000244140625,1643.800048828125,1626.9000244140625,1641.300048828125,82,1641.1571568080358,1653.32333984375,1647.2157192929662,60.52060412038275,-9.986089488011658,-10.39727152494244,-0.0009738135033094952,0.007519753917124548,16.9000244140625,-17.5999755859375,1
2012-05-01,1661.699951171875,1670.5,1661.699951171875,1665.0,25,1652.142857142857,1654.1466715494792,1653.7729434999198,51.16881003111472,-3.68055073927826,-7.395736941931671,-0.0010220471427409006,0.006837371288329614,8.800048828125,11.39990234375,0
2012-05-02,1653.4000244140625,1659.199951171875,1648.300048828125,1659.199951171875,50,1655.2142857142858,1654.3700073242187,1653.723220955139,37.36689540587522,-3.4451087459947303,-6.605611302744283,-0.0049948408266842215,0.005969668345208492,10.89990234375,14.5999755859375,0
2012-05-03,1634.199951171875,1652.199951171875,1631.300048828125,1651.199951171875,78,1653.9571358816963,1653.8433390299479,1651.1201183173703,37.806057606201804,-4.753014921619524,-6.2350920265193315,-0.01161247910891483,0.0058949056782372534,20.89990234375,-6.4000244140625,1
2012-05-04,1644.699951171875,1645.5999755859375,1629.4000244140625,1635.699951171875,68,1654.4285539899554,1653.9233357747396,1650.2640960313042,48.0430519026017,-4.88595548746116,-5.965264718707698,0.006425162350831348,0.006007853248250557,16.199951171875,2.5999755859375,0
2012-05-07,1638.5999755859375,1640.0,1632.5999755859375,1637.9000244140625,21,1651.4285539899554,1653.1333333333334,1648.708879971922,44.5172952287249,-5.421038536073411,-5.856419482180841,-0.003708868345007943,0.006070159434876211,7.4000244140625,6.699951171875,0
2012-05-08,1604.0,1636.699951171875,1596.0,1636.699951171875,154,1642.8571254185267,1650.4166666666667,1642.747695975666,36.59472219087387,-8.538596942427375,-6.392854974230148,-0.02111557189152591,0.008077174495320468,40.699951171875,-39.0,0
2012-05-10,1595.0999755859375,1595.0999755859375,1592.4000244140625,1594.199951171875,6,1623.3856898716517,1645.2866617838542,1630.7269271908199,32.99565245810125,-13.941575461726416,-8.752618888026802,0.0008784742780678645,0.008139777124991667,2.699951171875,-64.5,0
2012-05-11,1583.5999755859375,1589.5999755859375,1583.5999755859375,1586.0999755859375,6,1613.4142543247767,1642.9999959309896,1624.4433336435022,32.68815454189068,-16.452003589798778,-10.292495828381199,-0.007209579447066128,0.00818336515522798,6.0,-80.4000244140625,0
2012-05-15,1556.800048828125,1558.300048828125,1542.4000244140625,1555.4000244140625,28,1590.3428431919642,1635.3533284505208,1608.046774292578,22.460941070070447,-22.972171555246177,-14.392213056998985,-0.0024349140184920515,0.008352216656286266,15.9000244140625,-104.89990234375,0
2012-05-16,1536.199951171875,1541.4000244140625,1528.5,1541.4000244140625,26,1575.7142682756696,1630.8933268229166,1598.4671978764843,10.448741072637262,-26.630503228934913,-16.839871091386172,-0.013232333639606852,0.007518457383025289,12.9000244140625,-117.2000732421875,1
2012-05-17,1574.5,1579.0,1546.9000244140625,1546.9000244140625,51,1571.4999825613838,1629.6333251953124,1595.2715714929532,26.43498394895549,-26.137961434522595,-18.699489160013457,0.024931682102260266,0.010947519055445068,32.0999755859375,-59.699951171875,1
2012-05-21,1588.4000244140625,1594.0999755859375,1588.4000244140625,1591.9000244140625,32,1570.2428501674108,1626.599991861979,1593.931091910957,32.3713520562592,-22.466381865160884,-20.31536507437396,-0.002010524768132793,0.011605340455962536,5.699951171875,-50.199951171875,0
2012-05-22,1576.300048828125,1578.0999755859375,1568.4000244140625,1575.699951171875,27,1569.2000034877233,1623.82666015625,1591.5802861665795,31.79028131517599,-21.903452869287776,-20.632982633356725,-0.007617713044546837,0.011658377620232795,9.699951171875,-27.699951171875,0
2012-05-23,1548.0999755859375,1548.0999755859375,1534.4000244140625,1538.199951171875,6,1567.4142892020088,1620.1299926757813,1585.782911422494,30.493895103638053,-23.46237812694858,-21.198861732075095,-0.017890041469675988,0.012112796015379719,13.699951171875,-45.5999755859375,1
2012-05-24,1557.300048828125,1569.4000244140625,1551.5,1559.0,23,1567.4857177734375,1616.056660970052,1581.9851964099114,30.082077486221195,-23.682471809477647,-21.695583747555606,0.005942815959741443,0.01208215047444207,17.9000244140625,-37.7999267578125,1
2012-05-25,1568.800048828125,1568.800048828125,1557.300048828125,1558.199951171875,7,1572.1428745814733,1613.0466634114584,1580.22717673234,34.47511706088795,-22.66764524382961,-21.88999604681041,0.007384575636951718,0.012448576044621512,11.5,-14.7999267578125,0
2012-05-29,1548.5999755859375,1582.5,1548.5999755859375,1574.699951171875,259050,1568.44287109375,1609.7099975585938,1576.0102165794863,36.83461176294486,-23.22563431577464,-22.157123700603258,-0.01287612991679643,0.01170018210528801,33.9000244140625,-12.0,1
2012-05-31,1562.5999755859375,1572.5999755859375,1551.800048828125,1562.699951171875,5901,1560.7285853794642,1604.2733276367187,1572.7650066856754,42.41718255496289,-21.238272942826825,-21.98301295247115,-0.0005117364817905923,0.012042644978829576,20.7999267578125,26.4000244140625,1
2012-06-01,1620.5,1630.0,1545.5,1560.0,2820,1567.0428641183037,1603.6033284505208,1579.1296724609188,57.077096181643405,-15.610239229472882,-20.708458207871498,0.03705364477069795,0.015665999060745773,84.5,46.0,0
2012-06-05,1615.199951171875,1622.699951171875,1612.9000244140625,1619.300048828125,604,1584.4714181082588,1602.0499918619792,1587.7604973845346,61.90860474679417,-8.237242521981443,-16.77046636536217,0.0018608113700904205,0.015042827449858616,9.7999267578125,26.7999267578125,1
2012-06-06,1632.800048828125,1639.699951171875,1616.5,1619.699951171875,419,1593.6142752511162,1601.7099934895834,1593.7657709103466,69.94218050850105,-4.038117363023048,-14.223996564894348,0.010896544197813274,0.014442605679104286,23.199951171875,56.5,0
2012-06-08,1590.0999755859375,1593.9000244140625,1566.5,1589.9000244140625,157,1602.8571254185267,1597.5666585286458,1592.448950740716,49.68287591900948,-4.3323176079009045,-10.671847240850084,0.002205975074912825,0.015332773606250617,27.4000244140625,32.7999267578125,1
2012-06-11,1595.5,1608.0,1583.0,1608.0,129,1607.55712890625,1595.2833251953125,1592.8557573086207,51.48721384244426,-3.8088143088582456,-9.299240654451717,0.0033960282353142635,0.01534520089089213,25.0,26.699951171875,1
2012-06-12,1612.699951171875,1612.800048828125,1588.5,1594.0999755859375,523,1606.442836216518,1593.5933227539062,1595.5016498237214,57.46509888274367,-1.9831809832608087,-7.836028720213536,0.01078028904536188,0.015390943548511078,24.300048828125,64.0999755859375,1
2012-06-14,1618.4000244140625,1626.4000244140625,1610.0999755859375,1621.199951171875,493,1607.7428501674108,1590.9733235677083,1601.1661285238454,64.40354595928581,1.4014411042899155,-4.750685352356106,0.00018543281172500592,0.014315905206587981,16.300048828125,55.800048828125,1
2012-06-19,1622.199951171875,1630.699951171875,1622.0,1629.800048828125,32,1617.085693359375,1589.5533243815105,1609.3928721040784,66.42452694440902,5.244811505480357,-0.23923486639846248,-0.0021529188073586836,0.013574943362997086,8.699951171875,7.0,0
2012-06-20,1614.800048828125,1618.300048828125,1601.300048828125,1618.300048828125,140,1619.8428431919642,1589.9133260091146,1610.113829000618,64.06250308299522,5.136743902096896,0.8359608873006092,-0.0045616462621665965,0.0136918880151524,17.0,-18.0,0
2012-06-22,1566.0,1568.4000244140625,1560.0,1565.5,16,1605.5142822265625,1587.9699951171874,1598.9610537826863,36.50703899970909,-2.16645023769388,0.2586845446798869,0.0009587727708533222,0.012515039637392388,8.4000244140625,-24.0999755859375,1
2012-06-25,1587.5,1587.5,1571.0,1574.9000244140625,32,1601.0999930245537,1588.0999959309895,1597.4329132783282,42.699018805372376,-2.892610832452192,-0.3715745307465289,0.013729246487867108,0.013180996865448982,16.5,-8.0,0
2012-06-27,1577.5,1577.5,1563.0,1567.0,220,1586.642857142857,1589.236661783854,1592.0673881957223,46.81596429977866,-5.4386106893814485,-2.0464096654375776,0.0022236340533672294,0.01050030740737139,14.5,-40.5999755859375,0
2012-06-28,1549.699951171875,1573.699951171875,1548.4000244140625,1573.699951171875,133,1576.2857142857142,1589.686661783854,1586.4183965925426,37.91865827847351,-8.325370404010982,-3.3022018131522586,-0.0176228518720285,0.011424376976201163,25.2999267578125,-68.7000732421875,1
2012-06-29,1603.5,1603.5,1561.9000244140625,1562.5999755859375,61,1574.671421595982,1590.6533284505208,1588.695943713537,51.85528672921918,-6.200458930277819,-3.881853236577371,0.03471642932390995,0.0150167780518856,41.5999755859375,-23.5,0
2012-07-02,1597.199951171875,1598.300048828125,1589.699951171875,1597.0999755859375,35,1579.3428431919642,1590.8399943033853,1589.8298113746487,46.21397527825087,-4.967549745633278,-4.098992538388552,-0.003928935970143432,0.01475153816684979,8.60009765625,-28.5,1
2012-07-03,1621.300048828125,1624.0,1603.800048828125,1603.800048828125,44,1587.2428501674108,1591.936661783854,1594.0258430351123,50.7162196497996,-2.0224700899784693,-3.683688048706536,0.015088967188214397,0.015315519418077328,20.199951171875,-0.89990234375,0
2012-07-05,1608.9000244140625,1619.199951171875,1598.0,1618.5,27,1590.2999965122767,1593.0233276367187,1596.0090672189724,47.98301695298303,-0.6811991439062695,-3.0831902677464833,-0.007648198384392346,0.015460466196350171,21.199951171875,-5.9000244140625,0
2012-07-06,1578.4000244140625,1593.800048828125,1578.4000244140625,1592.300048828125,15,1590.9285714285713,1594.033329264323,1593.6611948449845,40.55945515153729,-2.0556313184208648,-2.8776784778813598,-0.01895705111391721,0.016127758182637817,15.4000244140625,13.9000244140625,1
2012-07-09,1588.5999755859375,1588.5999755859375,1580.9000244140625,1582.0999755859375,5,1592.5142822265625,1595.07666015625,1592.986365610445,43.03418104074615,-2.2953683266980534,-2.7612164476446983,0.006462209208126124,0.016286827481681886,7.699951171875,22.5999755859375,0
2012-07-11,1575.199951171875,1579.5,1575.199951171875,1577.4000244140625,12,1592.7000034877233,1596.3133260091147,1589.0333137460123,42.63391843459527,-4.197436702100731,-3.1184919345408884,-0.0025961486288132996,0.01631056557274264,4.300048828125,1.199951171875,0
2012-07-12,1564.9000244140625,1574.699951171875,1557.199951171875,1569.300048828125,44,1588.085728236607,1596.3633260091146,1585.8155418350857,50.08741785735816,-5.753568444984694,-3.6455072366296495,-0.006538805914861667,0.014057045479491376,17.5,-12.5999755859375,1
2012-07-17,1589.0999755859375,1596.0,1576.300048828125,1596.0,27,1582.8428431919642,1595.5833251953125,1587.454965075684,53.40857048853999,-3.4949733785433637,-3.8153629635684174,-0.0013197433700213868,0.014119728107802947,19.699951171875,-8.0999755859375,0
2012-07-18,1570.4000244140625,1583.699951171875,1569.9000244140625,1581.199951171875,30,1580.2428501674108,1594.0899943033853,1585.1809729874678,48.50021685910656,-4.559152145463031,-3.9641207999473407,-0.011767636686911387,0.014499272080977467,13.7999267578125,-50.9000244140625,1
2012-07-20,1582.5,1584.4000244140625,1576.0999755859375,1583.9000244140625,5,1581.3999895368304,1592.196659342448,1584.236372444962,43.72009385983228,-4.329947580408316,-4.1337738696735435,0.001518906683846133,0.009794402955235025,8.300048828125,4.0999755859375,0
2012-07-24,1576.0,1581.9000244140625,1574.0,1574.0,9,1580.914271763393,1591.1133260091146,1582.3135391485907,34.19396002426076,-4.714916076702366,-4.312681272929247,-0.0006974672518962333,0.008647242068629631,7.9000244140625,-3.300048828125,1
2012-07-25,1608.0,1608.0,1583.300048828125,1583.699951171875,12,1583.3142787388392,1590.956660970052,1585.7384005954455,49.723749039884595,-2.2568675779746172,-3.901518533938321,0.020304568527918843,0.010307379834914523,24.699951171875,32.800048828125,1
2012-07-30,1619.699951171875,1625.800048828125,1613.0999755859375,1622.9000244140625,52890,1599.4571358816963,1590.5933268229167,1596.9135566391174,66.21185788099012,4.283383290702886,-0.7168243168642747,0.0011125080231482176,0.008420831672037242,12.7000732421875,28.5,0
2012-07-31,1610.5,1627.5,1610.0,1621.0999755859375,6281,1603.4571358816963,1590.0866617838542,1598.7250824205685,63.60837647058823,4.938636376818067,0.4142678218721937,-0.0056800342342535615,0.008584505826053662,17.5,21.4000244140625,0
2012-08-01,1603.699951171875,1617.199951171875,1592.0,1613.4000244140625,3530,1607.2571323939733,1589.4699951171874,1599.388398254076,65.37241652149436,4.853276507835062,1.3020695590647675,-0.004222321532521001,0.008436230780487827,25.199951171875,33.2999267578125,0
2012-08-02,1587.4000244140625,1615.0,1583.0999755859375,1600.0,933,1608.885707310268,1588.556660970052,1597.7899484087409,48.18654652172813,3.4308120656114625,1.7278180603741067,-0.010163950398515365,0.007753878390269773,31.9000244140625,7.300048828125,1
2012-08-03,1606.0,1606.0,1585.0999755859375,1589.300048828125,676,1608.5999930245537,1589.9399943033854,1598.884621954242,55.52241634068975,3.7610067850769155,2.1344558053146683,0.011717257968925088,0.008377835744641555,20.9000244140625,23.5,1
2012-08-10,1619.699951171875,1624.0999755859375,1605.0,1615.800048828125,1219,1609.385707310268,1597.1933268229166,1607.1614902861998,68.3937834758015,6.483659614274075,4.47093788113409,0.0016078013884055498,0.00739222846879847,19.0999755859375,1.7999267578125,0
2012-08-13,1609.5999755859375,1623.699951171875,1607.300048828125,1622.0,402,1612.55712890625,1597.396659342448,1607.4866216594983,63.46153658052293,6.090078233861732,4.794765951679619,-0.006235707779474797,0.007686046571624402,16.39990234375,-10.0999755859375,0
2012-08-15,1603.699951171875,1604.5999755859375,1592.0,1593.800048828125,280,1610.2999790736608,1596.8833251953124,1606.0472810238984,44.3668639917435,4.252371161359633,4.702907294782396,0.002688462355993737,0.005642010562781822,12.5999755859375,0.0,1
2012-08-20,1620.0999755859375,1621.4000244140625,1611.5999755859375,1614.0,68,1612.1285574776787,1599.4366577148437,1610.1124966560567,54.669252152559494,5.473183756549361,4.900768767997202,0.002351003305709032,0.005837696303614991,9.800048828125,7.199951171875,1
2012-08-22,1637.4000244140625,1653.0999755859375,1635.0,1638.4000244140625,37,1618.9857177734375,1603.5299926757812,1617.1929480091603,74.50980392156862,8.571203335122618,6.0297983772383645,-0.001524483177499314,0.00559218668367995,18.0999755859375,24.5,1
2012-08-27,1672.4000244140625,1674.9000244140625,1663.9000244140625,1674.9000244140625,42,1646.5000174386162,1612.3333292643229,1635.88140105288,78.9474218123903,16.579262131279847,10.26299980277038,0.0015570580368362563,0.006791125299934928,11.0,62.800048828125,0
2012-08-28,1666.5,1671.0,1659.199951171875,1659.9000244140625,51,1653.6714390345983,1614.913330078125,1639.963880912496,74.14415969893689,17.519610578526454,11.714321957921594,-0.0035278786940520224,0.006995924693413653,11.800048828125,67.0999755859375,0
2012-08-29,1659.800048828125,1667.300048828125,1659.800048828125,1667.199951171875,403,1659.3428780691963,1617.893330891927,1642.6087033012468,68.81062518350899,17.522228093814647,12.875903185100205,-0.004020372740399014,0.0071992480561891775,7.5,56.10009765625,0
2012-08-30,1653.5,1662.0,1650.699951171875,1655.4000244140625,418,1661.2857317243304,1620.339998372396,1644.060876194414,64.41982206057273,16.82202734493012,13.66512801706619,-0.0037956673350943992,0.007358465364698399,11.300048828125,37.4000244140625,1
2012-08-31,1684.5999755859375,1690.0,1646.199951171875,1658.5999755859375,58,1668.0285818917412,1623.7433308919271,1649.4660894466172,77.13459714132779,18.56264273263173,14.644630960179299,0.018808573078885615,0.008314912725230751,43.800048828125,68.2999267578125,1
2012-09-05,1690.800048828125,1693.300048828125,1690.4000244140625,1690.4000244140625,82,1674.3571602957588,1631.430000813802,1659.9963165159454,82.47577711670314,21.398671229827414,16.912609229496148,-0.0012404604853522017,0.007966808544937917,2.9000244140625,50.9000244140625,1
2012-09-06,1702.5999755859375,1712.4000244140625,1696.4000244140625,1696.4000244140625,39,1678.6714390345983,1634.5833333333333,1665.6768043919444,82.39700374531836,22.896614337394112,18.109410251075744,0.0069789013585557225,0.007940814419532425,16.0,65.199951171875,1
2012-09-07,1737.5,1738.199951171875,1696.699951171875,1696.699951171875,109,1688.8142961774554,1638.6666666666667,1675.2532304730187,86.0285333995213,26.593333940884122,19.80619498903742,0.02049807642106405,0.009017135076728324,41.5,67.9000244140625,0
2012-09-12,1730.5999755859375,1742.300048828125,1730.5,1742.199951171875,15,1716.4142892020088,1650.1,1694.5196856005798,80.02571967909391,30.55298185723973,24.679632126781797,-0.0006929629335670207,0.009139653123877814,11.800048828125,64.0999755859375,1
2012-09-20,1767.699951171875,1771.300048828125,1760.5999755859375,1769.0999755859375,17,1763.1857038225446,1682.7366658528647,1737.1591949397525,89.32493303807877,37.236123923991045,33.750865055682006,-0.0007349060645138739,0.008987137700239872,10.7000732421875,65.0999755859375,1
2012-09-21,1775.5,1785.300048828125,1772.300048828125,1785.300048828125,10,1769.5999930245537,1688.0166666666667,1742.271302281119,87.28451275724532,37.03981572049406,34.40865518864442,0.004412541179827478,0.008036654622965121,13.0,38.0,0
2012-09-25,1763.800048828125,1772.699951171875,1763.800048828125,1772.5999755859375,5,1767.7428501674108,1697.9033365885416,1747.4331151803879,78.83083022855777,33.83851064696819,34.45243489306893,0.000964799537904959,0.008512596779853844,8.89990234375,32.0,0
2012-09-26,1750.5999755859375,1764.199951171875,1743.0,1762.800048828125,15237,1765.2999965122767,1702.9433349609376,1747.8553632344613,68.74989271225331,31.180449691096783,33.798037852674504,-0.0074838830234513765,0.00887011272368532,21.199951171875,20.0,1
2012-09-27,1777.5999755859375,1780.199951171875,1750.699951171875,1752.5999755859375,6989,1766.6142752511162,1708.7400024414062,1751.8213115479914,66.69431273599528,30.89643669500242,33.21771762114009,0.015423283660770615,0.008129885478696466,29.5,8.5,0
2012-09-28,1771.0999755859375,1782.199951171875,1767.5,1776.800048828125,2839,1766.914271763393,1713.906669108073,1754.3918000863844,67.99651407272158,29.80330472717924,32.53483504234792,-0.0036566157117871034,0.008048570668443228,14.699951171875,1.2999267578125,1
2012-10-01,1780.5,1791.0,1763.300048828125,1766.0,816,1768.7428501674108,1719.380000813802,1757.8728934081998,69.62116085269793,29.357082999355043,31.899284633749346,0.005307449914538465,0.008104224021956038,27.699951171875,12.800048828125,0
2012-10-03,1777.300048828125,1779.9000244140625,1771.9000244140625,1772.199951171875,134,1770.5142822265625,1729.0466674804688,1762.176529694659,54.23554617896042,27.07447259681885,30.31854857484916,0.002594966877056182,0.00581386599761674,8.0,8.300048828125,1
2012-10-04,1794.0999755859375,1794.800048828125,1783.5,1783.5,199,1774.8428431919642,1734.269999186198,1766.4329891468294,60.76165474261013,27.341246705694857,29.7230882010183,0.009452498900728523,0.006303114916771821,11.300048828125,26.4000244140625,0
2012-10-08,1773.5,1778.0,1766.800048828125,1778.0,33,1778.2571323939733,1741.3599975585937,1768.7812201379936,51.951018822318545,24.24994890036919,28.033119726989746,-0.0028674101292829324,0.006854841834184906,11.199951171875,11.4000244140625,0
2012-10-10,1763.199951171875,1764.199951171875,1758.0999755859375,1762.4000244140625,29,1774.6285574776787,1747.6033284505208,1767.3689988376764,48.38709959694991,19.58271540930241,25.339841423778058,0.00011341529885133816,0.007047286741238406,6.0999755859375,12.5999755859375,1
2012-10-11,1768.800048828125,1771.0,1761.5999755859375,1761.5999755859375,30,1774.0714285714287,1751.236661783854,1767.5598055030696,47.560110387601306,18.097975479997103,23.89146823502187,0.0031760990309284143,0.0069931273797903815,9.4000244140625,-8.7999267578125,0
2012-10-12,1758.0,1769.5,1753.5999755859375,1769.5,84,1771.3142787388392,1754.7199951171874,1766.2851647693271,48.47811212861305,15.866930609152405,22.28656070984798,-0.006105861900716381,0.006887201563194704,15.9000244140625,-13.0999755859375,0
2012-10-15,1736.0,1750.0,1729.9000244140625,1750.0,108,1763.0142822265625,1756.433329264323,1762.2471428000836,41.03225643860818,12.183155503970283,20.26587966867244,-0.012514220705347023,0.0076230421343556004,20.0999755859375,-44.5,1
2012-10-16,1744.699951171875,1744.699951171875,1736.5999755859375,1736.699951171875,15,1758.171421595982,1758.1599934895833,1759.9075172496557,48.03986058851631,9.852180737222625,18.183139882382477,0.005011492610527135,0.0075501618949532666,8.0999755859375,-28.0,1
2012-10-17,1751.5,1751.5,1746.0,1749.4000244140625,36,1755.028564453125,1760.1833251953126,1758.7865149497015,39.984673310105975,8.456096929197201,16.237731291745423,0.0038975462935948446,0.0062261224509910645,5.5,-25.800048828125,0
2012-10-18,1743.300048828125,1749.0999755859375,1740.5,1749.0999755859375,27,1752.2142857142858,1761.5399943033854,1756.721652800158,39.46973445107713,6.611806137925669,14.312546260981472,-0.004681673520910645,0.006265191111270896,8.5999755859375,-50.7999267578125,0
2012-10-22,1725.0999755859375,1728.300048828125,1715.0,1715.0,12,1740.2000034877233,1760.9299967447917,1748.5855993792713,32.70349417460139,1.127894407013855,9.938596186327413,0.0013349934366306826,0.006613262084053781,13.300048828125,-48.4000244140625,0
2012-10-23,1708.300048828125,1726.5999755859375,1708.300048828125,1726.5999755859375,75,1733.1000104631696,1760.1466634114583,1743.2141926391184,26.969262361876204,-2.0492741704154014,7.54102211497885,-0.009738523561283019,0.0067845346555885444,18.2999267578125,-54.699951171875,0
2012-10-24,1700.5,1708.5,1698.5999755859375,1708.4000244140625,27,1728.0285818917412,1759.143330891927,1737.5189669539027,16.761355015852686,-5.137381376395297,5.005341416704021,-0.0045659712024685994,0.005799634841905897,9.9000244140625,-62.699951171875,1
2012-10-26,1710.9000244140625,1716.199951171875,1706.0999755859375,1706.0999755859375,77,1717.557163783482,1755.2766642252604,1731.0209162116953,26.430719084619227,-7.72463804902327,0.6055446544911642,-0.0006425091039354847,0.00627860557877831,10.0999755859375,-47.0999755859375,1
2012-11-01,1714.0999755859375,1725.0999755859375,1714.0999755859375,1722.300048828125,24,1712.6285749162946,1751.793330891927,1727.202373810465,31.4156000528571,-8.406775124819887,-2.5747975325718047,-0.0019796357578238943,0.006391745472300518,11.0,-30.5999755859375,0
2012-11-02,1674.0999755859375,1711.300048828125,1674.0999755859375,1711.300048828125,50,1705.3428606305804,1748.6299967447917,1720.1220540471945,21.56151871709507,-11.81569999358021,-4.422978024773486,-0.02333586171735791,0.008364430686804642,37.2000732421875,-77.4000244140625,1
2012-11-05,1682.199951171875,1683.0999755859375,1674.300048828125,1682.800048828125,7,1701.6142752511162,1745.7799967447916,1715.0657736638186,26.86198436782705,-13.705706325570645,-6.279523684932919,0.004838406131092876,0.008648016243949072,8.7999267578125,-61.10009765625,1
2012-11-07,1713.199951171875,1726.5,1703.699951171875,1707.699951171875,42,1703.728550502232,1742.1033284505208,1714.7053939981154,40.506323525516315,-11.459114080490963,-8.308407388780804,-0.0005250711317201784,0.00985900757147601,22.800048828125,-11.9000244140625,1
2012-11-12,1730.300048828125,1733.4000244140625,1730.300048828125,1733.199951171875,6,1709.9428536551338,1738.569999186198,1719.6577777426482,52.54237288135593,-5.907657529372727,-7.8670173965418115,0.0,0.00947592538790186,3.0999755859375,18.300048828125,0
2012-11-13,1724.199951171875,1728.199951171875,1718.5,1721.5999755859375,12,1717.0999930245537,1737.0066650390625,1720.2634008665452,49.702569928137535,-5.035124438693856,-7.3006388049722215,-0.003525456559040907,0.009526052794659954,9.699951171875,13.2999267578125,1
2012-11-14,1729.5,1729.5,1722.0,1722.0,11,1723.857142857143,1735.3066650390624,1721.4949474176724,57.58222701887109,-3.871339638468953,-6.6147789716715675,0.0030739177463279255,0.009124986875468203,7.5,12.0,0
2012-11-16,1714.300048828125,1714.300048828125,1706.9000244140625,1710.0,16,1723.9000244140625,1731.226668294271,1719.5886615464963,50.83516541966598,-4.343557442366318,-5.775406573841346,0.0005836689263412076,0.009263417338237033,7.4000244140625,40.2000732421875,1
2012-11-19,1734.0,1734.0,1721.800048828125,1721.800048828125,4,1725.1285923549108,1729.2233357747396,1721.510173340297,57.38961942688715,-2.8289709037082957,-5.186119439814736,0.011491542093428508,0.009740358160271589,12.199951171875,51.800048828125,0
2012-11-21,1727.9000244140625,1727.9000244140625,1725.800048828125,1725.800048828125,23,1723.7714320591517,1725.856669108073,1722.557416699559,54.2645314711483,-1.7885649684621967,-4.072290619284807,0.0027275263320378773,0.009882078364205722,2.0999755859375,14.7000732421875,1
2012-11-26,1749.5,1750.5,1749.4000244140625,1750.300048828125,24,1730.5000174386162,1725.0100056966146,1729.4711319633634,74.22601136155912,2.380587266120756,-2.0287640720522226,-0.0010278357665378657,0.0077407514479497725,1.0999755859375,19.199951171875,0
2012-11-27,1742.199951171875,1746.4000244140625,1742.199951171875,1746.4000244140625,7,1734.6285749162946,1724.1233357747396,1731.1683078578317,62.29215815897705,3.1397987256268607,-0.9950515125164059,-0.004172648658545275,0.006382885194580092,4.2000732421875,11.89990234375,0
2012-11-28,1716.5,1739.800048828125,1716.5,1739.800048828125,276136,1734.9428536551338,1722.7400024414062,1729.2125334767875,51.18621161727409,1.6487027816076534,-0.46630065369159407,-0.014751436053357825,0.007676694972567814,23.300048828125,-7.699951171875,1
2012-11-29,1727.199951171875,1729.0,1717.699951171875,1719.5999755859375,65599,1733.9714181082588,1722.4466674804687,1728.944189169466,50.654042108867735,1.3152339413818481,-0.10999373467690565,0.006233586467739638,0.00761826533797294,11.300048828125,-2.300048828125,0
2012-11-30,1710.9000244140625,1731.199951171875,1708.4000244140625,1725.199951171875,3690,1732.2142857142858,1721.3200032552083,1726.5383005354122,43.48993002673256,-0.2612982980663219,-0.1402546473547889,-0.009437197324347557,0.007976953755413236,22.7999267578125,-2.4000244140625,1
2012-12-03,1719.5999755859375,1721.9000244140625,1714.5,1714.9000244140625,1238,1731.028564453125,1720.2566691080729,1725.613190542149,46.60746091545725,-0.7994821722645611,-0.27210015233674334,0.0050850143478455845,0.008129294792280353,7.4000244140625,5.2999267578125,0
2012-12-05,1692.4000244140625,1706.0,1685.0,1697.0999755859375,1262,1714.7428501674108,1717.6133341471354,1717.5779136391584,39.30835686208015,-5.243302568823992,-1.7383690611716038,-0.0011803588120766761,0.008874307690338997,21.0,-30.7999267578125,1
2012-12-07,1704.0,1704.5,1684.0,1701.199951171875,169,1706.971435546875,1716.6433349609374,1713.7709718868846,46.93268170965425,-6.471696865572312,-3.388779157873283,0.002176057793108477,0.008735537574706425,20.5,-47.300048828125,1
2012-12-11,1708.199951171875,1714.0999755859375,1705.9000244140625,1710.0,88,1704.5571463448662,1716.9333333333334,1712.9390790401767,45.039680937810324,-5.842902162591599,-4.288183384210467,-0.002802130080633347,0.008105899431342068,8.199951171875,-34.0,1
2012-12-12,1716.5999755859375,1722.300048828125,1708.0,1710.0999755859375,195,1704.1285749162946,1717.1233317057292,1713.4271985796115,46.35246741374691,-5.028273395948418,-4.436201386558057,0.0049174714050892465,0.00819555601247744,14.300048828125,0.0999755859375,0
2012-12-17,1697.0,1698.5,1689.5,1690.5,65,1704.3142787388392,1716.5466674804688,1707.414626983829,34.392261001517454,-7.054297709805724,-5.521781484743691,0.0007076018028802089,0.007727802487654752,9.0,-22.5999755859375,0
2012-12-19,1666.5,1676.0,1664.5999755859375,1675.300048828125,76,1692.7428501674108,1714.536669921875,1697.5780976011872,28.149750234649375,-11.462540373196589,-7.33880411971481,-0.0017969451931716396,0.007566315716945354,11.4000244140625,-25.9000244140625,0
2012-12-20,1644.9000244140625,1671.0,1637.5999755859375,1667.9000244140625,158,1683.7000034877233,1712.2600056966146,1690.5543545095707,27.11511014267502,-14.630022034983313,-8.797047702768511,-0.01296128147971043,0.0078666098359862,33.4000244140625,-55.4000244140625,1
2012-12-27,1662.5999755859375,1662.5999755859375,1656.199951171875,1656.199951171875,446,1660.142857142857,1703.2566691080729,1677.3430164729439,34.172929903337916,-16.77183234451354,-13.40998273046051,0.0016869060582263007,0.00729541965693205,6.4000244140625,-54.0,0
2012-12-28,1654.9000244140625,1664.0,1653.699951171875,1664.0,197,1658.0571463448662,1700.7700032552084,1674.3506175317598,30.056870299027707,-17.07187741079838,-14.142361666528084,-0.004631271072382481,0.007252878365068532,10.300048828125,-40.699951171875,1
2012-12-31,1674.800048828125,1677.0999755859375,1655.4000244140625,1655.4000244140625,89,1659.2428676060267,1699.486669921875,1674.4105417046085,35.74628687616604,-15.524937809634366,-14.418876895149342,0.012024910339286654,0.007966826857227872,21.699951171875,-21.0,1
2013-01-02,1687.9000244140625,1693.800048828125,1670.0,1672.800048828125,35,1665.3857247488838,1698.606669108073,1676.2091393992025,42.86720407370202,-13.091013427967937,-14.153304201713063,0.007821814666833626,0.00833875755320481,23.800048828125,-9.0999755859375,0
2013-01-03,1673.699951171875,1686.800048828125,1662.0,1686.0999755859375,140,1667.471435546875,1696.5966674804688,1675.8745809688921,35.516532246432064,-12.167676653355556,-13.756178692041562,-0.008412863935538417,0.008393964708900975,24.800048828125,4.199951171875,0
2013-01-07,1645.5,1659.9000244140625,1643.800048828125,1656.5,49,1663.9285714285713,1691.3466674804688,1668.615126884343,33.784624005767455,-14.3276297546372,-13.8051227079547,-0.0015775593862339399,0.008701190659894824,16.0999755859375,0.5999755859375,1
2013-01-08,1661.5,1661.5,1647.699951171875,1647.699951171875,17,1663.7714320591517,1688.3533325195312,1667.6664432997638,39.552672040924826,-13.655698981451224,-13.775237962654005,0.009723488301428107,0.009242805166626684,13.800048828125,2.4000244140625,0
2013-01-09,1654.800048828125,1662.0999755859375,1651.9000244140625,1658.5999755859375,9,1663.7571498325892,1685.1966674804687,1665.9509240368786,45.0704340664109,-13.50810603062655,-13.721811576248514,-0.004032471364354473,0.008271466194541909,10.199951171875,-3.7999267578125,1
2013-01-10,1677.300048828125,1677.300048828125,1672.5,1672.5,9,1664.114292689732,1683.0333374023437,1667.4641406757116,53.20286423829072,-11.443660202708315,-13.266181301540476,0.01359680888088799,0.009083392457507986,4.800048828125,17.5,0
2013-01-11,1660.0,1673.0999755859375,1654.199951171875,1673.0999755859375,147,1660.1285749162946,1681.1500040690105,1666.46892191895,54.59524720549503,-11.07586568333295,-12.828118177898972,-0.010314224244023618,0.008804919410137512,18.9000244140625,-2.5999755859375,1
2013-01-14,1668.9000244140625,1673.800048828125,1664.0999755859375,1665.4000244140625,10,1659.44287109375,1679.2066731770833,1666.7930689182983,53.0817763610456,-9.95151343502721,-12.25279722932462,0.005361460490399095,0.008619344690486577,9.7000732421875,14.0,1
2013-01-16,1682.699951171875,1682.699951171875,1674.4000244140625,1674.4000244140625,11,1669.800013950893,1677.0600056966146,1670.833012520508,56.637652853260875,-6.082198879645375,-10.306311276164811,-0.0004158686182930138,0.008898169940622104,8.2999267578125,-5.2000732421875,1
2013-01-18,1686.5999755859375,1692.0,1686.5999755859375,1687.4000244140625,14,1678.471435546875,1676.7333374023438,1675.1963511924873,59.135419759462025,-2.7190258388725397,-7.788225450541673,-0.0022480174948188436,0.008850496528498005,5.4000244140625,38.5,1
2013-01-22,1692.800048828125,1694.699951171875,1687.800048828125,1690.300048828125,15,1680.6857212611608,1676.4833374023438,1677.543510877239,55.632029724601324,-1.1487950534835818,-6.460339371130055,0.0036760781050251268,0.008345870652155684,6.89990234375,47.300048828125,0
2013-01-23,1686.300048828125,1693.699951171875,1685.199951171875,1691.300048828125,28,1684.44287109375,1675.8933390299478,1678.7110492706906,49.4778158383512,-0.4239840956606713,-5.253068316036178,-0.0038397919497342725,0.008170853076208975,8.5,24.800048828125,0
2013-01-24,1669.5,1681.699951171875,1668.0,1680.800048828125,13,1684.5285818917412,1674.443339029948,1677.4829093679318,48.652136304802255,-1.1914553703147703,-4.4407457268918975,-0.009962668766925531,0.008302502129559746,13.699951171875,14.699951171875,0
2013-01-28,1652.4000244140625,1655.5,1651.5999755859375,1651.5999755859375,82,1676.3428780691963,1670.5766764322916,1671.7022802238578,52.38424646844696,-4.390292977419904,-4.1720054586140085,-0.002414875598311439,0.007472510580796302,3.9000244140625,-7.5999755859375,1
2013-01-29,1660.699951171875,1661.5,1660.699951171875,1661.199951171875,145863,1672.1000104631696,1669.4133422851562,1670.2353030169268,49.708011896933634,-4.90516641399654,-4.3186376496905154,0.005022952454116325,0.007114766703263937,0.800048828125,-8.2000732421875,1
2013-01-30,1679.9000244140625,1683.0,1661.800048828125,1662.4000244140625,44893,1671.1428745814733,1668.8833414713542,1671.523932536545,58.39462010097109,-3.7210281764507727,-4.199115755042567,0.011561434218528621,0.007638143178324215,21.199951171875,-3.5,0
2013-01-31,1660.5999755859375,1680.0,1657.4000244140625,1675.4000244140625,6044,1666.5428641183037,1667.6700073242187,1670.067404943131,44.29254071571549,-4.290484698264208,-4.217389543686895,-0.011488807993116579,0.007421080745200124,22.5999755859375,-22.0999755859375,1
2013-02-01,1669.4000244140625,1681.199951171875,1659.9000244140625,1663.9000244140625,3250,1664.1285749162946,1667.6666748046875,1669.9784208725885,53.41073878892086,-3.9857474832160733,-4.171061131592731,0.005299318895280569,0.007025998689264417,21.2999267578125,-21.0,1
2013-02-05,1672.4000244140625,1683.4000244140625,1666.5,1674.199951171875,353,1667.2428676060267,1668.8766764322916,1670.9162450196472,45.53573020971843,-2.83404242325264,-3.753233914941208,-0.0017310477702732197,0.006520528986543515,16.9000244140625,-20.4000244140625,1
2013-02-06,1677.699951171875,1678.5,1668.0,1672.199951171875,376,1670.857142857143,1669.4966756184897,1671.8207391732776,48.043822950694405,-2.068019870325543,-3.416191106018075,0.0031690544609201954,0.0065919057016159905,10.5,-8.60009765625,0
2013-02-08,1666.0,1672.5,1664.800048828125,1671.5,289,1670.2571498325892,1670.0966756184896,1670.8804691335536,41.953142210824765,-2.322093078676062,-2.9750405895317726,-0.0026341141940571244,0.006533883454088418,7.699951171875,9.5999755859375,0
2013-02-13,1644.199951171875,1652.300048828125,1640.199951171875,1652.199951171875,236,1661.085693359375,1668.3900024414063,1662.4885727901888,39.5712948706337,-6.366763262500626,-4.123452160617435,-0.0027294232627358417,0.006465417059465965,12.10009765625,-35.7000732421875,0
2013-02-14,1634.699951171875,1646.9000244140625,1632.699951171875,1641.0999755859375,219,1655.6999686104912,1666.6166666666666,1658.78342324108,40.78162288075387,-8.016836420894606,-4.902129012672869,-0.005777886073545346,0.006320659390985137,14.2000732421875,-25.9000244140625,0
2013-02-15,1608.800048828125,1633.9000244140625,1599.5,1633.199951171875,460,1645.8571254185267,1664.4533365885416,1652.1189733193528,34.383960167995355,-11.284357898102144,-6.178574789758724,-0.015843826461965138,0.007477582563448729,34.4000244140625,-60.5999755859375,0
2013-02-19,1603.5999755859375,1617.0,1599.699951171875,1610.0,272,1636.3142613002233,1662.9700032552084,1645.6497736215642,29.08427673180954,-14.130605833774325,-7.768980998561846,-0.003232268202611799,0.007211953794645581,17.300048828125,-71.7000732421875,0
2013-02-21,1578.199951171875,1581.199951171875,1555.199951171875,1568.5,2019,1613.6856863839287,1657.930000813802,1628.7929317441556,16.93417313022239,-21.263452413210416,-12.148616512777856,0.0003803090740506221,0.0066611343235225265,26.0,-99.5,0
2013-02-22,1572.4000244140625,1585.4000244140625,1572.4000244140625,1580.0,76,1602.7856968470983,1655.1833333333334,1621.2738774334764,10.115083531932072,-23.826272320107364,-14.484147674243758,-0.0036750265728406895,0.006150244193522621,13.0,-98.0,1
2013-02-25,1586.199951171875,1596.0,1577.699951171875,1579.4000244140625,118,1594.4999825613838,1652.1466634114583,1616.5973539319298,15.5983530374356,-24.46180632551318,-16.479679404497645,0.008776346059238271,0.006787146026863688,18.300048828125,-79.800048828125,1
2013-02-26,1615.199951171875,1615.199951171875,1589.0,1593.300048828125,1158,1591.7142682756696,1650.6533284505208,1616.4110335639225,31.619482016172,-22.367574491281175,-17.65725842185435,0.018282688748398224,0.009015315687925742,26.199951171875,-33.0,0
2013-02-27,1595.199951171875,1612.800048828125,1591.800048828125,1612.800048828125,700,1589.7713971819196,1648.196659342448,1613.582889244983,25.778010975588785,-22.067335025814145,-18.53927374264631,-0.012382367882991407,0.009225993215433478,21.0,-53.5,0
2013-02-28,1577.699951171875,1601.5999755859375,1575.0999755859375,1596.0,102,1586.0713936941963,1644.6733235677084,1608.7984975019021,24.321291984945773,-22.976636469954883,-19.426746288108024,-0.01097041156949885,0.009437081702430312,26.5,-66.5,0
2013-03-11,1577.800048828125,1579.699951171875,1576.0,1576.0,1115,1574.6285749162946,1619.9299886067708,1587.521759558288,39.630236202546804,-21.296831684387826,-22.138113161576598,0.0007611780164726856,0.008601301906483177,3.699951171875,-8.39990234375,1
2013-03-15,1592.5,1594.4000244140625,1590.199951171875,1590.5,11,1584.585728236607,1610.239990234375,1588.964465767518,53.17223626368224,-14.199227547391502,-18.644501317398955,0.0011945331593272712,0.007377302138524261,4.2000732421875,20.5999755859375,1
2013-03-18,1604.5999755859375,1607.699951171875,1601.5999755859375,1605.9000244140625,613,1588.8428606305804,1608.079988606771,1591.049200409974,43.567958827825585,-11.786815382670284,-17.27296413045322,0.007598100838893229,0.005747436971214476,6.0999755859375,32.5,1
2013-03-20,1607.5,1612.5,1606.199951171875,1610.0,5,1598.0428641183037,1603.783321126302,1595.5827383947417,76.89539833772552,-7.421112328733443,-14.015391095200052,-0.0023583744262211104,0.003468504945665539,6.300048828125,32.9000244140625,1
2013-03-21,1613.800048828125,1613.800048828125,1611.9000244140625,1612.800048828125,7,1601.2285853794642,1601.6533243815104,1598.0117131191928,87.47764410950947,-5.418361717693415,-12.295985219698725,0.003919159457620447,0.0032072018555956722,1.9000244140625,39.0,0
2013-03-25,1604.5999755859375,1607.800048828125,1596.0999755859375,1607.0999755859375,27,1605.7857142857142,1597.4666544596355,1599.8363445119576,74.03840510816109,-3.6686121622201426,-9.306158252767924,-0.0009961247880565516,0.0037045014277223057,11.7000732421875,26.7999267578125,0
2013-03-26,1595.800048828125,1595.800048828125,1595.800048828125,1595.800048828125,165484,1606.2571498325892,1595.719991048177,1599.2981717541131,64.88767656886765,-3.7606392866282476,-8.19705445953999,-0.0054841872689167515,0.004124945785937738,0.0,4.300048828125,1
2013-03-27,1606.199951171875,1608.0999755859375,1590.300048828125,1598.5,50450,1606.4857177734375,1594.3033243815105,1600.2184090098146,69.2874324413492,-2.960262182470842,-7.14969600412616,0.00651704601174008,0.004371422981541586,17.7999267578125,17.89990234375,0
2013-03-28,1594.800048828125,1606.5999755859375,1593.5999755859375,1604.699951171875,4717,1604.1285749162946,1592.6566609700521,1599.4959609855894,60.0000536573522,-3.208844841308064,-6.361525771562541,-0.007097436614558861,0.0049306103465883225,13.0,4.2000732421875,1
2013-04-01,1600.0,1600.5,1594.800048828125,1596.800048828125,688,1603.0571463448662,1591.4999959309896,1599.5631661875107,61.684214854581754,-2.9522243826256727,-5.679665493775168,0.0032605662231424137,0.004972937419491003,5.699951171875,7.5,0
2013-04-02,1575.0999755859375,1602.5999755859375,1574.0999755859375,1599.199951171875,2289,1597.528564453125,1590.37666015625,1596.3014074406342,42.278695477758916,-4.703851618881117,-5.484502718796358,-0.015562515258789045,0.006172369251386115,28.5,-29.5,0
2013-04-04,1551.800048828125,1557.300048828125,1539.0999755859375,1557.300048828125,829,1582.3571602957588,1587.823331705729,1585.3410692970765,34.3548528411401,-10.219326109144049,-6.802189446617802,-0.0006439979189559741,0.007097966667566724,18.2000732421875,-55.699951171875,1
2013-04-08,1572.0,1577.800048828125,1567.800048828125,1575.800048828125,101,1574.557163783482,1587.7166666666667,1582.413517093207,38.10218809002561,-10.188410349742526,-8.009410268627754,-0.002158197512614035,0.00806346591424367,10.0,-34.199951171875,1
2013-04-09,1586.199951171875,1589.300048828125,1570.0,1571.5999755859375,215,1573.328578404018,1587.7166666666667,1582.918374970363,41.314830427576275,-8.99741639466356,-8.207011493834916,0.009033047819258844,0.008420068015889834,19.300048828125,-18.4000244140625,0
2013-04-10,1558.300048828125,1586.0,1557.0,1584.4000244140625,359,1567.3714425223213,1585.8200032552083,1579.6359314847311,35.409233344531586,-10.187400048223935,-8.60308920471272,-0.01758914588487892,0.009510222918675194,29.0,-37.5,1
2013-04-11,1564.300048828125,1566.699951171875,1554.800048828125,1557.0999755859375,1070,1565.8285958426338,1584.7900065104166,1577.5911471305171,35.294079247992684,-10.524995217842843,-8.987470407338744,0.003850349619453741,0.009506847867459988,11.89990234375,-41.89990234375,0
2013-04-12,1501.0,1560.800048828125,1480.199951171875,1560.800048828125,881,1558.4285888671875,1582.2333414713542,1567.3789941797813,26.51781685489513,-15.71912643710607,-10.33380161329221,-0.04046541382872515,0.013986110347545686,80.60009765625,-93.800048828125,0
2013-04-15,1360.5999755859375,1487.4000244140625,1338.0,1478.199951171875,1309,1531.114292689732,1575.1900065104167,1539.808458367269,16.372616379110198,-30.80946906714189,-14.428935104062147,-0.09353765783748336,0.027460779256057298,149.4000244140625,-239.4000244140625,1
2013-04-16,1386.800048828125,1401.0,1323.0,1358.0,619,1504.1714390345983,1569.0133422851563,1519.4073370953831,22.514444891086995,-40.19124768882307,-19.581397621014332,0.019256264671697165,0.028637770681980677,78.0,-188.2999267578125,0
2013-04-17,1382.199951171875,1394.199951171875,1370.199951171875,1373.199951171875,92,1477.0571463448662,1562.600008138021,1501.1130189722487,20.08546228274153,-47.450583485353036,-25.155234793882073,-0.0033170590526998556,0.028331598628838595,24.0,-170.60009765625,1
2013-04-19,1395.300048828125,1420.300048828125,1395.0999755859375,1419.300048828125,241,1426.0285818917412,1550.530008951823,1474.39600742735,22.404978386750457,-54.381705690513854,-35.266184145230376,0.002370724732848384,0.028676568427586823,25.2000732421875,-180.0999755859375,1
2013-04-22,1421.0,1434.9000244140625,1406.800048828125,1406.800048828125,70,1405.5571463448662,1545.3433430989583,1467.2765397703702,29.27092477521103,-53.722330232071045,-38.957413362598516,0.01841894235828323,0.029533794969466072,28.0999755859375,-151.0,0
2013-04-23,1408.5999755859375,1429.5,1405.800048828125,1429.5,334,1392.357142857143,1539.7033406575522,1459.4529978791127,30.071862198944828,-53.582680977352084,-41.882466885549235,-0.008726266301240293,0.029466761514783568,23.699951171875,-177.5999755859375,1
2013-04-24,1423.4000244140625,1430.0999755859375,1420.4000244140625,1423.199951171875,138,1401.328578404018,1534.100008138021,1454.6459347504394,32.907354992026114,-51.682009649304746,-43.84237543830034,0.010506921116457235,0.02978663367149634,9.699951171875,-134.9000244140625,1
2013-04-25,1461.800048828125,1461.800048828125,1433.0,1433.0,222,1412.0428641183037,1529.8833414713542,1455.5998166274642,35.45083280724943,-46.54066110969211,-44.382032572578694,0.02697767581525068,0.030578257801500256,28.800048828125,-102.5,0
2013-04-26,1453.5999755859375,1476.199951171875,1451.4000244140625,1467.4000244140625,976,1422.2428676060267,1525.3166748046874,1455.3331711552607,35.02025185630433,-42.636298026925715,-44.0328856634481,-0.005609572423233455,0.030568556287903104,24.7999267578125,-47.4000244140625,1
2013-04-29,1467.4000244140625,1475.5,1462.300048828125,1462.699951171875,269,1433.0142996651787,1521.1466756184896,1456.942084923101,34.954432387557375,-37.990581767507365,-42.824424884259955,0.009493704636698519,0.0305852109734675,13.199951171875,106.800048828125,1
2013-04-30,1472.199951171875,1476.5999755859375,1461.0,1471.0999755859375,534,1444.0,1516.7333414713542,1458.9764670896043,38.4180796526731,-33.53493433836502,-40.966526775080965,0.0032710417595427366,0.030437292095721127,15.5999755859375,85.39990234375,0
2013-05-01,1446.300048828125,1477.0999755859375,1440.0,1475.800048828125,131,1447.614292689732,1511.2333414713542,1457.2862779880738,34.933618870383015,-31.7279670598964,-39.11881483204405,-0.01759265263059795,0.030572682099697216,37.0999755859375,64.10009765625,1
2013-05-06,1468.0999755859375,1477.199951171875,1466.800048828125,1468.0999755859375,33,1462.7999965122767,1496.9866739908855,1460.5814946051948,71.36099791075586,-22.691143196959274,-32.25631392420578,0.002595046528103051,0.011613577376288904,10.39990234375,47.0999755859375,0
2013-05-07,1449.0,1466.199951171875,1441.199951171875,1462.0,91,1462.142857142857,1491.8000081380208,1459.0372953245023,66.30862122404216,-21.784537453148687,-30.16195862999436,-0.01300999652855006,0.01235743001489773,25.0,40.4000244140625,1
2013-05-08,1473.9000244140625,1474.699951171875,1450.699951171875,1455.5,81,1463.0714285714287,1487.7366739908855,1461.0189925364439,68.62212511359101,-18.83965023675478,-27.897496951346444,0.017184281859256467,0.012870151189972787,24.0,50.5,0
2013-05-09,1468.800048828125,1473.4000244140625,1453.0,1471.199951171875,27,1462.585728236607,1483.1566772460938,1462.056466708668,66.5764765737015,-16.72454120812472,-25.6629058027021,-0.003460190990881462,0.013026208032350559,20.4000244140625,7.0,0
2013-05-13,1434.5,1440.5999755859375,1427.800048828125,1440.0,344,1456.4857352120537,1472.3733439127604,1455.463751747983,55.94310475704959,-17.966702928838686,-22.806323178743135,-0.0016008134395603113,0.01369376178631646,12.7999267578125,-32.9000244140625,0
2013-05-14,1424.699951171875,1444.4000244140625,1422.0,1430.0999755859375,72,1450.828578404018,1467.360009765625,1451.3619116711689,50.30529077017903,-18.964595841085156,-22.037977711211543,-0.006831682696497032,0.013589376812057265,22.4000244140625,-47.5,0
2013-05-15,1396.5,1425.699951171875,1390.0999755859375,1425.699951171875,364,1440.6000104631696,1462.150008138021,1444.0469901150132,33.89241657412515,-21.779868776458216,-21.986355924260877,-0.01979360717228873,0.01216097983597104,35.5999755859375,-49.800048828125,0
2013-05-16,1387.0999755859375,1395.0999755859375,1370.5999755859375,1390.4000244140625,38,1431.7571498325892,1456.6600056966147,1436.4540548444697,33.69295942277827,-24.487222809835657,-22.486529301375832,-0.0067311309803527175,0.01218182078222434,24.5,-80.5999755859375,0
2013-05-17,1364.9000244140625,1391.0999755859375,1359.0999755859375,1386.699951171875,50,1416.1857212611608,1449.6433390299478,1426.913517453749,25.85958262561539,-28.100248737904167,-23.6092731886815,-0.016004579022861898,0.012031897698885423,32.0,-99.4000244140625,1
2013-05-20,1384.300048828125,1387.5,1342.9000244140625,1342.9000244140625,21,1404.114292689732,1443.3866739908854,1421.2317216369993,30.630225924566986,-29.063156007629004,-24.700049752471,0.014213513127007804,0.01293820807210126,44.5999755859375,-83.7999267578125,0
2013-05-21,1377.800048828125,1392.300048828125,1358.5,1386.5,51,1395.6857212611608,1436.440010579427,1415.4408319291495,33.49395648291191,-30.00488499664266,-25.761016801305335,-0.004695513812560059,0.012366206323062116,33.800048828125,-71.199951171875,0
2013-05-22,1367.5999755859375,1395.699951171875,1364.5,1387.199951171875,14,1386.1285749162946,1430.083341471354,1409.062051083388,24.503307963676136,-31.214451899131063,-26.851703820870483,-0.007403159297942441,0.011225730707768437,31.199951171875,-106.300048828125,1
2013-05-23,1392.0,1394.800048828125,1377.800048828125,1380.5999755859375,58,1381.4571533203125,1424.3400065104167,1406.7871109389362,33.36400538839473,-29.859957332162367,-27.453354523128862,0.01784149228549703,0.01277827168944755,17.0,-76.800048828125,0
2013-05-24,1386.800048828125,1386.800048828125,1386.800048828125,1386.800048828125,2,1380.0714460100446,1420.533341471354,1404.1221693241614,31.41291734553255,-28.873270145744982,-27.73733764765209,-0.003735597106232058,0.012656106950906418,0.0,-50.0,0
2013-05-28,1379.0999755859375,1390.4000244140625,1379.0999755859375,1380.800048828125,55,1378.9285888671875,1421.150008138021,1400.7858768257315,33.14038427679141,-28.385435370626965,-27.866957192247067,-0.005552403353817459,0.012401489402591531,11.300048828125,-55.4000244140625,1
2013-05-29,1391.300048828125,1391.300048828125,1391.300048828125,1391.300048828125,168665,1382.7000209263392,1421.3000081380208,1399.521099759384,28.777008653432986,-26.706522677118983,-27.634870289221453,0.00884640233352485,0.011501691651099911,0.0,-33.39990234375,1
2013-05-30,1411.5,1417.5,1388.300048828125,1392.0999755859375,45133,1386.585728236607,1422.2766764322917,1401.1182864581328,36.33762626145027,-23.47539528613447,-26.80297528860406,0.014518759766370515,0.012530277242076664,29.199951171875,15.0,0
2013-05-31,1392.5999755859375,1421.0999755859375,1384.199951171875,1412.4000244140625,5997,1388.7000034877233,1422.2966756184896,1399.9825116751736,38.75889525869751,-22.18405360501879,-25.879190951887008,-0.013390027923529946,0.011724878572827592,36.9000244140625,5.5,1
2013-06-03,1411.699951171875,1416.300048828125,1388.300048828125,1389.0999755859375,1420,1395.0,1422.8433390299479,1401.5448369414005,44.65791162664586,-19.395864165893045,-24.582525594688214,0.013715335287077801,0.012472354305893746,28.0,46.7999267578125,0
2013-06-05,1398.4000244140625,1410.0,1395.5999755859375,1397.5,1687,1397.385707310268,1421.7066731770833,1400.611900181124,50.49660813295124,-16.87224656559556,-22.012068923901467,0.0009305338564478127,0.011460193750003577,14.4000244140625,20.5999755859375,1
2013-06-06,1415.699951171875,1422.699951171875,1391.5999755859375,1401.699951171875,782,1402.6142752511162,1421.4500040690104,1402.623640313224,57.17870609193141,-14.294897044748268,-20.468634548070828,0.012371228872840812,0.011711297727812934,31.0999755859375,48.0999755859375,0
2013-06-10,1386.199951171875,1386.9000244140625,1375.5999755859375,1378.800048828125,367,1397.8142613002233,1416.5766682942708,1398.1661944359607,50.4909308381783,-14.632247022857655,-18.381774621482567,0.0023137752508135545,0.01207596707344718,11.300048828125,-0.60009765625,0
2013-06-11,1377.0,1384.4000244140625,1366.0,1384.199951171875,482,1395.585693359375,1413.5633341471355,1395.3440351778327,49.7961139074331,-15.129669707527228,-17.7313536386915,-0.006636813948880493,0.012147017947236155,18.4000244140625,-2.0999755859375,1
2013-06-12,1391.800048828125,1393.5,1373.699951171875,1375.0,514,1392.7428501674108,1410.8833374023438,1394.8715036645385,56.02591684990392,-14.166339770964669,-17.018350865146132,0.010748038364651435,0.012261093155019017,19.800048828125,0.5,0
2013-06-13,1377.5999755859375,1390.9000244140625,1373.4000244140625,1386.800048828125,458,1389.9571358816963,1408.5933349609375,1392.5686332540583,46.22244851559023,-14.382923700146193,-16.491265432146143,-0.010202667584430447,0.011629488542854192,17.5,-33.9000244140625,1
2013-06-14,1387.300048828125,1389.5999755859375,1377.800048828125,1383.9000244140625,90,1388.3714250837054,1405.9133382161458,1391.8661553306006,50.1281393515448,-13.614908984884323,-15.91599414269378,0.007041284417896199,0.011767494403397956,11.7999267578125,-5.2999267578125,0
2013-06-17,1382.800048828125,1390.5,1380.0,1390.300048828125,114,1383.6714390345983,1403.196671549479,1390.6573411302707,50.96406273357315,-13.217006755150578,-15.376196665185141,-0.0032437106909938285,0.011698310668928912,10.5,-28.89990234375,0
2013-06-18,1366.5999755859375,1383.5,1363.0,1383.0999755859375,346,1381.328578404018,1399.813338216146,1387.4496923910262,43.69574523636087,-14.046952369349583,-15.11034780601803,-0.011715412691745586,0.011826766413899455,20.5,-30.5,1
2013-06-19,1373.5999755859375,1373.5999755859375,1348.0999755859375,1368.0999755859375,198,1379.5285818917412,1397.3000040690104,1385.6030634836811,39.62780262167105,-13.978710871991552,-14.884020419212735,0.005122201174486918,0.0111101837231229,25.5,-24.800048828125,0
2013-06-20,1285.9000244140625,1348.0999755859375,1275.4000244140625,1348.0999755859375,712,1366.5142996651787,1391.0333374023437,1372.3093249410654,28.787286049329026,-20.761951263875062,-16.0596065881452,-0.06384679144629768,0.01986443485637034,72.699951171875,-129.7999267578125,1
2013-06-21,1291.5999755859375,1300.0,1268.9000244140625,1280.4000244140625,456,1352.2000034877233,1385.1266682942708,1361.5480783603816,24.779506950728404,-25.385155451624314,-17.924716360841025,0.004432654999343644,0.019321623245561973,31.0999755859375,-91.4000244140625,0
2013-06-25,1274.800048828125,1286.0,1273.199951171875,1281.300048828125,953,1321.7285853794642,1374.4700032552084,1340.1885687879087,24.142251314810295,-33.25369203583091,-22.9063417408114,-0.0015664159801964672,0.019282840597072914,12.800048828125,-102.199951171875,0
2013-06-26,1229.5999755859375,1273.9000244140625,1228.800048828125,1273.9000244140625,981,1299.8428606305804,1367.966670735677,1325.4434230276458,15.136763101747363,-39.10902639398978,-26.146878671447077,-0.03545659829848469,0.019925525459788356,45.0999755859375,-162.2000732421875,0
2013-06-27,1211.4000244140625,1241.4000244140625,1198.300048828125,1224.699951171875,533,1277.6714390345983,1361.7966715494792,1310.237636545835,16.006347268725392,-44.70270011401885,-29.858042959961438,-0.01480152206672114,0.019621495532095024,43.0999755859375,-166.199951171875,1
2013-06-28,1223.800048828125,1232.300048828125,1183.199951171875,1200.9000244140625,232,1256.271449497768,1356.353340657552,1298.7126248501404,18.960274900747905,-47.58659979766048,-33.40375432750125,0.010236110421130373,0.02008881238666144,49.10009765625,-163.5,1
2013-07-01,1255.9000244140625,1261.0,1234.199951171875,1234.699951171875,150,1251.9857352120537,1352.7200073242188,1293.00427812533,28.71706087422902,-46.74308611505239,-36.07162068501148,0.02622975511128267,0.022158236843164356,26.800048828125,-126.9000244140625,0
2013-07-02,1243.5999755859375,1266.300048828125,1241.199951171875,1254.0999755859375,107,1245.1285923549108,1348.0300048828126,1286.4170377867445,23.72340264355701,-46.53072930596409,-38.163442409202005,-0.00979381207820551,0.021614526740601187,25.10009765625,-123.0,1
2013-07-03,1252.0999755859375,1258.199951171875,1240.300048828125,1243.800048828125,19,1241.6000104631696,1343.8400024414063,1281.8414294933036,27.28918244273123,-45.156025489089416,-39.56195902517949,0.006834995309480618,0.021945189200940653,17.89990234375,-121.5,0
2013-07-05,1212.9000244140625,1254.0999755859375,1208.9000244140625,1252.699951171875,72,1232.7571498325892,1338.6833374023438,1272.649242149405,21.484619655879797,-46.69144138998854,-40.9878554981413,-0.031307365175477164,0.022501762548047068,45.199951171875,-73.0,1
2013-07-08,1234.9000244140625,1235.199951171875,1215.4000244140625,1218.800048828125,58,1233.5142996651787,1333.446671549479,1267.6160131180259,27.126498929760658,-45.60732061274439,-41.911748521061924,0.018138345747521933,0.023641911263870975,19.7999267578125,-56.699951171875,1
2013-07-10,1247.4000244140625,1263.9000244140625,1244.5999755859375,1244.5999755859375,58,1241.8142961774554,1324.3600056966145,1262.4111448183728,29.81445772405536,-40.98673676381122,-41.958579016557636,0.0012039489289723537,0.023896569017814864,19.300048828125,-27.4000244140625,1
2013-07-12,1277.800048828125,1282.300048828125,1274.300048828125,1282.300048828125,6,1250.1571568080358,1316.196671549479,1266.507041352814,47.28561446980775,-31.95689031017764,-39.01305465442062,-0.0017966774483842984,0.01885315020638055,8.0,66.4000244140625,1
2013-07-15,1283.800048828125,1292.4000244140625,1281.5999755859375,1292.0999755859375,19,1254.6857386997767,1312.5700073242188,1268.8127756828555,51.42624343635528,-27.906313527014163,-36.791706428939335,0.004695570332386989,0.018630551755201907,10.800048828125,60.0,1
2013-07-16,1290.800048828125,1291.4000244140625,1279.4000244140625,1279.4000244140625,13,1265.8143136160713,1308.5400105794272,1271.744412102225,53.1948894249238,-23.85635948291747,-34.20463703973496,0.0054525624970880315,0.018663550103707197,12.0,34.9000244140625,0
2013-07-17,1277.9000244140625,1294.4000244140625,1272.9000244140625,1286.199951171875,11,1271.9571707589287,1304.5666788736978,1272.5651604104698,61.072920969354236,-21.44051299726334,-31.651812231240637,-0.009993820829007571,0.015862340143075828,21.5,34.300048828125,1
2013-07-18,1284.5999755859375,1286.4000244140625,1275.199951171875,1275.300048828125,26,1277.4857352120537,1300.7733439127603,1274.1698024338657,67.71539280552756,-18.768950409353465,-29.075239866863203,0.005242938448918988,0.015026935660492112,11.2000732421875,32.5,1
2013-07-19,1293.300048828125,1293.300048828125,1290.0,1291.699951171875,9,1284.0428815569196,1296.6933471679688,1276.7205019531002,67.12667162408341,-15.767931708231117,-26.41377823513679,0.00677259334231195,0.014950085620084676,3.300048828125,80.4000244140625,1
2013-07-23,1335.0999755859375,1342.300048828125,1327.9000244140625,1334.800048828125,10,1300.271449497768,1293.4366821289063,1291.4007321440786,72.54806408062781,-5.114241121650821,-19.495480696432015,-0.0009727991652013213,0.015407129223569916,14.4000244140625,89.199951171875,0
2013-07-24,1319.699951171875,1343.5,1318.5999755859375,1342.199951171875,42,1305.4000069754463,1291.526680501302,1295.1739613477848,66.11058131206431,-2.61418136320799,-16.11922082978721,-0.011534734997881935,0.016026407789902913,24.9000244140625,72.2999267578125,1
2013-07-25,1329.0,1336.800048828125,1318.5,1318.5,55,1310.857142857143,1289.4333455403646,1299.684099834747,82.2679154614006,0.11623039238224919,-12.872130585353318,0.007047093409275895,0.012420961778709137,18.300048828125,48.9000244140625,0
2013-07-26,1321.699951171875,1326.5,1321.699951171875,1326.5,66,1317.1142752511162,1287.5700113932292,1302.6195466796976,76.27115262550811,1.6717772414710907,-9.963349019988437,-0.005492888508747185,0.0123409323365018,4.800048828125,43.89990234375,1
2013-07-29,1328.4000244140625,1328.4000244140625,1328.4000244140625,1328.4000244140625,134359,1323.3714250837054,1285.6066772460938,1306.0569437109461,75.63701830066748,3.4059377124535786,-7.2894916735000335,0.005069284625642156,0.012288380664871878,0.0,44.5999755859375,0
2013-07-30,1324.0,1329.5999755859375,1316.199951171875,1327.199951171875,44769,1327.7571323939733,1283.6466756184896,1308.4493512161534,73.38214153434323,4.374797242586283,-4.95663389028277,-0.0033122736624483506,0.01244436062229105,13.4000244140625,33.199951171875,0
2013-08-02,1310.5999755859375,1317.0,1283.0,1306.699951171875,1451,1319.5857107979912,1280.5766764322916,1309.4264953740783,59.83842302014872,3.4973962142764776,-0.6931669666534073,-0.0003051292250667581,0.011125580864478487,34.0,17.2999267578125,0
2013-08-05,1302.5999755859375,1318.300048828125,1297.5,1311.199951171875,904,1315.8142787388392,1280.9433430989584,1308.5162927356596,54.300254905711576,2.5585748476523804,-0.042818603792249665,-0.006104074583416219,0.011240575983880837,20.800048828125,-33.800048828125,0
2013-08-07,1286.0999755859375,1288.4000244140625,1274.0,1282.5,989,1304.2714146205358,1281.5333374023437,1302.6020065349926,50.53609571542253,-1.3367892591491,-0.25535484647567114,0.0022599941742627028,0.011598527381153169,14.4000244140625,-33.5999755859375,1
2013-08-09,1312.9000244140625,1315.800048828125,1306.699951171875,1315.0999755859375,449,1302.442836216518,1287.6200032552083,1304.9108380769085,39.773751041153176,0.16053644455450922,-0.22723513244988833,0.0016785483513754862,0.0085037044976858,9.10009765625,-8.7999267578125,1
2013-08-12,1334.699951171875,1342.4000244140625,1317.199951171875,1317.199951171875,312,1305.8285435267858,1291.3166666666666,1308.8827198229042,49.85228079001153,2.4931796960750034,0.31684783325509003,0.016604407306292535,0.009751145048280485,25.2000732421875,6.2999267578125,0
2013-08-13,1321.199951171875,1339.0999755859375,1320.199951171875,1331.9000244140625,209,1307.3428257533483,1293.4933308919271,1310.5250173361003,50.561796725412705,3.215413813977648,0.8965610293996016,-0.010114632871715434,0.00962828458311714,18.9000244140625,-2.800048828125,1
2013-08-14,1334.0,1336.300048828125,1317.699951171875,1317.699951171875,333,1311.8285435267858,1296.5066650390625,1313.6550150246203,51.8248142663409,4.765710379091161,1.6703908993379135,0.009688199592174929,0.009798730224287646,18.60009765625,21.5999755859375,1
2013-08-15,1361.5999755859375,1369.5999755859375,1319.9000244140625,1340.0999755859375,235,1323.0285470145088,1300.1566650390625,1320.047676432796,62.68276575485235,8.127727559421828,2.9618582313546966,0.020689636871017658,0.01102704992302758,49.699951171875,50.5999755859375,1
2013-08-16,1371.699951171875,1378.9000244140625,1361.0,1366.800048828125,175,1335.257114955357,1305.4499959309896,1326.9346463980064,63.472279720917165,11.474858986086929,4.664458382301143,0.0074177260333683215,0.011092007472895129,17.9000244140625,61.0999755859375,0
2013-08-19,1366.199951171875,1384.4000244140625,1363.9000244140625,1379.0,139,1343.1856863839287,1309.82666015625,1332.1700203678556,63.04077207563227,13.527741340470357,6.437114973934987,-0.004009623238158788,0.011120921974372033,20.5,63.5999755859375,1
2013-08-22,1371.199951171875,1380.4000244140625,1362.0,1362.0,79,1364.0571114676338,1321.2099894205728,1345.913865185803,69.12877722402595,17.519388636639405,11.464074708313051,0.0004377466778233696,0.010675948226984143,18.4000244140625,60.5,1
2013-08-26,1393.0,1402.800048828125,1391.300048828125,1398.5999755859375,203,1377.3571079799108,1328.7799845377604,1357.9450753194199,84.7029338551545,21.314703024283062,14.783200191659045,-0.001934478230516512,0.009629442114482216,11.5,58.300048828125,1
2013-08-28,1419.0,1428.0,1417.300048828125,1417.300048828125,489,1391.8856898716517,1337.8099812825521,1373.3258537520726,83.86495152301703,26.38596578831084,18.640130448113332,-0.001126267502065459,0.009844100706153935,10.699951171875,85.0,0
2013-08-29,1412.9000244140625,1417.4000244140625,1404.5,1417.4000244140625,375,1397.5714111328125,1342.086649576823,1378.602409840338,80.52506692263208,27.165934891125744,20.345291336715814,-0.004298784768102526,0.010158025033265341,12.9000244140625,51.300048828125,0
2013-08-30,1396.0999755859375,1409.800048828125,1392.300048828125,1407.199951171875,0,1401.2142682756696,1345.5133138020833,1380.935418606418,69.33251030641354,26.127263656145942,21.50168580060184,-0.011890472459360368,0.01056627446559514,17.5,24.4000244140625,1
2013-09-03,1412.0,1414.4000244140625,1382.300048828125,1393.0,139,1407.0428466796875,1348.0333129882813,1385.0773627922288,78.16379538828518,26.28412131811092,22.45817290410366,0.011388886678684651,0.01001986758506635,32.0999755859375,45.800048828125,0
2013-09-04,1389.9000244140625,1413.0,1387.0999755859375,1413.0,104,1406.2142857142858,1349.859981282552,1385.7203843418067,66.39298077301707,24.34452033623529,22.835442390529987,-0.015651540783241824,0.011279465966508933,25.9000244140625,16.800048828125,0
2013-09-05,1373.0999755859375,1397.5,1367.0999755859375,1393.5,37,1403.3714250837054,1351.639982096354,1384.0376631743577,53.60050204011123,21.20728467085587,22.509810846595165,-0.01208723543638135,0.01071158783385631,30.4000244140625,2.5,1
2013-09-09,1386.800048828125,1389.800048828125,1386.5,1389.800048828125,44,1393.9285714285713,1355.7333170572917,1384.7136234301286,56.52727860644946,18.11216386881847,21.163520736308882,7.218407714337793e-05,0.010766497978630846,3.300048828125,-8.89990234375,0
2013-09-11,1363.9000244140625,1365.800048828125,1356.699951171875,1365.800048828125,60,1382.357142857143,1358.2533162434895,1379.556455365991,48.044381417953524,12.259749712786743,18.386215006959183,-0.00014658102445097576,0.011643976668463561,9.10009765625,-56.699951171875,0
2013-09-12,1330.4000244140625,1360.0,1322.4000244140625,1360.0,120,1370.7000034877233,1358.8533162434896,1373.0022645724005,40.00981583649518,7.351621230348883,16.179296251637123,-0.0245619175895182,0.013320507621986444,37.5999755859375,-88.5999755859375,0
2013-09-13,1308.4000244140625,1323.0,1305.300048828125,1322.9000244140625,38,1359.0571463448662,1358.766650390625,1364.388632551289,28.358974948663302,1.667456507865154,13.276928302882729,-0.016536379732621564,0.012507530118802677,17.699951171875,-104.5,1
2013-09-16,1317.9000244140625,1329.5999755859375,1310.800048828125,1328.4000244140625,107,1351.1714390345983,1359.0099853515626,1358.1901514663255,31.990424072602806,-2.0471164970194877,10.212119342902286,0.0072607763854593,0.012889914407666637,18.7999267578125,-78.199951171875,0
2013-09-18,1307.800048828125,1347.699951171875,1292.0999755859375,1292.0999755859375,29,1328.8571602957588,1360.059989420573,1345.84505361179,20.64417498192148,-8.462748516171814,3.946542204700501,-0.0012981681343069429,0.010935453809664705,55.5999755859375,-82.0999755859375,1
2013-09-19,1369.4000244140625,1373.0,1362.9000244140625,1362.9000244140625,35,1329.6143101283483,1362.8366577148438,1348.9857163854265,41.11882932197933,-5.691989174425089,2.018835928875383,0.04710198293778567,0.01788368978014065,10.0999755859375,-3.699951171875,0
2013-09-20,1332.5,1347.5,1330.699951171875,1347.5,2,1325.1285923549108,1363.5633260091147,1346.7876208673697,38.000010134134484,-6.399892045979641,0.33509033390437826,-0.02694612513231931,0.018940164635931914,16.800048828125,-54.199951171875,0
2013-09-23,1326.9000244140625,1327.800048828125,1317.5999755859375,1327.0999755859375,78,1324.6285923549108,1364.0299926757812,1344.135941340262,33.294081053322245,-7.328305259369699,-1.1975887847504372,-0.004202608319652912,0.01847146745052479,10.2000732421875,-59.9000244140625,0
2013-09-24,1316.0,1324.9000244140625,1309.4000244140625,1321.199951171875,61,1325.7143031529017,1363.4066609700521,1340.3844824948937,34.825464606394874,-8.841698695946434,-2.7264107669896367,-0.008214653865030841,0.018224378367814164,15.5,-48.0999755859375,1
2013-09-25,1335.9000244140625,1335.9000244140625,1322.699951171875,1322.699951171875,51,1328.2857317243304,1363.8966634114583,1339.786554750783,42.457433811780135,-8.339179370251486,-3.848964487642007,0.015121599098831595,0.018710362037033572,13.2000732421875,-28.0,0
2013-09-26,1323.5999755859375,1338.300048828125,1323.5999755859375,1335.199951171875,13170,1330.300013950893,1363.5499959309896,1337.6283441954702,37.13821206181242,-8.831634741022071,-4.8454985383180205,-0.009207312376178667,0.018486634691274158,14.7000732421875,-6.800048828125,1
2013-09-27,1338.4000244140625,1343.800048828125,1319.699951171875,1321.5,2990,1334.6714390345983,1362.7766642252604,1337.7312348912824,40.69230736726855,-7.936185512561451,-5.463635933166707,0.011181662965484174,0.018870691233077296,24.10009765625,30.0,0
2013-09-30,1326.5,1350.9000244140625,1322.0,1345.800048828125,597,1328.5428641183037,1361.269999186198,1336.2337369057782,42.45586586377211,-8.093471563036701,-5.989603059140706,-0.008891231468164507,0.018547070436964012,28.9000244140625,8.5999755859375,0
2013-10-01,1286.0,1334.0,1284.5,1328.0,815,1321.9000069754463,1358.5966674804688,1329.535905318341,36.54577002300149,-11.355237311266137,-7.0627299095657925,-0.030531473803241616,0.020050919682092324,49.5,-23.5,1
2013-10-03,1317.4000244140625,1319.5,1302.5,1312.0,217,1321.2000034877233,1355.0733357747397,1326.885191539804,51.655628841643676,-10.889221555969698,-8.461389110918848,-0.0024231040671155446,0.020187368008801585,17.0,-52.0,0
2013-10-04,1309.699951171875,1318.0999755859375,1305.699951171875,1316.199951171875,38,1317.4571358816963,1353.0233357747395,1324.5938261574136,48.4814686046601,-11.275949101394644,-9.024301109014008,-0.005844901396303115,0.020162450025399934,12.4000244140625,-22.800048828125,1
2013-10-08,1324.199951171875,1330.0,1321.199951171875,1326.5,57,1315.5999930245537,1348.3666707356772,1324.5651396679573,52.97530515325652,-9.369943563506922,-9.288881219074714,-0.0004529722479862386,0.02030580798323221,8.800048828125,8.199951171875,0
2013-10-09,1306.9000244140625,1319.0,1295.300048828125,1317.5999755859375,140,1312.7999965122767,1344.5766723632812,1322.209790967438,36.48942480837148,-9.956944644747182,-9.422493904209208,-0.01306443693983117,0.015649412054979942,23.699951171875,-29.0,0
2013-10-10,1296.5999755859375,1310.800048828125,1285.0,1303.4000244140625,89,1314.3142787388392,1340.496671549479,1318.7951489165714,41.23107749097295,-11.125032638905395,-9.763001651148446,-0.007881282910483511,0.01418689431016385,25.800048828125,-27.0,0
2013-10-11,1268.0,1291.5999755859375,1263.800048828125,1286.9000244140625,210,1306.7999965122767,1335.6666707356771,1312.0224623943618,37.06632799394849,-14.194899830484246,-10.649381287015606,-0.02205767092739075,0.015181803030665476,27.7999267578125,-70.4000244140625,1
2013-10-15,1273.0,1283.5999755859375,1254.0999755859375,1270.5,208,1295.7000034877233,1327.043339029948,1302.7030967973901,34.93053934875266,-17.092399426473094,-12.756998113095575,-0.0026637608500699184,0.014496959072269668,29.5,-13.0,1
2013-10-16,1282.0,1284.0,1269.199951171875,1282.800048828125,86,1289.5857107979912,1323.446671549479,1299.9426838910715,39.873436904766855,-17.217132920087124,-13.649025074493887,0.0070699135899450205,0.014642299188781583,14.800048828125,-38.5999755859375,1
2013-10-17,1322.699951171875,1322.699951171875,1307.0,1307.0,72,1289.3714250837054,1321.766670735677,1302.9769861951786,46.606125888017324,-13.871932197155047,-13.69360649902612,0.03174723180333472,0.016937474069924643,15.699951171875,5.2999267578125,0
2013-10-21,1315.699951171875,1317.699951171875,1315.699951171875,1316.800048828125,23,1293.171421595982,1316.986669921875,1305.9933770529203,57.877971133123346,-9.858894157443274,-12.616497576768646,0.0009889886896434774,0.014474788896408295,2.0,-9.10009765625,1
2013-10-22,1342.5,1342.5999755859375,1313.9000244140625,1313.9000244140625,55,1303.8142787388392,1316.266670735677,1310.8609267791976,56.05977186979622,-6.12304160746703,-11.317806382908323,0.020369422986034502,0.013684150632187642,28.699951171875,18.300048828125,0
2013-10-23,1333.9000244140625,1333.9000244140625,1331.9000244140625,1331.9000244140625,13,1312.028564453125,1315.266670735677,1313.9328064638462,54.433098157336154,-3.8123512904669496,-9.81671536442005,-0.0064059408461359935,0.013807498297220567,2.0,27.0,1
2013-10-28,1352.0,1359.199951171875,1349.0,1351.4000244140625,23,1337.2999965122767,1318.5300008138022,1327.0856203907106,57.654204640020005,4.020721899179989,-3.986925803804677,-0.0002957885291637874,0.013705602089787758,10.199951171875,75.5999755859375,0
2013-10-30,1349.0,1355.800048828125,1335.5999755859375,1340.800048828125,44,1346.4571358816963,1321.093330891927,1332.100749228884,65.91738523275312,6.046787892441216,-0.5392602207483446,0.002824895157641505,0.012885431172585286,20.2000732421875,67.0,0
2013-10-31,1323.5999755859375,1334.0,1321.699951171875,1334.0,62,1343.7571323939733,1319.5666625976562,1330.967312743158,67.22427731587541,4.757036591900942,0.5199991417815127,-0.018828780143856583,0.012424815898960393,12.300048828125,0.9000244140625,0
2013-11-04,1314.5999755859375,1320.5,1312.0999755859375,1314.5999755859375,39,1335.699986049107,1318.5099934895834,1326.7203310506943,62.87128151941303,1.4514437284256019,1.0798449324896329,0.0011423349538413063,0.012647375447874868,8.4000244140625,-1.0999755859375,0
2013-11-05,1308.0,1317.5,1306.9000244140625,1313.300048828125,98,1329.3571254185267,1318.2433268229167,1324.224286910602,58.16583165026538,-0.19103121776674925,0.8256697024383565,-0.005020520088626745,0.012714602624188026,10.5999755859375,-34.5,1
2013-11-06,1317.699951171875,1318.5999755859375,1312.5,1313.5,11,1324.4571184430804,1317.6366577148438,1323.3543754787715,48.049921254144394,-0.7019082904714651,0.5201541038563922,0.007415864810301986,0.00952678112471865,6.0999755859375,-16.2000732421875,0
2013-11-07,1308.4000244140625,1323.5999755859375,1298.0,1323.5999755859375,129,1319.199986049107,1317.1299926757813,1321.360462003477,47.678017698312374,-1.8360436495900103,0.048914553167111685,-0.00705769682205859,0.009567205761360813,25.5999755859375,-41.7999267578125,0
2013-11-11,1281.0,1281.800048828125,1281.0,1281.5999755859375,5,1303.8999895368304,1313.8166585286458,1311.719635904834,26.07003891050583,-7.01042369917036,-2.108418196751443,-0.0027247956403270157,0.008606439836327119,0.800048828125,-71.0,0
2013-11-13,1268.300048828125,1280.5,1268.300048828125,1274.0,17,1291.2857142857142,1311.57666015625,1301.2365302133114,14.789394686847274,-11.744175547891928,-5.234344732441613,-0.002202758879388589,0.007417363413265065,12.199951171875,-80.699951171875,1
2013-11-15,1287.300048828125,1288.5,1281.5,1287.699951171875,16,1283.828578404018,1309.7899943033854,1297.6407724504986,25.62171251740905,-11.73091296297207,-7.5940414104370495,0.0008553084263824839,0.00885799474052414,7.0,-25.7999267578125,0
2013-11-19,1273.4000244140625,1275.199951171875,1271.0,1274.199951171875,10,1277.0714285714287,1306.3433268229167,1291.4688444756662,22.68787490970415,-13.217544796384118,-9.535582623147363,0.0009433055244829625,0.009032381786679339,4.199951171875,-34.5999755859375,0
2013-11-20,1257.9000244140625,1269.0,1241.9000244140625,1269.0,120,1273.7714320591517,1304.7099934895834,1286.9930018007858,24.435816664640072,-14.709421097020368,-10.570350317921964,-0.012172137351051271,0.008344916576720525,27.0999755859375,-59.7999267578125,0
2013-11-27,1237.800048828125,1254.800048828125,1235.5,1241.5999755859375,82331,1248.44287109375,1298.436661783854,1263.5660903336448,18.65016082678082,-20.713316730080805,-16.576791723290672,-0.002899931943884604,0.007950263909531066,19.300048828125,-30.5,1
2013-11-29,1250.5999755859375,1254.5,1233.699951171875,1237.800048828125,9203,1245.1857212611608,1296.033329264323,1261.8372750339504,33.300500668078584,-19.908653249841336,-17.243164028600805,0.010340867872747905,0.007651319644968404,20.800048828125,-35.5999755859375,0
2013-12-03,1221.699951171875,1225.699951171875,1215.5999755859375,1219.199951171875,1932,1236.9857177734375,1289.8299967447917,1251.9168857130005,28.88890048149905,-22.21096506091658,-18.887239378452627,-0.0004909577290987954,0.00939351002686558,10.0999755859375,-50.5,1
2013-12-04,1248.199951171875,1250.4000244140625,1212.9000244140625,1225.0999755859375,1823,1237.5857107979912,1286.686661783854,1251.4212944408505,42.85711806881043,-20.550647456768274,-19.219920994115757,0.021691087058308245,0.011452621829490667,37.5,-25.2000732421875,0
2013-12-06,1230.300048828125,1242.0,1213.0,1228.699951171875,1032,1234.8714250837054,1279.3333292643229,1246.4995509147388,29.58454150212836,-19.94805327444078,-19.52431442792353,-0.002351526482785138,0.010849754150302298,29.0,-13.199951171875,1
2013-12-09,1235.300048828125,1243.199951171875,1229.0,1230.199951171875,352,1234.5142822265625,1275.4299967447917,1245.006283969857,35.75293345801158,-19.11490062770622,-19.442431667880072,0.004064049257546998,0.01071204083585061,14.199951171875,-8.699951171875,1
2013-12-10,1262.4000244140625,1267.0,1239.0,1239.0,882,1236.2000034877233,1272.4433308919272,1247.3254493624177,46.46074423661232,-16.082490665401338,-18.770443467384325,0.02193797014065213,0.012485593197639694,28.0,21.300048828125,0
2013-12-11,1258.5,1261.9000244140625,1252.0999755859375,1261.9000244140625,147,1241.3714250837054,1269.5533325195313,1248.8153894474285,50.20861470498103,-13.834507706137401,-17.783256315134942,-0.0030893728918237606,0.012063941486358622,9.800048828125,17.0999755859375,0
2013-12-12,1226.0,1255.4000244140625,1225.9000244140625,1253.5,609,1241.9857177734375,1265.4533325195312,1245.7733375211048,44.59542601735375,-14.50820188100306,-17.128245428308567,-0.025824394119984162,0.01363256141076682,29.5,-11.800048828125,1
2013-12-13,1235.699951171875,1239.0,1222.199951171875,1226.699951171875,446,1240.2000034877233,1262.523331705729,1244.4302193412077,47.5745014803981,-14.096904039839501,-16.521977150614756,0.007911868818821333,0.013835057542572892,16.800048828125,-14.9000244140625,1
2013-12-16,1245.5,1250.5999755859375,1228.9000244140625,1238.4000244140625,242,1241.9571533203125,1260.269999186198,1244.57285676238,51.23596276167127,-12.83224338551804,-15.784030397595414,0.007930767350788681,0.013995161853436905,21.699951171875,23.199951171875,0
2013-12-17,1231.199951171875,1240.4000244140625,1231.199951171875,1237.0,22,1242.0857107979912,1257.4899983723958,1242.789802683646,47.3437292377022,-12.835920632546276,-15.194408444585587,-0.01148137200170618,0.014348013260035528,9.2000732421875,9.5,1
2013-12-18,1236.0999755859375,1245.0999755859375,1217.0,1231.5,114,1242.199986049107,1255.093330891927,1241.897825737285,49.56024990006397,-12.301638230292383,-14.615854401726947,0.003979877037355806,0.014377035652104318,28.0999755859375,-12.0999755859375,0
2013-12-19,1195.0,1226.5999755859375,1188.699951171875,1226.5999755859375,124,1232.5714111328125,1251.0033325195313,1235.644782305647,37.45487777267928,-15.021481828199057,-14.69697988702137,-0.03324971798211973,0.01652458214360854,37.9000244140625,-38.199951171875,1
2013-12-20,1205.0999755859375,1207.800048828125,1190.9000244140625,1190.9000244140625,204,1224.942836216518,1247.5599975585938,1231.5721414096856,45.77186057579491,-16.175532385763972,-14.99269038676989,0.008451862415010503,0.015772007332708927,16.9000244140625,-25.2000732421875,0
2013-12-23,1198.4000244140625,1205.199951171875,1195.9000244140625,1205.199951171875,123,1220.9999825613838,1244.6899983723958,1227.149192476936,44.43915505152885,-17.42983553846966,-15.480119417109846,-0.005559664183560686,0.015820109708325973,9.2999267578125,-36.9000244140625,1
2013-12-24,1205.0999755859375,1205.5999755859375,1197.699951171875,1199.800048828125,184,1216.6285574776787,1242.1599975585937,1224.2092968914694,38.63995402893526,-17.679452039973285,-15.919985941682533,0.005590746858630036,0.014558448186275432,7.9000244140625,-57.300048828125,1
2013-12-27,1216.0999755859375,1218.5,1212.9000244140625,1213.4000244140625,278,1209.9857003348213,1238.5199951171876,1221.9598658109815,46.1159521521579,-16.035703005814867,-16.10882705490958,0.0016473107983012714,0.014511427833313691,5.5999755859375,-9.9000244140625,0
2013-12-31,1201.9000244140625,1212.4000244140625,1182.0,1196.4000244140625,124,1206.2571323939733,1232.9033284505208,1217.1058551987205,31.655537953599932,-16.18539635249158,-16.1338138109809,-0.0009973827580626038,0.013004551344452261,30.4000244140625,-43.5999755859375,1
2014-01-02,1225.0,1227.300048828125,1204.300048828125,1204.300048828125,209,1209.0999930245537,1231.3299967447917,1218.158407838891,40.90167662812486,-14.170838985155342,-15.74121884581579,0.019219548312430446,0.014346075581693879,23.0,-6.199951171875,1
2014-01-06,1237.800048828125,1247.0,1221.9000244140625,1232.800048828125,127,1219.4857177734375,1229.4933308919271,1223.1163245528087,50.673540401462034,-9.079799073549111,-13.708266790328334,-0.0004844764002821522,0.01274663451964692,25.0999755859375,42.800048828125,0
2014-01-07,1229.4000244140625,1242.4000244140625,1226.300048828125,1239.300048828125,73,1221.6714390345983,1229.023331705729,1223.9541512009757,44.78964779724145,-7.858329981180532,-12.538279428498775,-0.0067862530963826995,0.012666414897240592,16.0999755859375,24.300048828125,0
2014-01-08,1225.300048828125,1227.5,1218.5999755859375,1227.5,189,1222.9857352120537,1228.4,1224.1336042179291,47.95567902654928,-7.138848488531266,-11.458393240505274,-0.003334940218413962,0.012323100143976107,8.9000244140625,26.9000244140625,1
2014-01-09,1229.300048828125,1229.300048828125,1225.800048828125,1225.800048828125,7,1226.7286028180804,1228.0066691080729,1224.8224634992887,47.629031667675406,-6.1747094445638595,-10.40165648131699,0.0032645065213419144,0.012305584846071914,3.5,24.2000732421875,1
2014-01-10,1246.699951171875,1246.800048828125,1234.0,1235.0,58,1233.1285923549108,1228.1833333333334,1227.7394618556336,71.5956882661282,-3.9609363947224665,-9.113512463998086,0.014154316808444811,0.008473785661006691,12.800048828125,32.5999755859375,1
2014-01-13,1250.9000244140625,1252.699951171875,1245.5,1250.5999755859375,46,1236.8285958426338,1228.619999186198,1230.8275368634243,70.1230788373909,-1.8463113660427553,-7.66007224440702,0.0033689527606377556,0.00833285632926095,7.199951171875,34.800048828125,0
2014-01-14,1245.199951171875,1251.300048828125,1242.0,1251.0,37,1237.800013950893,1228.4399983723958,1232.7438587712177,70.74466185527515,-0.6232199769549425,-6.252701790916605,-0.0045567776248605085,0.008260384534586558,9.300048828125,42.0999755859375,0
2014-01-16,1240.0,1242.800048828125,1239.0,1239.300048828125,48,1239.357142857143,1229.5766642252604,1234.3302733225341,62.205480854745495,0.24248419257719434,-3.989109921989313,0.0015346292315072674,0.008362783003690772,3.800048828125,15.0,1
2014-01-17,1251.699951171875,1254.300048828125,1239.699951171875,1239.699951171875,101,1243.1285574776787,1229.6933308919272,1236.6462303691128,65.37132905981554,1.538713533346936,-2.8835452309220635,0.009435444493447687,0.008625300645665131,14.60009765625,13.2999267578125,0
2014-01-22,1239.0,1242.0,1239.0,1241.699951171875,58,1243.885707310268,1230.2866658528646,1237.6133964529392,66.22922106702124,1.6977201693748611,-1.2200220539001,-0.002656402397502866,0.00836100028944387,3.0,9.5999755859375,1
2014-01-27,1263.5999755859375,1264.4000244140625,1254.4000244140625,1259.800048828125,92,1251.9571358816963,1231.436661783854,1246.687529709282,62.451705037522494,6.067569371070022,1.8370072952186214,-0.0007117630795274721,0.007949655968155172,10.0,16.9000244140625,0
2014-01-28,1251.0,1258.4000244140625,1251.0,1257.9000244140625,20,1253.528564453125,1232.2699951171876,1247.2625257480445,60.018548358787314,5.823441988429522,2.6342942338608015,-0.009971490843132425,0.008245249127596126,7.4000244140625,0.0999755859375,1
2014-01-29,1262.199951171875,1262.199951171875,1262.199951171875,1262.199951171875,137028,1255.028564453125,1233.1533284505208,1249.2541824712218,66.05741240464909,6.4592534831097055,3.3992860837105825,0.008952798698541153,0.008369704712190354,0.0,17.0,0
2014-01-31,1240.0999755859375,1254.5,1238.4000244140625,1243.5999755859375,5820,1255.1714041573662,1233.3399943033853,1247.2184659363706,47.145338676550566,4.143181223550982,3.850314549533299,-0.0016905294384824687,0.008844439207458673,16.0999755859375,0.0999755859375,1
2014-02-03,1260.4000244140625,1266.300048828125,1241.199951171875,1242.4000244140625,2914,1254.8571254185267,1234.1499959309897,1248.9760070667296,53.606683189882894,4.818134455564859,4.043878530739612,0.016369687305681557,0.009885387350732605,25.10009765625,8.7000732421875,0
2014-02-04,1251.699951171875,1260.699951171875,1247.800048828125,1258.4000244140625,1745,1253.0285470145088,1236.0399943033854,1249.3391996140822,52.41276999117324,4.59801351596434,4.154705527784557,-0.00690262858907198,0.009998495409051627,12.89990234375,9.39990234375,1
2014-02-06,1257.5999755859375,1267.0,1253.5,1258.0,274,1253.0714111328125,1239.753328450521,1251.3605567639522,56.686922055864805,4.962716932610874,4.422736766366761,0.00023854827500557896,0.009890772920093506,13.5,-5.0,1
2014-02-07,1263.300048828125,1271.4000244140625,1257.9000244140625,1258.300048828125,436,1253.2285679408483,1241.6933308919272,1252.9524890391754,54.617869680323764,5.472772626268807,4.63274393834717,0.004532501075734885,0.009655112949783627,13.5,-1.199951171875,1
2014-02-10,1274.800048828125,1277.300048828125,1265.699951171875,1269.5999755859375,742,1257.8857247488838,1243.7166666666667,1255.8654970110354,62.725117577333386,6.7274000486359,5.051675160404916,0.00910314221128039,0.009588854173766431,11.60009765625,11.2000732421875,1
2014-02-11,1290.0999755859375,1292.0,1273.800048828125,1274.0,562,1265.0285818917412,1246.1833333333334,1260.4300941543556,68.28917279712134,8.854211701556551,5.812182468635244,0.012001824734692468,0.00985105593947991,18.199951171875,39.0999755859375,1
2014-02-12,1295.300048828125,1296.199951171875,1285.5,1290.5,140,1270.0142996651787,1249.2566691080729,1265.0794214441914,63.47898894123023,10.834435087676638,6.816632992443523,0.004030752143705518,0.008713687239474825,10.699951171875,33.10009765625,1
2014-02-13,1300.4000244140625,1303.5,1287.5,1293.300048828125,877,1276.9714529854912,1252.5400024414062,1269.7888351735076,64.41766635127782,12.66925847012294,7.987158087979407,0.003937292823042338,0.008730225016838766,16.0,58.2000732421875,1
2014-02-14,1319.0,1320.699951171875,1301.699951171875,1301.699951171875,308,1285.7857317243304,1255.6733357747396,1276.3503238170401,69.47960473962209,15.446177879520064,9.478962046287538,0.014303272252181198,0.009272038931310773,19.0,78.9000244140625,1
2014-02-18,1324.699951171875,1330.5999755859375,1313.9000244140625,1322.9000244140625,373,1295.3714425223213,1258.55,1282.7969407976848,77.23574448428243,17.90049912988661,11.163269463007353,0.004321418629169793,0.008473406329231022,16.699951171875,64.2999267578125,0
2014-02-20,1317.0999755859375,1323.5,1309.5999755859375,1310.699951171875,116,1309.5999930245537,1264.233329264323,1291.7390294560944,83.52729422641679,19.88376008115324,14.208019276209034,-0.0026503105139367156,0.006845472632783127,13.9000244140625,59.7999267578125,1
2014-02-21,1323.9000244140625,1328.300048828125,1317.4000244140625,1320.0,171,1314.4285714285713,1267.5199951171876,1296.0271621171569,85.99653924807299,20.6629798971087,15.49901140038897,0.005162894961789011,0.006632611811470348,10.9000244140625,66.300048828125,1
2014-02-24,1338.300048828125,1339.0,1321.4000244140625,1324.300048828125,93,1320.5714285714287,1271.1533284505208,1301.6635470119527,85.24884088566608,22.186724094809506,16.836553939273077,0.01087697269318788,0.006023862055479218,17.5999755859375,75.0,1
2014-02-25,1343.0,1343.9000244140625,1333.0999755859375,1336.4000244140625,290,1326.6571393694196,1274.363330078125,1307.1750740770256,92.86387268926056,23.50262549310287,18.169768250039034,0.0035118814917405317,0.005105837573046324,10.800048828125,68.199951171875,0
2014-02-27,1331.5999755859375,1335.0,1324.5999755859375,1329.300048828125,369,1328.9571358816963,1279.8199951171875,1312.8612689647298,81.14476834393399,22.766190767002627,19.87551151477021,0.002559873918879907,0.006607518004519339,10.4000244140625,36.2999267578125,0
2014-02-28,1321.4000244140625,1332.5999755859375,1321.0999755859375,1329.800048828125,239,1329.0714285714287,1282.5966634114584,1313.9997696913074,73.56042583060828,21.443190197868716,20.189047251389912,-0.007659921417005666,0.007313677709092518,11.5,21.0,1
2014-03-03,1350.0999755859375,1354.0999755859375,1332.9000244140625,1335.9000244140625,232,1333.7857142857142,1286.2666625976562,1318.813130477258,76.79715024218598,22.451739244903592,20.641585650092647,0.021719351174222412,0.008731314633050777,21.199951171875,31.0999755859375,0
2014-03-05,1340.199951171875,1341.0,1334.800048828125,1334.800048828125,32,1336.0428466796875,1292.3999959309897,1323.858750468196,66.66666666666666,21.595422016751627,21.050477136992477,0.0017939170699330376,0.0090787802033462,6.199951171875,19.5999755859375,1
2014-03-06,1351.699951171875,1351.699951171875,1333.300048828125,1338.0,59,1337.2856968470983,1296.1566609700521,1327.57091056202,68.17860538511917,21.94591295890018,21.22956430137402,0.008580809147130886,0.00922003239603924,18.39990234375,34.5999755859375,0
2014-03-10,1341.4000244140625,1344.699951171875,1330.5,1336.0,97,1340.0999930245537,1301.236661783854,1330.6314843672783,56.24536072873422,20.079967775798195,20.944597894100795,0.002466219930001845,0.009145205833616271,14.199951171875,3.0999755859375,1
2014-03-11,1346.5,1352.4000244140625,1338.0999755859375,1340.0,53,1343.6857038225446,1303.9999959309896,1332.7472864516412,59.61397820131386,19.626841301735112,20.68104657562766,0.003801979642996667,0.009097117126150531,14.300048828125,3.5,1
2014-03-13,1372.199951171875,1374.5,1366.5,1366.800048828125,23,1351.4857003348213,1311.643330891927,1342.3470720667328,66.0892782061406,21.89369742214103,20.966087591871357,0.0013864863723640486,0.009960435114518187,8.0,40.5999755859375,1
2014-03-14,1379.0,1386.5999755859375,1371.0999755859375,1376.0999755859375,91,1357.028564453125,1316.2033325195312,1347.234129124502,64.28070908838592,22.928569336984992,21.358583940894086,0.0049555815989628105,0.009704764731914818,15.5,57.5999755859375,0
2014-03-17,1372.9000244140625,1391.4000244140625,1372.199951171875,1386.0999755859375,29,1360.0571463448662,1320.630000813802,1350.6562484964436,60.38918348493885,22.99146444475673,21.685160041666613,-0.004423477582260693,0.009851967922906867,19.2000732421875,22.800048828125,0
2014-03-18,1359.0,1361.800048828125,1353.4000244140625,1359.300048828125,35,1363.0428641183037,1323.9166666666667,1351.7687486969178,60.769266228123335,21.669896391379098,21.682107311609112,-0.010124571466880727,0.009766122948008122,8.4000244140625,21.199951171875,0
2014-03-19,1341.4000244140625,1358.0,1332.699951171875,1357.0999755859375,57,1363.0428641183037,1326.906669108073,1350.3862521258704,53.11706968581589,18.98354278268812,21.142394405824913,-0.012950681078688353,0.010510398406435402,25.300048828125,1.2000732421875,0
2014-03-20,1330.5,1333.699951171875,1325.800048828125,1333.699951171875,72,1360.7571498325892,1329.3466674804688,1347.7347518424212,52.88156689331009,15.792995497461334,20.0725146241522,-0.008125856728550263,0.010539178197259406,7.89990234375,-21.199951171875,1
2014-03-21,1336.0,1339.0999755859375,1335.800048828125,1339.0999755859375,3,1355.857142857143,1331.9600016276042,1346.170118263432,44.76614941533956,13.552048245531978,18.768421348428156,0.004133784291619591,0.008710230587935802,3.2999267578125,-2.0999755859375,0
2014-03-25,1311.4000244140625,1315.5,1307.5,1315.5,46,1337.4857177734375,1334.7766642252604,1337.4931086640474,40.06899913372244,6.522803922997582,14.862515179095059,0.00015258789630734348,0.009687543970055671,8.0,-35.0999755859375,0
2014-03-26,1303.4000244140625,1315.199951171875,1303.4000244140625,1315.199951171875,4,1327.5571463448662,1335.2199991861978,1332.947364097383,32.93290279501953,3.3496108485364857,12.559934312983344,-0.006100350656600306,0.009298363933984295,11.7999267578125,-66.9000244140625,0
2014-03-28,1293.800048828125,1299.4000244140625,1285.9000244140625,1292.199951171875,65486,1311.5714285714287,1334.9799967447916,1323.3080210123119,32.265294483098,-2.463459472560089,7.56667339032565,-0.0006950663301836801,0.009041977045110795,13.5,-85.199951171875,0
2014-04-01,1279.5999755859375,1287.9000244140625,1277.300048828125,1285.0999755859375,884,1296.7857142857142,1332.2899983723958,1312.868690904109,12.050217325794605,-7.761458729634796,2.4427079693815825,-0.00296092313841112,0.0066162204546522715,10.5999755859375,-79.4000244140625,1
2014-04-02,1290.5,1294.0999755859375,1280.199951171875,1280.199951171875,1099,1293.828578404018,1331.2866658528646,1309.886198783561,18.210196129096005,-8.733594522984049,0.20744747090845617,0.008518306206649617,0.007366152946871897,13.9000244140625,-50.9000244140625,0
2014-04-03,1284.4000244140625,1293.5,1282.699951171875,1290.800048828125,775,1289.971435546875,1330.1966674804687,1306.4880422009612,12.989104427287543,-9.882318971660425,-1.8105058176053201,-0.004726831139819865,0.006862601430072372,10.800048828125,-46.0999755859375,1
2014-04-04,1303.199951171875,1306.0999755859375,1284.4000244140625,1285.5,976,1289.9428536551338,1329.5066650390625,1306.0496300637499,25.195725023175953,-9.169988482431336,-3.282402350570523,0.01463712737500833,0.008652034299804545,21.699951171875,-32.800048828125,0
2014-04-07,1298.0,1304.0,1296.300048828125,1301.4000244140625,361,1290.4142892020088,1328.163330078125,1304.97634605525,26.858885659614742,-8.922204420735625,-4.410362764603544,-0.003990140704961731,0.00845360470434948,7.699951171875,-13.199951171875,1
2014-04-09,1305.5,1313.5999755859375,1301.0999755859375,1309.5,191,1295.699986049107,1326.263330078125,1305.4764498391378,39.334466546262796,-7.039022361736443,-5.474090514840644,-0.0024451373815744804,0.008282788383966472,12.5,2.0999755859375,1
2014-04-11,1318.699951171875,1322.800048828125,1316.300048828125,1319.0,76,1305.5142647879463,1325.7899943033854,1308.9294129920218,53.64431832740973,-3.8456346970142476,-5.107618372318415,-0.0010605442314632896,0.007223077038728813,6.5,24.89990234375,1
2014-04-14,1327.199951171875,1330.0,1320.0999755859375,1320.0999755859375,328,1311.6285400390625,1325.02666015625,1311.3654847493353,57.10429453240521,-2.047584608387524,-4.495611619532237,0.006445742257324305,0.007398076505318218,9.9000244140625,43.7999267578125,0
2014-04-16,1303.0999755859375,1303.5,1295.0,1302.699951171875,177,1311.8999720982142,1322.5299926757812,1308.9500719565146,53.36540295532196,-3.08428173418406,-3.9396987087166035,0.002384596604567246,0.009041823237691475,8.5,12.5999755859375,0
2014-04-17,1293.4000244140625,1303.0,1292.5,1300.0999755859375,124,1309.7142682756696,1320.5866617838542,1306.8767322841877,49.85028996326005,-4.0571491267226065,-3.963188792317804,-0.0074437505591337105,0.009287015366437635,10.5,9.0,0
2014-04-21,1288.0,1299.199951171875,1283.800048828125,1290.0,100,1307.2142682756696,1318.9166625976563,1304.3598346462961,51.788485688982036,-5.203903029956109,-4.211331639845465,-0.0041750613206528175,0.009084403155259085,15.39990234375,-15.199951171875,0
2014-04-23,1284.199951171875,1287.699951171875,1282.4000244140625,1284.300048828125,176,1296.6428397042412,1314.8133260091147,1298.9262664693986,47.47795593728559,-7.390548671568013,-5.2347009505965785,0.0028111632473601933,0.008910964285044225,5.2999267578125,-24.5,1
2014-04-24,1290.5,1297.9000244140625,1272.4000244140625,1284.5999755859375,522,1291.3999895368304,1312.1533243815104,1297.8027642734787,52.43804503633332,-7.396990191941313,-5.667158798865526,0.004905816124954665,0.00891578677443867,25.5,-15.0,1
2014-04-30,1295.5999755859375,1296.5,1286.5999755859375,1296.0,181,1292.3571254185267,1302.4233235677084,1297.6620897747837,45.170714046677354,-5.2554099788906115,-5.677379911441024,-0.00030866081331981654,0.007829995361997428,9.9000244140625,-4.4000244140625,0
2014-05-01,1283.0999755859375,1288.699951171875,1278.0,1288.699951171875,25,1292.7142682756696,1300.4799886067708,1295.7204745496042,31.573687256527847,-5.966041985918309,-5.735112326336481,-0.009648039700175914,0.0074036314838261,10.699951171875,-20.0,1
2014-05-02,1302.5999755859375,1302.699951171875,1276.699951171875,1276.699951171875,90,1295.3428431919642,1299.5499877929688,1296.6377413544487,43.206754358223684,-4.8992603163710555,-5.567941924343396,0.015197568678227968,0.00872074154494493,26.0,9.199951171875,1
2014-05-06,1308.300048828125,1309.4000244140625,1306.9000244140625,1309.4000244140625,14,1299.0714285714287,1298.5533243815105,1299.6212433499804,54.61627243842163,-2.414502637411715,-4.605917347466263,-0.000534722056436232,0.00655330606999483,2.5,27.7000732421875,0
2014-05-09,1287.300048828125,1287.300048828125,1287.300048828125,1287.300048828125,3,1295.1857212611608,1297.0133260091145,1295.4624281132133,49.62246410972902,-4.15573524199408,-4.18201979400511,-7.76569706707475e-05,0.007392974566489777,0.0,-13.39990234375,1
2014-05-13,1294.5999755859375,1295.5,1292.0,1295.5,20,1295.828578404018,1297.4466552734375,1295.3633288175358,55.71430679395979,-3.54177998735463,-3.9914060848264463,-0.0007718431760140865,0.00737313315459686,3.5,-1.4000244140625,1
2014-05-14,1305.699951171875,1306.9000244140625,1292.800048828125,1292.800048828125,25,1295.357142857143,1298.3166544596354,1296.7415451314478,57.9331848438822,-2.4207044771842448,-3.6772657632980064,0.00857405823827051,0.0075995609406136295,14.0999755859375,10.0999755859375,0
2014-05-20,1294.5,1294.5,1290.0999755859375,1290.699951171875,8,1295.8428431919642,1298.2799886067708,1295.4651897760662,49.41552671349717,-2.3840740295315754,-2.9612896884372284,0.000618419153065819,0.007743768365828742,4.4000244140625,-13.800048828125,0
2014-05-21,1288.0,1288.0,1287.4000244140625,1287.4000244140625,2,1294.7571323939733,1297.589990234375,1294.4698311392574,52.78095309354272,-2.7852296564974495,-2.926077682049273,-0.005021243723445368,0.00739261626144538,0.5999755859375,-0.5999755859375,1
2014-05-23,1291.5999755859375,1293.4000244140625,1291.5999755859375,1293.199951171875,3,1292.7857142857142,1296.2866577148438,1294.1368949550144,37.98337208459296,-2.5420466535747437,-2.783875938224295,-0.0025484970004678864,0.0060730514365620065,1.800048828125,4.2999267578125,0
2014-05-27,1265.4000244140625,1291.9000244140625,1265.4000244140625,1291.9000244140625,25,1288.7714320591517,1294.5099934895834,1290.305312216221,28.089825996421425,-4.622446922887548,-3.1515901351569457,-0.02028488051030608,0.007969821935662705,26.5,-30.199951171875,0
2014-05-29,1256.300048828125,1260.5999755859375,1250.9000244140625,1258.300048828125,38045,1278.5714460100446,1290.7899983723958,1282.1884466618503,31.93956295572704,-8.466434207461134,-4.780115797603727,-0.0023822757751750245,0.007140386103471209,9.699951171875,-49.39990234375,0
2014-06-04,1244.0,1248.800048828125,1242.699951171875,1245.0999755859375,604,1251.2285853794642,1284.5399983723958,1265.688188758907,10.998814792866526,-14.267094419148634,-9.636038129619543,-0.00024113864530306284,0.006193639167102576,6.10009765625,-50.5,1
2014-06-09,1253.5,1256.0999755859375,1252.5999755859375,1252.699951171875,97,1248.028564453125,1280.6466674804688,1261.2222047946175,24.098083693302826,-13.189849111460944,-11.55389975877814,0.0011181410760807697,0.006567391080062798,3.5,-38.0999755859375,1
2014-06-11,1260.800048828125,1264.4000244140625,1259.0999755859375,1259.9000244140625,128,1252.5000174386162,1278.1700032552083,1261.0015793096238,32.47433545906729,-11.103527342488633,-11.557978575302958,0.0007937767592010037,0.006788922658273246,5.300048828125,1.5,1
2014-06-18,1272.4000244140625,1272.699951171875,1267.4000244140625,1269.9000244140625,143,1269.5571463448662,1273.7600016276042,1267.1993692414312,66.0676911381672,-4.181229664814737,-7.718747397794304,0.0005505019022311597,0.004419340268097375,5.2999267578125,28.4000244140625,1
2014-06-25,1322.199951171875,1323.4000244140625,1312.0,1315.300048828125,294,1305.0142647879463,1278.343330891927,1293.5766715981213,94.7027262318196,10.057801281415095,1.87501470585087,0.0009841219878765628,0.008735858957458301,11.4000244140625,61.39990234375,0
2014-06-30,1321.800048828125,1328.699951171875,1311.800048828125,1315.300048828125,744,1319.171421595982,1280.4899983723958,1302.5332625842298,88.46149186097935,12.311786734429688,6.67616189320113,0.0021228573374716397,0.008934550963089415,16.89990234375,46.9000244140625,1
2014-07-01,1326.4000244140625,1331.4000244140625,1326.199951171875,1326.699951171875,51,1320.6285749162946,1281.5800008138021,1305.7154974948742,88.95482097577877,13.071018364822521,7.955133187525409,0.0034800842911268948,0.008901350895135744,5.2000732421875,54.7000732421875,1
2014-07-02,1330.699951171875,1330.699951171875,1326.800048828125,1326.800048828125,226,1322.4428536551338,1282.7866658528646,1309.0467579851409,87.7146105283527,13.859914587379535,9.136089467496234,0.003241802381383385,0.008703386438539984,3.89990234375,58.2999267578125,0
2014-07-08,1316.0,1323.5,1316.0,1318.4000244140625,6,1321.5428641183037,1285.4,1311.9721290504617,75.78585517527554,11.97885652049058,10.84128024241527,-0.00037979491074824345,0.009201023285618618,7.5,-2.0,1
2014-07-09,1323.800048828125,1330.4000244140625,1323.800048828125,1324.0,16,1322.2285853794642,1287.3466674804688,1313.5491850208168,77.63445800053816,11.860224112730748,11.045069016478365,0.005927088775171008,0.009226128566866153,6.5999755859375,2.9000244140625,1
2014-07-11,1337.0,1339.0,1336.199951171875,1337.9000244140625,112,1326.1571393694196,1292.683329264323,1319.5822711066082,65.8055551432939,13.291523481303557,11.778463337739606,-0.0012698522700227421,0.0046015375499574,2.800048828125,20.9000244140625,0
2014-07-14,1306.300048828125,1332.800048828125,1304.699951171875,1332.800048828125,103,1322.6714390345983,1294.7066650390625,1317.811308136144,43.8226043465931,11.05992087077675,11.634754844347036,-0.02296181837836575,0.007909891716386844,28.10009765625,-12.699951171875,0
2014-07-16,1299.5999755859375,1303.0999755859375,1296.9000244140625,1298.4000244140625,34,1316.9000069754463,1298.323331705729,1312.966715454898,38.98633784534626,6.498784649173331,10.095698555878759,0.0020818498890033954,0.008079738788042669,6.199951171875,-26.800048828125,1
2014-07-17,1316.699951171875,1323.800048828125,1303.0999755859375,1303.0999755859375,16,1317.0,1300.7466634114583,1313.4644802171615,50.264074385697974,6.271364749887653,9.330831794680538,0.013157876198195417,0.008860507888405096,20.7000732421875,-14.0,0
2014-07-18,1309.199951171875,1322.699951171875,1306.199951171875,1322.699951171875,27,1314.914271763393,1302.6199951171875,1312.8958763444566,45.85445299558398,5.423427623667976,8.549350960478026,-0.005696058538868232,0.008965051140547714,16.5,-11.2000732421875,1
2014-07-21,1313.699951171875,1315.5,1311.0,1311.0,18,1311.3428431919642,1304.6733276367188,1313.0030863214456,46.62213480103195,5.056258335334178,7.850732435449258,0.003437213693731067,0.009001383008603918,4.5,-2.800048828125,0
2014-07-23,1304.5,1304.5,1304.5,1304.5,0,1306.6714041573662,1307.916658528646,1311.071648682483,39.1014912519448,3.1847719101112943,6.318175629217084,-0.0012250023856096304,0.008949369825337191,0.0,-19.300048828125,0
2014-07-24,1290.5999755859375,1297.5,1290.5999755859375,1297.5,1,1305.7713971819196,1308.9099894205729,1308.3420922696105,37.96442009607876,1.318900583685263,5.31832062011072,-0.010655442249185465,0.00914056222400091,6.9000244140625,-48.0999755859375,1
2014-07-28,1303.300048828125,1308.0,1303.300048828125,1307.4000244140625,52,1304.3571254185267,1310.8799926757813,1307.0640641050768,45.19304873022708,0.46968562899587596,3.63192734273685,0.00015353637167980771,0.009610137367239974,4.699951171875,-3.0,0
2014-07-30,1294.9000244140625,1303.0,1291.0,1298.5999755859375,36189,1300.114292689732,1312.433329264323,1304.4294614920495,31.409187610166455,-1.0361578916320013,2.081362129798103,-0.002618827918193012,0.00872558169908439,12.0,-4.699951171875,0
2014-07-31,1281.300048828125,1297.300048828125,1280.5999755859375,1295.0999755859375,5663,1296.5714460100446,1312.7299967447916,1301.3455398035264,28.527381595517,-2.7455552245864965,1.115978658921183,-0.010502722472409798,0.008983755959544239,16.7000732421875,-35.39990234375,1
2014-08-01,1293.5999755859375,1296.5999755859375,1279.699951171875,1284.0999755859375,1985,1295.0142996651787,1312.0599975585938,1300.3127979078479,44.294662354170846,-3.072347522151631,0.2783134227066203,0.009599567852246693,0.007511869280968539,16.9000244140625,-15.5999755859375,0
2014-08-05,1284.0,1292.699951171875,1282.5999755859375,1288.0,825,1291.8714425223213,1309.9766642252605,1296.6802736750894,42.83088874652329,-4.5581974036849715,-1.335763063702541,-0.002873302253764809,0.007353747505815948,10.0999755859375,-22.0999755859375,1
2014-08-06,1306.699951171875,1309.0,1287.800048828125,1288.0999755859375,706,1292.357142857143,1309.503328450521,1298.016230674661,45.62936689842973,-3.317643815043539,-1.7321392139707408,0.017679089697721917,0.008079124151331593,21.199951171875,2.199951171875,1
2014-08-12,1308.800048828125,1315.800048828125,1305.800048828125,1306.199951171875,438,1302.2000034877233,1308.1,1302.8650949574105,52.152173434899595,0.21356020203415937,-1.0636366635941912,0.00022930747277416508,0.007766481274580045,10.0,10.5,1
2014-08-14,1313.9000244140625,1316.4000244140625,1309.699951171875,1311.800048828125,320,1310.057163783482,1307.086669921875,1305.4844579989135,56.870251532865765,1.6601125213253454,-0.1916299162838978,0.0008378850891417322,0.006694345517286038,6.7000732421875,32.5999755859375,0
2014-08-15,1304.5,1312.800048828125,1292.0,1311.699951171875,199,1309.742885044643,1306.5566691080728,1305.3531969323917,50.68334311192924,1.4228392379927755,0.13126391457143682,-0.0071542919852326525,0.007010173812858272,20.800048828125,10.9000244140625,0
2014-08-20,1293.4000244140625,1295.800048828125,1288.4000244140625,1295.4000244140625,332,1303.7428676060267,1304.2199991861978,1301.8081655174524,57.867341836451224,-0.8800446592379103,-0.041216882434732316,-0.0013126022731224651,0.006405006778359504,7.4000244140625,-13.2999267578125,0
2014-08-21,1273.699951171875,1290.0,1272.0,1290.0,264,1298.7285679408483,1302.0533325195313,1298.0604036047089,38.196925224482946,-3.0368417061542914,-0.6403418471786442,-0.015231229990978257,0.007143603052229113,18.0,-37.10009765625,1
2014-08-25,1277.300048828125,1277.5999755859375,1273.699951171875,1277.300048828125,251,1288.6142752511162,1299.139998372396,1293.0435957301065,45.85912296637866,-5.346381417156181,-2.1672785762095903,-0.001016679792455677,0.007151594882435239,3.9000244140625,-31.199951171875,1
2014-08-27,1281.9000244140625,1282.300048828125,1281.5,1281.5,783,1283.4000069754463,1298.1133341471354,1290.4896430237384,26.88002562494995,-5.861382761192544,-3.4530710610262085,-0.0014800002662384015,0.005094388653312891,0.800048828125,-30.9000244140625,1
2014-08-29,1285.800048828125,1289.699951171875,1284.800048828125,1289.5,116,1281.4000069754463,1296.4000040690105,1289.6575549614413,33.76253012469002,-5.3288372275317215,-4.150615203808549,-0.002250254096085702,0.0054202651874581615,4.89990234375,-18.699951171875,0
2014-09-02,1263.699951171875,1286.4000244140625,1262.5,1284.5,280,1279.971435546875,1294.7333374023438,1286.1965411228325,25.408875860948925,-6.922038667939432,-4.704899896634726,-0.017187818336445004,0.006864580428115353,23.9000244140625,-34.0,1
2014-09-05,1265.800048828125,1268.0999755859375,1263.199951171875,1263.199951171875,123,1274.2714320591517,1291.353340657552,1279.3069693481445,27.73309209620642,-8.962975553544084,-6.541445665260606,0.0005533738484686523,0.006795371947019355,4.9000244140625,-7.89990234375,0
2014-09-08,1252.699951171875,1268.4000244140625,1252.699951171875,1268.4000244140625,2,1270.0999930245537,1289.67333984375,1275.759366924642,25.85841969047644,-10.28160613882278,-7.289477759973042,-0.010349263035957401,0.00710633045493292,15.7000732421875,-25.9000244140625,0
2014-09-10,1243.5,1256.699951171875,1243.5,1256.699951171875,95,1258.0714285714287,1285.9633382161458,1268.1117079102034,24.566813125826712,-12.884842554283296,-9.109146189147399,-0.002646814805009612,0.00711784824671451,13.199951171875,-40.300048828125,0
2014-09-11,1237.4000244140625,1237.4000244140625,1237.4000244140625,1237.4000244140625,0,1254.3142961774554,1284.0466715494792,1264.0168167773847,28.520784427028786,-14.177824890537522,-10.122881929425423,-0.0049054890116103644,0.006205167667977765,0.0,-44.5,0
2014-09-12,1229.9000244140625,1229.9000244140625,1227.0,1227.0,47,1248.7428676060267,1282.3333374023437,1259.467911128942,22.043687388230808,-15.627565183722027,-11.223818580284746,-0.006061095726542787,0.006044391623702781,2.9000244140625,-58.7999267578125,1
2014-09-17,1234.4000244140625,1236.199951171875,1221.9000244140625,1236.199951171875,10,1237.2571498325892,1276.9300048828125,1250.7306027975383,21.556886227544908,-16.533105604735965,-13.777717154243373,-0.0006476091235703141,0.005966363208451661,14.2999267578125,-34.5,0
2014-09-18,1225.699951171875,1225.699951171875,1216.199951171875,1216.199951171875,5,1234.2428501674108,1274.2300048828124,1247.393182580783,13.114817366544798,-17.06778431625571,-14.435730586645843,-0.007048017717204091,0.005597215420537813,9.5,-39.4000244140625,0
2014-09-22,1216.800048828125,1216.800048828125,1212.4000244140625,1214.9000244140625,7,1227.2714320591517,1267.9766723632813,1239.6055581801218,17.565787918592832,-18.621437908883763,-15.862644647387924,0.0012342630953123823,0.004441493231527018,4.4000244140625,-35.89990234375,1
2014-09-25,1221.199951171875,1221.199951171875,1209.5,1209.5,11,1221.857142857143,1259.0,1232.8608532822482,18.941351685867005,-17.797849629540906,-16.976779624827312,0.0021335759379834673,0.004478706583023169,11.699951171875,-16.2000732421875,0
2014-09-29,1217.5,1222.199951171875,1214.800048828125,1216.300048828125,6344,1217.7857142857142,1252.773331705729,1228.6448158663748,26.8561301470248,-17.236731815218263,-17.152280100774732,0.0028004484658865625,0.004152639514715633,7.39990234375,-16.0999755859375,0
2014-09-30,1210.5,1218.199951171875,1204.0,1214.800048828125,680,1217.0999930245537,1249.8666666666666,1226.2255070841916,25.3730445904435,-17.197578104417516,-17.16133970150329,-0.005749486652977365,0.004288257238951625,14.199951171875,-24.699951171875,1
2014-10-02,1214.199951171875,1219.5,1210.300048828125,1215.300048828125,176,1215.8142613002233,1244.543330891927,1223.2787048783068,36.44202692303638,-16.052263122573777,-16.856726792613706,-0.0003293466343678997,0.004200589825551331,9.199951171875,-11.5,0
2014-10-03,1192.199951171875,1212.4000244140625,1191.0,1212.4000244140625,499,1212.0428292410713,1241.8266642252604,1219.1348710507827,22.834568723977895,-17.160819394513965,-16.91754531299376,-0.018118926770476995,0.006065892494049821,21.4000244140625,-23.10009765625,1
2014-10-06,1206.699951171875,1208.0,1182.800048828125,1187.699951171875,415,1209.971400669643,1239.4299967447917,1217.476881733595,34.00670771304797,-16.67708633811958,-16.869453518018926,0.012162389359056114,0.007172021043637138,25.199951171875,-10.10009765625,1
2014-10-07,1211.699951171875,1211.699951171875,1205.300048828125,1209.0999755859375,272,1209.6285400390625,1237.2433268229167,1216.7066243253657,37.834892249641186,-15.709180537945713,-16.637398922004284,0.004143532114295967,0.0073355654863547165,6.39990234375,-9.300048828125,0
2014-10-08,1205.300048828125,1217.9000244140625,1205.300048828125,1210.199951171875,9,1207.8856898716517,1234.62666015625,1215.1857475924003,38.79123237688975,-15.282361302690333,-16.366391398141495,-0.005281755056241844,0.007243713107350258,12.5999755859375,-13.2999267578125,1
2014-10-10,1221.0,1223.5,1217.0,1223.5,186,1210.8142613002233,1230.4599934895834,1217.0488475926668,52.058804521878166,-11.765885423955979,-14.94514046079587,-0.002939715546062316,0.008282778067397065,6.5,6.9000244140625,1
2014-10-13,1229.300048828125,1234.0,1227.0,1229.800048828125,103,1212.9714181082588,1228.57666015625,1218.682341090728,53.91143274618314,-9.819295874532145,-13.919971543543124,0.006797746787981174,0.008428397863323372,7.0,11.800048828125,1
2014-10-14,1233.5999755859375,1235.9000244140625,1233.5999755859375,1235.9000244140625,73,1218.885707310268,1227.5733276367187,1220.6713590234226,56.944460142822585,-7.839275194166248,-12.703832273667748,0.003497865929405597,0.008431088267747118,2.300048828125,23.0999755859375,1
2014-10-17,1238.300048828125,1238.300048828125,1232.5999755859375,1237.4000244140625,356,1233.0571463448662,1225.0099934895834,1227.6594931837524,59.352564581073786,-2.435326317806812,-8.260915616565725,-0.0017734390744659212,0.008556083292957968,5.7000732421875,46.10009765625,1
2014-10-20,1244.0,1244.0,1235.4000244140625,1237.300048828125,105,1235.828578404018,1224.7199951171874,1229.8382274259188,65.24117569960168,-1.0047545378415634,-6.8096834008208935,0.0046030452613397,0.008349982991722764,8.5999755859375,37.300048828125,1
2014-10-21,1251.0,1251.0,1251.0,1251.0,48,1240.114292689732,1224.8599934895833,1232.659797102463,66.1348079930307,0.685918560852997,-5.310563008486116,0.00562700964630225,0.008400240531579187,0.0,39.300048828125,0
2014-10-22,1244.800048828125,1244.800048828125,1244.800048828125,1244.800048828125,2,1242.328578404018,1224.9033284505208,1234.2784973325513,62.900589562439265,1.5081202562516864,-3.946826355538556,-0.004955996140587504,0.008593817183291209,0.0,39.5,0
2014-10-28,1229.199951171875,1231.0,1224.699951171875,1224.9000244140625,46,1236.8285609654017,1224.2999918619792,1232.1930951574182,63.00325964810678,-0.2384905045760206,-1.4990981384808042,8.134048321806198e-05,0.0069923349939128325,6.300048828125,-4.4000244140625,0
2014-10-29,1224.300048828125,1224.300048828125,1224.300048828125,1224.300048828125,631,1234.0142822265625,1223.9633260091146,1231.140688980179,49.80649795157172,-0.8822905469703528,-1.375736620178714,-0.0039862532853818244,0.005708082429518881,0.0,-19.7999267578125,0
2014-10-30,1198.0999755859375,1214.699951171875,1195.800048828125,1213.699951171875,521,1226.4571358816963,1223.0433268229167,1226.7352605276135,38.56139567838228,-3.4666720291695583,-1.793923701976883,-0.02140004263437356,0.008078749523349076,18.89990234375,-42.4000244140625,0
2014-11-04,1167.4000244140625,1171.0,1165.0,1166.9000244140625,40,1198.3714250837054,1218.2033243815104,1206.6267198918597,14.391754961032603,-13.512099250434403,-6.33807853099183,-0.0017102787397341723,0.008644267197430664,6.0,-83.5999755859375,0
2014-11-06,1142.300048828125,1147.5,1137.9000244140625,1141.0999755859375,137,1174.0000174386162,1213.1333292643228,1190.9747456059272,12.204651752913847,-20.07234725639546,-10.816671701971233,-0.0027064567136911855,0.009405541542800747,9.5999755859375,-86.199951171875,1
2014-11-07,1169.5999755859375,1169.699951171875,1133.0,1139.9000244140625,97,1166.1857212611608,1211.6499959309897,1188.1247762699286,24.96629916809671,-19.94644817656149,-12.642626996889284,0.02389908569628374,0.012069095963790955,36.699951171875,-61.5999755859375,0
2014-11-11,1162.800048828125,1170.5,1151.5999755859375,1155.0,22,1159.5000174386162,1208.1299967447917,1181.451946754205,22.40912488807473,-20.299879287242675,-15.418172358392155,0.002759635485996448,0.01195892231666696,18.9000244140625,-66.39990234375,0
2014-11-13,1161.0999755859375,1164.5,1155.0,1163.699951171875,1047,1157.1000104631696,1204.5033325195313,1176.1323506835752,24.1709418316687,-19.870113063402187,-17.08756292129476,0.0018983097122526882,0.011707408819147277,9.5,-37.0,1
2014-11-17,1183.0,1186.9000244140625,1180.5999755859375,1183.0999755859375,17,1168.5714285714287,1203.4733357747396,1178.0727434023297,35.508162021252815,-15.444669079106689,-16.81066152961773,-0.0016877637130802148,0.013428593179911298,6.300048828125,13.5999755859375,1
2014-11-20,1190.699951171875,1191.9000244140625,1190.699951171875,1191.800048828125,3,1181.2856968470983,1201.4533325195312,1183.4161094094436,58.099171636076754,-9.005865040057415,-13.711665717880004,-0.0024296451687164655,0.01104499631724815,1.2000732421875,48.39990234375,1
2014-11-26,1196.5999755859375,1201.0,1193.699951171875,1200.5,75297,1195.3856898716517,1196.7433308919271,1189.1877964094015,76.33362735985887,-3.5239327529452567,-8.520067520232402,-0.0004176760589734707,0.009278238754379895,7.300048828125,37.699951171875,0
2014-11-28,1175.199951171875,1198.199951171875,1163.800048828125,1197.0,11175,1192.3142613002233,1194.5666625976562,1187.3227503777312,52.88064370691593,-4.404985126577458,-7.697051041501414,-0.01788402544767187,0.008875437585399491,34.39990234375,14.0999755859375,1
2014-12-01,1218.0,1220.4000244140625,1141.699951171875,1160.0,5524,1195.7999790736608,1193.8899943033855,1191.413050327367,72.46152676013487,-1.630820155224228,-6.483804864245977,0.03641937594146949,0.012706465082563744,78.7000732421875,33.0,0
2014-12-02,1199.199951171875,1212.300048828125,1191.300048828125,1212.300048828125,1236,1197.0142647879463,1192.396659342448,1192.4513037733013,62.49995808027795,-0.9384632305645937,-5.374736537509701,-0.015435179661843157,0.01369031221265101,21.0,16.199951171875,1
2014-12-04,1207.5,1213.0,1201.5999755859375,1208.199951171875,358,1200.2999790736608,1189.7366577148437,1196.3123126119465,65.48730690218007,1.287345011633306,-3.1253126811835936,-0.0008274720728175256,0.013697490166713873,11.4000244140625,13.9000244140625,0
2014-12-05,1190.0999755859375,1206.0,1186.699951171875,1203.0999755859375,560,1199.2999790736608,1188.4566569010417,1195.4840010084786,51.77947296013766,0.6138853017512247,-2.3774730845966303,-0.014409958106884058,0.013409956403898896,19.300048828125,-0.5999755859375,1
2014-12-08,1194.699951171875,1207.0,1187.199951171875,1190.5999755859375,183,1199.0285470145088,1187.239990234375,1195.3794610302648,54.00957485437755,0.446199703408638,-1.8127385269955767,0.003865200974962457,0.013425903844971256,19.800048828125,-2.800048828125,1
2014-12-10,1228.9000244140625,1234.5999755859375,1226.5999755859375,1231.199951171875,306,1208.6285574776787,1187.3099934895833,1204.0227984290516,60.474776760164424,5.194033401916158,0.3979106041777758,-0.0021112266227669707,0.015434874903328085,8.0,31.800048828125,0
2014-12-12,1222.0,1227.800048828125,1216.199951171875,1227.800048828125,203,1214.2571323939733,1188.1333251953124,1208.8553435544184,57.39286998237828,6.950985750081827,2.6622115766160155,-0.002530385803374835,0.015461868076286552,11.60009765625,46.800048828125,0
2014-12-15,1207.199951171875,1223.0999755859375,1198.4000244140625,1223.0999755859375,77,1214.2142682756696,1189.3366577148438,1208.6346245700793,53.277292764557124,6.155380735728613,3.360845408438535,-0.012111332919905848,0.01587579283633539,24.699951171875,-10.800048828125,0
2014-12-19,1195.9000244140625,1200.800048828125,1195.9000244140625,1198.0,96,1204.7285679408483,1194.4799886067708,1202.6119772114648,41.33335120504825,1.1316095181484798,2.744941920622214,0.001004497607127508,0.011564096306472533,4.9000244140625,5.800048828125,0
2014-12-23,1177.9000244140625,1180.300048828125,1175.0,1179.300048828125,232,1191.9428536551338,1195.4266560872395,1196.669438273903,36.967645135228715,-2.4247744691929256,1.1458901805102348,-0.0015257496247452762,0.011106457481418351,5.300048828125,-53.5999755859375,0
2014-12-24,1173.5,1179.300048828125,1173.5,1177.0,23,1187.1285749162946,1195.783321126302,1193.5801798373827,35.92715800621265,-4.031308439556369,0.1104504564969141,-0.0037354820637272024,0.011114593045858658,5.800048828125,-55.4000244140625,1
2014-12-26,1195.300048828125,1195.300048828125,1177.199951171875,1177.199951171875,124,1187.328578404018,1196.9966552734375,1193.8094957028152,52.07670535149307,-3.5050128295970353,-0.6126422007218758,0.01857694829835954,0.011755153400290607,18.10009765625,-29.7999267578125,0
2014-12-29,1181.699951171875,1186.5,1181.300048828125,1186.5,180,1185.528564453125,1197.6833211263022,1192.1948897653565,45.1564899105668,-4.137637873237509,-1.3176413352250025,-0.011377977997728328,0.012107658362706204,5.199951171875,-40.300048828125,1
2014-12-30,1200.199951171875,1210.300048828125,1181.4000244140625,1181.4000244140625,191,1186.3142787388392,1198.1899861653646,1193.2622312862256,36.49697615682277,-3.110348230810814,-1.6761827143421648,0.015655412341901043,0.009462508983622189,28.9000244140625,-7.0,0
2015-01-02,1186.0,1194.5,1169.5,1184.0,138,1185.5,1197.8633219401042,1191.212078765057,34.71463325942942,-3.7224990713398256,-2.388508778178696,0.0017737778044026875,0.010041245184121394,25.0,-8.300048828125,1
2015-01-05,1203.9000244140625,1206.9000244140625,1180.0999755859375,1180.300048828125,470,1189.2142857142858,1198.2066569010417,1192.903804851591,43.65803563561645,-2.3713798228905034,-2.3850829871210575,0.015092769320457444,0.011058834000454043,26.800048828125,9.2000732421875,1
2015-01-06,1219.300048828125,1220.0,1203.5,1203.5,97,1195.7571498325892,1199.1599934895833,1196.4233040484623,54.22194470804505,-0.05729436360593354,-1.9195252624180328,0.012791780132704655,0.011138148844047463,16.5,23.4000244140625,0
2015-01-08,1208.4000244140625,1215.699951171875,1206.300048828125,1207.0,92,1201.7571498325892,1200.02666015625,1199.6583932526505,55.017780546440115,1.7519905591680072,-0.7081195688885227,-0.0018172403900885703,0.010893207923010727,9.39990234375,30.5,1
2015-01-09,1216.0,1220.199951171875,1210.300048828125,1211.0999755859375,43,1204.0142996651787,1200.6566609700521,1201.8372741522971,57.21056894442791,2.8785952116525095,0.009223387219683854,0.0062892878454074985,0.010985563909903635,9.89990234375,42.5,1
2015-01-14,1234.4000244140625,1243.800048828125,1225.5999755859375,1229.5999755859375,21,1222.2428676060267,1204.3766642252604,1213.0210681001445,69.23075005442885,8.164469807414207,3.379812152257717,8.09977979279175e-05,0.01050472340945503,18.2000732421875,34.2000732421875,1
2015-01-15,1264.699951171875,1265.0,1227.300048828125,1231.5,130,1228.7285679408483,1206.5599975585938,1219.9115858430418,76.38886730367383,11.526044648076777,5.00905865142153,0.024546278482289408,0.011679940572874747,37.699951171875,80.7999267578125,1
2015-01-16,1276.9000244140625,1279.699951171875,1256.0999755859375,1256.0999755859375,44,1238.2000034877233,1208.839998372396,1227.510044319178,74.99998130051199,15.001631409817719,7.007573203100767,0.00964661478074924,0.011137586962762822,23.5999755859375,90.9000244140625,1
2015-01-21,1293.699951171875,1303.5,1286.699951171875,1295.199951171875,78,1261.55712890625,1215.183329264323,1244.0417544691827,81.39693127002397,21.758835414353825,11.866015828196254,-0.0003863390657272703,0.010118835068627121,16.800048828125,74.39990234375,1
2015-01-22,1300.699951171875,1302.0999755859375,1283.5,1293.199951171875,131,1271.2714146205358,1218.7166625976563,1251.5961806962082,91.83379197151459,24.28265276384832,14.349343215326668,0.0054108373380235,0.0085227055573599,18.5999755859375,90.0999755859375,0
2015-01-23,1292.5999755859375,1299.800048828125,1292.5999755859375,1299.800048828125,23,1279.5999755859375,1220.753328450521,1257.063353348172,86.60714061144158,25.33712525287774,16.546899622836882,-0.006227397470600193,0.009130585623505503,7.2000732421875,84.199951171875,0
2015-01-26,1279.4000244140625,1290.5999755859375,1279.4000244140625,1289.5,26,1286.0285470145088,1222.436661783854,1260.0415761569575,76.79206966936164,24.821549186379343,18.201829535545375,-0.01021193828035738,0.009721397669560204,11.199951171875,63.4000244140625,1
2015-01-27,1291.699951171875,1291.699951171875,1277.199951171875,1277.199951171875,20,1289.8856898716517,1224.6566609700521,1264.2626928256134,76.26995825862643,25.1159319048586,19.58465000940802,0.009613824076207589,0.009545833961661355,14.5,59.0,0
2015-01-28,1285.9000244140625,1286.800048828125,1285.9000244140625,1285.9000244140625,180387,1291.1714041573662,1226.7866617838542,1267.14767037074,77.90965145172645,24.597679969655246,20.587256001457465,-0.004490150171911567,0.009328547071344019,0.9000244140625,51.5999755859375,0
2015-01-29,1254.5999755859375,1285.4000244140625,1251.0,1283.300048828125,67983,1285.5142647879463,1228.3666625976562,1265.4746443994331,64.08537193539792,21.414456695447143,20.752696140255402,-0.02434096604235414,0.012027584940697307,34.4000244140625,20.199951171875,1
2015-02-02,1276.199951171875,1284.0999755859375,1266.0,1284.0999755859375,1654,1279.8428431919642,1233.916658528646,1268.4098375051576,63.11031513142985,19.513518706311515,20.477708248350716,-0.0017990213751466477,0.012506271300845745,18.0999755859375,-0.7000732421875,0
2015-02-03,1259.699951171875,1284.699951171875,1255.300048828125,1273.5,2380,1275.1428397042412,1236.0833251953125,1267.2485193273865,57.02431686462604,17.13699542179029,19.80956568303863,-0.01292900848714873,0.013176151628419673,29.39990234375,-34.5,1
2015-02-05,1262.0,1272.5999755859375,1257.800048828125,1271.800048828125,133,1268.671421595982,1241.0899943033853,1266.1502268260424,49.13629228137862,13.732111751199454,17.889636691654946,-0.001424314573966079,0.011435355861997029,14.7999267578125,-38.699951171875,0
2015-02-06,1233.9000244140625,1267.5999755859375,1228.0,1265.0,432,1261.2428501674108,1242.956660970052,1261.8501998377785,37.51451446200436,10.021928190527433,16.316094991429445,-0.0222662247115194,0.01247798446529338,39.5999755859375,-58.699951171875,1
2015-02-09,1240.800048828125,1242.300048828125,1235.4000244140625,1237.5,319,1259.2714320591517,1245.1999959309896,1259.0435130364915,33.49818101709134,7.551308508609736,14.563137694865505,0.00559204496112975,0.011863191114550484,6.9000244140625,-38.5999755859375,0
2015-02-10,1231.5999755859375,1245.0,1231.199951171875,1237.5,231,1252.5714285714287,1246.4099934895833,1255.384374709751,31.788876502877784,4.7956740432450715,12.60964496454142,-0.0074146299807744676,0.011895499580526301,13.800048828125,-60.0999755859375,0
2015-02-12,1220.0999755859375,1229.800048828125,1217.9000244140625,1217.9000244140625,99,1238.7428676060267,1248.3166625976562,1246.4753715267825,28.56299286491857,-0.8751131534747856,8.147457883876262,0.0009023589712366942,0.01181002518454472,11.9000244140625,-34.5,1
2015-02-13,1226.5,1232.800048828125,1222.199951171875,1222.199951171875,65,1233.4142892020088,1249.736661783854,1243.8119886565448,33.703028739518174,-2.275708322767059,6.062824642547598,0.005245491797497115,0.011911705893110787,10.60009765625,-52.0,0
2015-02-17,1208.0999755859375,1234.0,1203.0,1227.699951171875,204,1225.7142857142858,1250.4733276367188,1239.0503869137972,25.178194101635697,-4.814914937747062,3.8872767264886665,-0.015002058225896842,0.011730623977067717,31.0,-68.0999755859375,0
2015-02-18,1199.699951171875,1210.199951171875,1197.800048828125,1207.0999755859375,147,1220.8285609654017,1250.3333251953125,1233.8036621482074,24.79535419945961,-7.419538421969946,1.6259136967969439,-0.00695308714826226,0.01174563314376392,12.39990234375,-60.0,1
2015-02-20,1204.4000244140625,1213.0999755859375,1199.0999755859375,1206.5,51,1212.1285574776787,1249.719991048177,1226.7974177809037,20.571954914555803,-9.970656500231598,-2.3591992324398223,-0.0022367253968044176,0.008616072674335062,14.0,-57.5999755859375,0
2015-02-24,1196.9000244140625,1203.5,1193.800048828125,1203.4000244140625,151,1206.142857142857,1248.8133260091147,1219.749180475226,22.600433529859757,-12.152173096598062,-5.718365243418958,-0.002832645401774303,0.008231388928610502,9.699951171875,-43.9000244140625,1
2015-02-25,1201.0,1204.5999755859375,1201.0,1204.300048828125,570,1202.5,1247.756660970052,1217.2492897451957,22.600351084997513,-12.5009707840195,-7.0748863515390665,0.003425495448498017,0.008242464051413797,3.5999755859375,-30.5999755859375,1
2015-02-27,1212.5999755859375,1217.800048828125,1204.5,1207.699951171875,195,1204.5571463448662,1246.2066569010417,1215.7454604433358,38.940790224239116,-11.135291052014963,-8.666304864420175,0.0024801587802172342,0.006813937543665333,13.300048828125,-7.5,0
2015-03-02,1207.699951171875,1222.699951171875,1204.9000244140625,1214.300048828125,124,1204.642857142857,1244.3066569010416,1214.6727258738078,32.449586152081665,-10.76430631922517,-9.085905155381175,-0.004040924057989392,0.006554419856854468,17.7999267578125,-18.800048828125,0
2015-03-04,1200.5999755859375,1206.9000244140625,1198.0,1204.800048828125,27,1204.6285574776787,1238.7566569010417,1211.5630664011185,38.44219217492252,-10.703447810062698,-9.659049886671951,-0.00282394054324131,0.0058915291835429165,8.9000244140625,0.9000244140625,0
2015-03-05,1195.9000244140625,1205.4000244140625,1195.9000244140625,1201.699951171875,29,1204.4857003348213,1235.4966593424479,1209.4746608028445,35.45675157796512,-11.00130208997848,-9.927500327333258,-0.00391466872184576,0.005908140670261233,9.5,-11.199951171875,0
2015-03-09,1166.4000244140625,1174.199951171875,1166.300048828125,1169.4000244140625,45,1193.0428466796875,1226.736661783854,1198.488078992609,27.459485853040547,-15.37915354697293,-11.612798722596951,0.0019758172634332105,0.008106984256539577,7.89990234375,-33.9000244140625,0
2015-03-10,1160.0999755859375,1168.4000244140625,1156.5,1166.4000244140625,94,1185.5428466796875,1222.7599934895834,1193.3696652050528,28.09736455127694,-17.06430615606746,-12.703100209291053,-0.0054012763170935285,0.008051466210738076,11.9000244140625,-36.800048828125,0
2015-03-16,1153.300048828125,1162.300048828125,1150.0999755859375,1159.699951171875,56,1157.0428466796875,1206.02666015625,1175.479282100919,24.292519033861495,-20.90662442035864,-17.207743967992375,0.0006073861331044039,0.007991048880789125,12.2000732421875,-54.39990234375,0
2015-03-18,1151.4000244140625,1174.300048828125,1147.0,1148.699951171875,112,1152.642857142857,1198.1533325195312,1169.1280030089265,13.715829528158295,-20.981457405607216,-18.60490359012158,0.002699621574606015,0.007434711848196482,27.300048828125,-49.199951171875,1
2015-03-19,1169.0999755859375,1171.5999755859375,1159.300048828125,1171.5999755859375,39,1153.9285714285713,1194.9966634114583,1169.1242660191947,27.081173416754353,-19.141265458469434,-18.712175963791154,0.015372547156998984,0.008887564454369473,12.2999267578125,-26.800048828125,1
2015-03-23,1188.0,1188.0,1181.199951171875,1181.5999755859375,5,1163.9285888671875,1190.893330891927,1173.452454341223,42.39545138083082,-13.507023581979865,-17.273830622268353,0.002700836461848599,0.009882389397502238,6.800048828125,21.5999755859375,1
2015-03-24,1191.699951171875,1193.0,1186.0,1188.0,411,1169.5142996651787,1189.256660970052,1175.8854539186434,45.78198383119836,-10.92537484225386,-16.004139466265453,0.003114437013362892,0.009921263318066448,7.0,31.5999755859375,1
2015-03-25,1197.300048828125,1199.199951171875,1192.5,1192.5,11,1175.800013950893,1188.113330078125,1178.7407332399077,50.65790454905804,-8.33147844006362,-14.469607261025088,0.0046992513935602,0.009959257164156726,6.699951171875,46.60009765625,1
2015-03-26,1205.0999755859375,1213.699951171875,1198.199951171875,1198.199951171875,68,1183.9142892020088,1187.6499959309897,1182.255298886045,74.8785965494458,-5.5820614213137105,-12.692098093082812,0.006514596541983497,0.006432515390367885,15.5,53.0,0
2015-03-27,1199.800048828125,1199.800048828125,1196.300048828125,1197.0,172260,1190.828578404018,1186.9733317057292,1184.5945988783224,69.55504383237778,-3.7871327129869314,-10.911105017063637,-0.004397914584004181,0.0066923644958876444,3.5,47.2000732421875,0
2015-03-31,1183.0999755859375,1190.0999755859375,1178.199951171875,1185.800048828125,3409,1192.828578404018,1184.75,1184.4190566557593,68.75000883031525,-3.431504461154418,-8.234891707307318,-0.001434903082481287,0.00705759524221776,11.9000244140625,34.7999267578125,1
2015-04-01,1208.0999755859375,1208.199951171875,1181.0,1182.9000244140625,1632,1195.7000034877233,1185.0300008138022,1187.5765125131165,75.45454545454545,-1.3175807128072847,-6.851429508407311,0.021130927661137555,0.008701197411816412,27.199951171875,56.699951171875,0
2015-04-02,1200.9000244140625,1205.699951171875,1194.800048828125,1204.0,1684,1197.0142996651787,1184.8233357747397,1189.352980766576,70.69411698252941,-0.2207125622824151,-5.525286119182333,-0.005959731245241517,0.009032093613633297,10.89990234375,31.800048828125,1
2015-04-06,1218.5999755859375,1224.199951171875,1209.9000244140625,1209.9000244140625,343,1200.0571463448662,1185.2966674804688,1193.2525800758242,74.42034787800988,2.053134231039394,-4.009602049137988,0.014738904831408384,0.009523515546539999,14.2999267578125,33.7999267578125,0
2015-04-07,1210.5999755859375,1214.800048828125,1208.199951171875,1214.800048828125,406,1200.8428606305804,1185.639998372396,1195.5655661438393,72.78712678986824,3.173063949669995,-2.5730688493763916,-0.006564910684618508,0.009690502899741844,6.60009765625,22.5999755859375,0
2015-04-08,1203.0999755859375,1211.4000244140625,1197.5999755859375,1208.9000244140625,236,1201.3142787388392,1185.8466634114584,1196.5701540694524,68.32034190104595,3.4160508921906967,-1.375244901062974,-0.006195275195152727,0.010054667309245799,13.800048828125,11.4000244140625,0
2015-04-09,1193.5999755859375,1202.5,1193.0,1201.699951171875,521,1202.5714111328125,1185.5999959309895,1196.1741302716505,59.21746350747119,2.809661164624913,-0.5382636879253965,-0.007896268134635509,0.009805893725828822,9.5,-3.7000732421875,1
2015-04-10,1204.5999755859375,1209.5999755859375,1195.800048828125,1195.800048828125,202,1205.6428397042412,1185.433329264323,1197.2975763135555,57.722290621045445,3.1800434445704013,0.20539773857376314,0.009215817882871624,0.009471451882218746,13.7999267578125,-0.5,0
2015-04-13,1199.300048828125,1208.0999755859375,1198.300048828125,1208.0999755859375,424,1204.385707310268,1184.9899983723958,1197.5645726488315,54.3361725887564,3.0112030000916548,0.7665587908773416,-0.004399740050828549,0.00957593699166278,9.7999267578125,-0.5,0
2015-04-14,1192.800048828125,1200.5999755859375,1184.0999755859375,1198.800048828125,546,1203.2285679408483,1184.4933349609375,1196.9293028060706,50.41326028060611,2.3260863783482364,1.0784643083715206,-0.005419828012473871,0.009682746595605985,16.5,8.0,1
2015-04-16,1198.0,1208.5,1194.5999755859375,1204.300048828125,199,1198.9857177734375,1184.3233357747397,1197.6002318854487,47.30857186751231,2.2520449604674013,1.5337172195913982,-0.0029130253849355414,0.009664132658147256,13.9000244140625,-10.0999755859375,1
2015-04-17,1202.9000244140625,1206.0,1200.199951171875,1200.199951171875,21,1198.9571533203125,1184.5566691080728,1198.3068708892638,51.178699035597226,2.456830120230734,1.7183397997192655,0.004090170629434509,0.009658851993252077,5.800048828125,2.0,0
2015-04-20,1193.5,1206.9000244140625,1191.0,1205.699951171875,67,1198.94287109375,1185.536669921875,1197.6659547706954,53.45510640195777,1.8394167722542534,1.7425551942262631,-0.007814468553728138,0.009256501751512205,15.9000244140625,-25.0999755859375,1
2015-04-21,1202.9000244140625,1202.9000244140625,1192.800048828125,1193.199951171875,33,1198.7000209263392,1186.7533365885417,1198.3638307231442,57.41020603956325,2.0845858486395628,1.8109613251089232,0.007876015428623706,0.00943474363544899,10.0999755859375,-7.699951171875,0
2015-04-22,1186.9000244140625,1202.5999755859375,1185.199951171875,1199.0999755859375,93,1196.9285888671875,1187.6466715494792,1196.8353232152667,41.49278647859064,0.976560642404138,1.6440811885679663,-0.013301188523787477,0.008262177722373816,17.4000244140625,-16.199951171875,1
2015-04-23,1194.4000244140625,1197.0,1186.0999755859375,1187.199951171875,331,1197.1571568080358,1189.103340657552,1196.5106167084396,47.397916300162244,0.6956114279189478,1.4543872364381625,0.00631898209261772,0.008372696226179966,10.9000244140625,0.800048828125,0
2015-04-24,1175.199951171875,1194.699951171875,1174.5999755859375,1192.300048828125,52,1193.4000069754463,1189.87333984375,1193.6691946368978,32.832272139484616,-1.064062448082268,0.9506972995340763,-0.016075077737549903,0.008146708077694416,20.0999755859375,-29.4000244140625,1
2015-04-27,1203.300048828125,1206.699951171875,1181.4000244140625,1182.300048828125,194,1194.1571568080358,1191.5633422851563,1194.9533085290614,47.508559496520796,-0.1889950171221244,0.7227588362028362,0.023910907780611668,0.010673059171385018,25.2999267578125,4.0,1
2015-04-28,1214.0,1214.0,1199.699951171875,1199.699951171875,401,1195.7428676060267,1193.5866739908854,1197.492867391853,53.64062093557838,1.3523102717529127,0.8486691233128516,0.008892172141350407,0.010801558753393843,14.300048828125,21.199951171875,0
2015-04-29,1209.800048828125,1212.5999755859375,1201.9000244140625,1211.199951171875,114,1198.0714460100446,1195.6366739908854,1199.1338249166893,55.60944269501448,2.209435857339713,1.120822470118224,-0.0034595973409184966,0.010593074563327495,10.699951171875,8.300048828125,0
2015-04-30,1182.4000244140625,1205.9000244140625,1176.699951171875,1203.0999755859375,143,1195.1428745814733,1196.6700073242187,1196.902651516339,43.09703220438573,0.6700373075200332,1.0306654375985858,-0.022648390897821113,0.012022329686513997,29.2000732421875,-15.5999755859375,0
2015-05-01,1174.5,1178.0999755859375,1170.0,1178.0999755859375,23,1193.3714425223213,1196.850008138021,1193.9156313141602,42.411252571766674,-1.1738813079336978,0.589756088492129,-0.006681346626305595,0.012083464516761207,8.0999755859375,-28.4000244140625,1
2015-05-04,1186.800048828125,1189.4000244140625,1177.5,1177.5,38,1192.2857317243304,1196.9166748046875,1192.966886982689,48.22695240129054,-1.6239688487614785,0.14701110104140752,0.010472583080566089,0.012420954560219011,11.9000244140625,-6.699951171875,1
2015-05-06,1190.300048828125,1194.5999755859375,1189.9000244140625,1194.5,14,1193.0000174386162,1197.0433430989583,1192.638240423942,47.6849221554249,-1.5241849843025648,-0.44235969213602844,-0.0024303574106769865,0.012335008732629136,4.699951171875,3.4000244140625,0
2015-05-07,1182.4000244140625,1186.0,1179.699951171875,1181.5,44,1188.4857352120537,1196.5466756184896,1191.273144955958,43.94566034035471,-2.1970495731613937,-0.7932976683411015,-0.006637002511963419,0.012368446046302366,6.300048828125,-12.0,1
2015-05-08,1189.0999755859375,1189.0999755859375,1182.9000244140625,1183.300048828125,51,1185.5285818917412,1196.0133422851563,1190.9833890399555,48.67946426805062,-2.164716042765349,-1.0675813432259509,0.005666399723896376,0.012334907565080292,6.199951171875,13.9000244140625,0
2015-05-11,1183.199951171875,1190.5,1179.300048828125,1189.699951171875,26,1185.642857142857,1195.4600056966146,1189.9455973242116,43.960736912616056,-2.585371594229173,-1.3711393934265952,-0.0049617563999656555,0.012164914365457932,11.199951171875,-20.10009765625,1
2015-05-12,1192.5999755859375,1194.800048828125,1189.699951171875,1194.5999755859375,10,1188.2285679408483,1195.7200032552084,1190.299514425775,51.821070661940894,-2.1356226104167035,-1.5240360368246169,0.007944578094980947,0.011848170514286648,5.10009765625,-21.4000244140625,1
2015-05-13,1218.4000244140625,1218.4000244140625,1191.0,1192.699951171875,34,1192.7428501674108,1196.8966715494792,1194.0462490908799,56.86498664070694,0.29920595988983223,-1.1593876374817271,0.021633447389137528,0.013078968701614714,27.4000244140625,8.5999755859375,1
2015-05-18,1227.800048828125,1228.0999755859375,1222.5999755859375,1224.5,8,1208.857142857143,1198.600008138021,1205.321433919192,55.46753334687521,6.291256304840999,1.7649970587759225,0.0018768248291514134,0.01027461279445106,5.5,41.0,0
2015-05-20,1208.9000244140625,1210.800048828125,1205.0999755859375,1205.0999755859375,11,1215.0714460100446,1198.670011393229,1205.9809942201375,61.276595744680854,5.5516394568160194,3.1718156380919873,0.001657138088940746,0.009254170288074943,5.7000732421875,18.5999755859375,0
2015-05-22,1204.300048828125,1211.9000244140625,1204.300048828125,1211.5999755859375,8,1214.742885044643,1199.0200154622396,1205.5741783236117,58.58685808204474,4.353582068004698,3.6872012445908533,-8.300862164645206e-05,0.008741663725440049,7.5999755859375,15.2000732421875,0
2015-06-01,1188.300048828125,1204.0,1184.300048828125,1190.5999755859375,1236,1192.5142996651787,1197.166678873698,1196.5621660467775,52.68143660308577,-1.555783715662983,1.030690895525702,-0.0009248155064394137,0.009117457127776715,19.699951171875,-37.199951171875,1
2015-06-02,1194.0999755859375,1194.300048828125,1186.0,1189.0,1003,1191.0428641183037,1197.186678059896,1196.2338739853321,50.81967213114754,-1.58908607943863,0.5067355005328356,0.004880860489345551,0.00895638709401124,8.300048828125,-33.7000732421875,0
2015-06-03,1184.699951171875,1193.9000244140625,1179.0999755859375,1193.9000244140625,630,1188.2428501674108,1196.580008951823,1194.6960176102048,27.563192944301136,-2.3469279293367435,-0.0639971854410803,-0.007872058124320791,0.0066915090123118096,14.800048828125,-22.2000732421875,0
2015-06-04,1174.9000244140625,1185.300048828125,1173.0,1184.9000244140625,447,1186.4857177734375,1196.1800089518229,1192.0565518507192,17.58660891694194,-3.6956935880928086,-0.790336465971426,-0.008272074923375006,0.0064923174849463305,12.300048828125,-34.0,0
2015-06-05,1167.800048828125,1177.300048828125,1164.0,1176.4000244140625,390,1183.9000069754463,1195.2933430989583,1188.8223514477065,16.01883537023724,-5.276682471887398,-1.6876056671546205,-0.00604304658983934,0.006476347671117046,13.300048828125,-36.5999755859375,1
2015-06-08,1173.199951171875,1176.0999755859375,1169.0999755859375,1169.5,173,1181.7714320591517,1195.2266764322917,1186.7393647442623,18.97713117323768,-6.024454402175024,-2.5549754141587013,0.004623995648200818,0.0066873384930331535,7.0,-31.10009765625,1
2015-06-09,1177.300048828125,1180.300048828125,1172.699951171875,1172.9000244140625,144,1180.0428641183037,1194.360009765625,1185.4807892887773,29.213450397672432,-6.214587532788755,-3.2868978378847125,0.003494798693227441,0.005588499413223399,7.60009765625,-9.89990234375,1
2015-06-10,1186.0999755859375,1190.0999755859375,1175.5999755859375,1176.0999755859375,295,1179.7285679408483,1193.4300089518229,1185.563347461732,35.38453833802315,-5.5907422666030016,-3.7476667236283703,0.007474667793118561,0.00605845477241121,14.5,0.199951171875,0
2015-06-12,1178.800048828125,1181.199951171875,1176.199951171875,1180.4000244140625,141,1176.8571602957588,1192.3133422851563,1184.0071458695204,34.200686137481625,-5.512179657413981,-4.386197905771997,-0.0009322616858862265,0.006106608732202261,5.0,-10.5999755859375,1
2015-06-15,1185.300048828125,1188.5,1172.699951171875,1179.9000244140625,102,1178.3428780691963,1192.6733439127604,1184.1795329306678,48.644855256192365,-4.9146531327437515,-4.491888951166349,0.005514081889003819,0.0051541469940301985,15.800048828125,-3.0,0
2015-06-16,1180.5,1186.5,1175.9000244140625,1186.5,29,1180.1571568080358,1192.4633422851562,1183.6889285399122,46.3314917676874,-4.773408005599094,-4.548192762052898,-0.004049648722170174,0.00525739124444416,10.5999755859375,-13.5999755859375,0
2015-06-17,1176.4000244140625,1186.300048828125,1174.9000244140625,1177.5999755859375,168,1180.6143101283483,1191.9033447265624,1182.7170746564657,42.25166291023033,-4.935411636422714,-4.625636536926861,-0.003473083935567556,0.005281162309714585,11.4000244140625,-8.2999267578125,1
2015-06-19,1201.5,1203.0999755859375,1199.699951171875,1199.699951171875,142,1186.271449497768,1192.9133422851562,1187.3919360753011,56.72097278644344,-1.4562265986287457,-3.7322633107248295,0.0,0.007908737429337164,3.4000244140625,33.699951171875,0
2015-06-22,1183.699951171875,1197.800048828125,1182.699951171875,1197.800048828125,30,1186.8142961774554,1192.7333414713542,1186.8996714215111,45.281288320112715,-1.647079288103896,-3.315226506200643,-0.014814855454119868,0.008828736576350636,15.10009765625,10.5,0
2015-06-23,1176.199951171875,1186.0,1176.199951171875,1183.800048828125,60,1186.4428536551338,1192.5000081380208,1185.473042054893,46.075708527579145,-2.37612821247194,-3.127406847454903,-0.006336065142669711,0.008740364971253183,9.800048828125,-1.10009765625,0
2015-06-26,1172.9000244140625,1172.9000244140625,1170.5,1170.5,308,1182.8428431919642,1188.5200073242188,1180.8927632974744,49.837173269642925,-4.304057075997434,-3.4981792986718467,0.0011950699223750583,0.008235378481244797,2.4000244140625,-5.9000244140625,1
2015-06-29,1178.5,1186.0,1173.800048828125,1185.0999755859375,174,1179.55712890625,1186.9533406575522,1180.5737281911445,50.641000560793984,-4.117089631998624,-3.6219613653372025,0.004774469664398762,0.00828395333110224,12.199951171875,-6.800048828125,0
2015-07-01,1169.0,1173.0999755859375,1166.5999755859375,1173.0999755859375,455,1173.171421595982,1183.813338216146,1177.9820447302375,43.81383232993633,-4.9164135486576015,-4.0184725956060925,-0.0021340162185232714,0.008054137537066915,6.5,-7.4000244140625,0
2015-07-02,1163.0,1168.0999755859375,1155.5,1166.4000244140625,316,1171.2857142857142,1182.2833374023437,1175.9844387662058,41.50535009240591,-5.679299466635257,-4.350637969811926,-0.0051325919589392255,0.008143885621513965,12.5999755859375,-38.5,1
2015-07-06,1172.9000244140625,1173.0,1162.199951171875,1171.0999755859375,634,1171.328578404018,1181.2333374023438,1175.5731835192535,43.56845369623495,-5.422535210178239,-4.565017417885189,0.008512488748119162,0.008362950494417055,10.800048828125,-28.5999755859375,0
2015-07-07,1152.4000244140625,1166.800048828125,1149.5,1166.800048828125,469,1168.6000104631696,1179.5033365885417,1172.4834289718947,37.46655588502084,-6.794898995459107,-5.010993733399973,-0.017478045505405326,0.00947104527486474,17.300048828125,-31.2999267578125,1
2015-07-08,1163.300048828125,1163.300048828125,1146.4000244140625,1152.5999755859375,65,1167.2285853794642,1178.7066731770833,1171.2589782860587,44.491180447399415,-6.923160423882564,-5.393427071496491,0.00945854233177812,0.009903219260266985,16.9000244140625,-12.89990234375,0
2015-07-14,1153.300048828125,1157.199951171875,1153.0,1157.199951171875,39,1159.114292689732,1174.4900024414062,1164.5868143252314,35.414074940286625,-8.284460596086547,-6.855871440714726,-0.001644652375394129,0.00658414593634901,4.199951171875,-25.199951171875,0
2015-07-16,1143.800048828125,1146.199951171875,1142.9000244140625,1146.199951171875,14,1154.2142857142858,1171.563338216146,1159.8060969612293,33.37338839438799,-9.624832100004596,-7.743295322868709,-0.002963652796774463,0.00666225300378887,3.2999267578125,-25.199951171875,0
2015-07-17,1131.800048828125,1144.0,1130.199951171875,1144.0,120,1149.7142857142858,1170.1266723632812,1156.0719572101486,28.115034664579724,-11.008123501951331,-8.396260958685234,-0.010491344192802399,0.006997067296139235,13.800048828125,-31.199951171875,0
2015-07-21,1103.4000244140625,1106.4000244140625,1097.0999755859375,1097.0999755859375,118,1134.4857177734375,1165.763338216146,1143.3438232506924,18.96083403901129,-16.39236030676966,-10.887077012274288,-0.0029817718472999744,0.008398585113295031,9.300048828125,-49.0,0
2015-07-23,1094.0,1097.5999755859375,1087.800048828125,1097.4000244140625,64,1116.9000069754463,1159.8300048828125,1130.762252285034,20.207266448387898,-20.728373177521917,-14.163270775084221,0.002382238892960853,0.008768500981934673,9.7999267578125,-65.0,0
2015-07-24,1085.5999755859375,1100.699951171875,1078.5999755859375,1078.5999755859375,52,1108.1000104631696,1156.686669921875,1124.7406153918212,11.811018576466395,-22.468063101456437,-15.824229240358665,-0.007678267288905416,0.007977377621083078,22.0999755859375,-72.0999755859375,1
2015-07-28,1096.300048828125,1097.699951171875,1096.300048828125,1097.199951171875,31,1096.2714320591517,1150.976668294271,1117.6851798491625,14.36170212765957,-22.648731722815683,-18.29013371557501,-0.00018235400991795103,0.0073709516180575614,1.39990234375,-57.0,0
2015-07-29,1092.699951171875,1096.9000244140625,1092.699951171875,1096.4000244140625,159142,1094.2714320591517,1148.05,1114.3538160255243,14.469445803688018,-22.63333400693523,-19.158773773847052,-0.0032838616217323313,0.007373955748161184,4.2000732421875,-54.5,0
2015-07-30,1088.4000244140625,1097.5,1081.0,1096.0999755859375,49298,1092.1285749162946,1145.1166666666666,1110.8933104773296,14.018702250887017,-22.706354637487266,-19.868289946575096,-0.0039351395167548375,0.007322552032465247,16.5,-55.4000244140625,1
2015-07-31,1094.9000244140625,1102.800048828125,1079.0999755859375,1087.699951171875,5700,1092.6285749162946,1141.5633341471355,1108.7608723355606,19.9401940225666,-21.986284138489964,-20.291888784958072,0.0059720689582851705,0.00781751044634409,23.7000732421875,-36.9000244140625,0
2015-08-04,1090.699951171875,1093.9000244140625,1080.5,1085.0999755859375,1139,1092.7000034877233,1134.726668294271,1104.1154959761404,21.49339883176937,-20.965786278113,-20.637616771480342,0.0011932501640172788,0.007909642496944725,13.4000244140625,-12.7000732421875,0
2015-08-05,1085.699951171875,1090.5999755859375,1082.5,1086.5,1207,1091.1571393694196,1131.7100016276042,1101.6600900022383,21.151873968099267,-20.620746255156064,-20.63424266821549,-0.004584212179186253,0.007911916812124262,8.0999755859375,-5.7000732421875,1
2015-08-06,1090.199951171875,1092.199951171875,1083.5999755859375,1084.4000244140625,269,1090.2856968470983,1128.9633341471354,1100.1320714915232,27.682339350407474,-19.75644713454699,-20.458683561481788,0.004144791565241279,0.007910705316450143,8.5999755859375,-3.800048828125,1
2015-08-07,1094.0999755859375,1098.300048828125,1081.699951171875,1088.9000244140625,614,1090.4857003348213,1126.3833333333334,1099.327792037445,41.250002119279856,-18.54303194850877,-20.075553238887185,0.00357734781575636,0.005705683726958701,16.60009765625,8.5,1
2015-08-10,1104.199951171875,1107.5999755859375,1089.5,1093.199951171875,900,1092.7428327287946,1124.093330891927,1099.9774132553691,50.507568211497855,-16.575337873406625,-19.375510165791074,0.009231309579847524,0.006254137607410485,18.0999755859375,7.699951171875,1
2015-08-11,1107.5999755859375,1116.699951171875,1094.0,1103.800048828125,997,1094.5571114676338,1121.7299967447916,1100.9937548994449,61.538434786237694,-14.573577458191721,-18.415123624271203,0.0030791745738207865,0.005433722377516757,22.699951171875,11.2999267578125,1
2015-08-12,1123.199951171875,1124.5,1101.5,1106.0,797,1099.3856724330358,1120.1199951171875,1103.9545810691022,67.54805787779463,-11.594723496872348,-17.05104359879143,0.014084485310398076,0.006455648699387243,23.0,30.5,0
2015-08-14,1112.9000244140625,1118.800048828125,1112.5,1113.9000244140625,908,1106.8428257533483,1116.6733276367188,1106.5045496158618,61.05125484292871,-8.376227269100355,-14.144236645503286,-0.0025095696695797143,0.005995609667971025,6.300048828125,18.0,1
2015-08-18,1117.0999755859375,1118.4000244140625,1110.0,1118.199951171875,475,1114.1856863839287,1113.6866577148437,1109.3149667461919,65.72171962428641,-5.5500990937866845,-11.245173016168003,-0.0013409619459487931,0.005981755692221037,8.4000244140625,26.4000244140625,1
2015-08-19,1128.0999755859375,1134.300048828125,1116.800048828125,1117.0,348,1117.5999755859375,1112.513321940104,1111.8196345914912,73.54688205924262,-3.6553486847276417,-9.727208149879932,0.009846925289055175,0.006133736500050477,17.5,42.4000244140625,1
2015-08-20,1153.0,1153.300048828125,1132.800048828125,1132.800048828125,409,1124.085693359375,1112.313321940104,1117.3103499792924,78.2863058751933,-0.14287449434596056,-7.810341418773138,0.022072533421631624,0.008033784444216884,20.5,62.800048828125,1
2015-08-21,1159.5999755859375,1166.5,1150.5,1154.0999755859375,261,1129.2856968470983,1112.3766560872396,1122.9489667268451,83.81506900866489,3.137185952202799,-5.620835944577951,0.005724176570631068,0.007636723067605331,16.0,65.5,0
2015-08-24,1153.4000244140625,1169.0,1147.5,1164.0,299,1134.671421595982,1112.3166585286458,1127.0091077518075,78.84092539998585,5.176699474081943,-3.461328860845973,-0.005346629270789882,0.008043566580590411,21.5,49.2000732421875,0
2015-08-25,1138.199951171875,1155.5,1134.0,1151.5,217,1138.2856968470983,1111.813321940104,1128.5012202078165,72.07739407902031,5.503073747127928,-1.6684483392511933,-0.013178492214710347,0.009020245707234038,21.5,30.5999755859375,0
2015-08-27,1122.4000244140625,1127.4000244140625,1118.4000244140625,1127.199951171875,564,1139.8999895368304,1110.3466552734376,1127.2369169456767,61.203520424337555,3.684339008439565,0.4068478498365987,-0.0019562077357584418,0.009956548131051478,9.0,6.7000732421875,1
2015-08-31,1131.5999755859375,1134.0,1124.800048828125,1131.0999755859375,194,1137.55712890625,1111.2199869791666,1128.4961670961416,59.60001875003662,3.6740687236408576,1.5983581305062151,-0.0013238019877498397,0.010003119808748984,9.199951171875,13.0,1
2015-09-01,1138.699951171875,1144.699951171875,1133.5,1133.5,375,1134.5714111328125,1112.3966512044271,1129.8566716395726,56.65237445592152,4.123606223005709,2.103407749006114,0.006274280434003243,0.009454780540428961,11.199951171875,21.5999755859375,0
2015-09-02,1132.5,1140.4000244140625,1130.800048828125,1137.300048828125,201,1131.585693359375,1113.766650390625,1130.209115420963,57.29170640319758,3.9342323045464127,2.469572660114174,-0.00544476283282036,0.009383048801423426,9.5999755859375,4.4000244140625,0
2015-09-08,1120.4000244140625,1124.300048828125,1116.4000244140625,1119.800048828125,138,1128.6571219308037,1116.7199829101562,1127.1389663824575,51.40667277192691,1.2459711037436136,2.2315289442463655,-0.00017843224721691975,0.009585850224187929,7.9000244140625,-33.0,0
2015-09-09,1102.199951171875,1123.5,1102.0999755859375,1123.5,150,1124.2428327287946,1116.9166463216145,1123.8137643543798,39.59837357081997,-0.8545166994233568,1.6143198155124212,-0.016244263518028434,0.010099705539976167,21.4000244140625,-36.0,1
2015-09-10,1109.5,1113.5,1105.5,1107.300048828125,56,1121.085693359375,1117.4766479492187,1121.9052624404626,29.653863546048754,-1.908119867188816,0.9098318789721739,0.00662316199557389,0.007922278362317308,8.0,-15.0999755859375,0
2015-09-11,1103.5,1111.699951171875,1098.199951171875,1110.800048828125,81,1116.05712890625,1117.97998046875,1119.451227448401,23.612410987943406,-3.190479957407433,0.08976951169625247,-0.00540784136998651,0.007560602656553862,13.5,-18.9000244140625,1
2015-09-14,1107.699951171875,1108.5999755859375,1104.0999755859375,1107.800048828125,19,1112.5142647879463,1118.4066446940103,1117.8843906115308,28.091991690318054,-3.823780447914487,-0.6929404802258955,0.0038060273419799895,0.007781964526762586,4.5,-25.4000244140625,0
2015-09-15,1102.800048828125,1104.5,1102.800048828125,1104.5,8,1109.528564453125,1118.8533121744792,1115.87314504041,31.17021580528956,-4.667255600970975,-1.4878035043749116,-0.004423492425513098,0.007220077095273393,1.699951171875,-28.7999267578125,1
2015-09-17,1117.300048828125,1130.5,1117.0999755859375,1118.5999755859375,14,1108.885707310268,1120.8566487630208,1116.4478298095191,47.3575155750925,-3.524107470249419,-2.291680623460672,-0.0016975539909206416,0.007959100774680004,13.4000244140625,-15.199951171875,1
2015-09-18,1138.0999755859375,1141.199951171875,1127.800048828125,1128.300048828125,59,1114.0142822265625,1122.4533162434896,1119.3347825797082,52.34522435368915,-1.477967588074307,-2.1289380163833993,0.018616240802663997,0.00910908322377328,13.39990234375,14.4000244140625,0
2015-09-21,1133.0999755859375,1138.5,1130.800048828125,1137.5999755859375,17,1117.385707310268,1123.7533162434895,1121.1701416472056,50.681201326923414,-0.2568840041697058,-1.7545272139406607,-0.004393287151619352,0.009189134682117123,7.699951171875,12.5,0
2015-09-22,1125.0,1135.0,1122.5,1132.5999755859375,43,1120.4571358816963,1124.446651204427,1121.6807894275782,43.83438373503507,0.05658096786510214,-1.3923055775795083,-0.007148509187593022,0.009199404148062914,12.5,4.5999755859375,1
2015-09-23,1131.5999755859375,1132.199951171875,1128.300048828125,1128.5999755859375,33,1123.8714250837054,1125.246651204427,1123.0033475820262,49.596400282459584,0.8280221640029595,-0.9482400292630149,0.005866644965277779,0.009258989196969193,3.89990234375,29.4000244140625,1
2015-09-24,1153.800048828125,1155.9000244140625,1133.0,1133.0,37,1131.1571393694196,1126.2666544596354,1127.1095744148395,62.04971178035493,3.193937523157274,-0.11980451877895715,0.01961830480836868,0.010326694159064816,22.9000244140625,44.300048828125,0
2015-09-25,1146.0,1149.800048828125,1143.4000244140625,1149.800048828125,56,1134.9857177734375,1127.2766560872396,1129.6282978261943,59.79941244121351,4.388950647052525,0.7819465143873393,-0.006760312444125116,0.010520293934438952,6.4000244140625,42.5,0
2015-09-28,1132.0,1133.199951171875,1132.0,1133.199951171875,4346,1137.0857107979912,1127.9133219401042,1129.9445247827018,54.04462808932428,4.158388842160548,1.457234979941981,-0.012216404886561949,0.011154374676662053,1.199951171875,24.300048828125,0
2015-09-29,1127.0999755859375,1134.4000244140625,1124.300048828125,1132.199951171875,2417,1135.5142822265625,1128.1966552734375,1129.5652515564666,59.56959101200345,3.5394750663554078,1.8736829972246665,-0.0043286434753202485,0.010165056645310049,10.0999755859375,24.2999267578125,0
2015-10-01,1114.199951171875,1119.0,1113.300048828125,1115.199951171875,1181,1131.4571358816963,1127.6799886067708,1125.891226880885,54.12489411764706,0.8248632288116369,1.698350729580473,-0.0011654404555132558,0.010405814044020443,5.699951171875,-3.10009765625,1
2015-10-05,1138.0999755859375,1141.699951171875,1132.5,1137.0999755859375,226,1129.9999825613838,1126.4333211263022,1128.8142932252536,62.214517847201634,2.3608427400679375,1.8234199447681234,0.0008794301481580558,0.011534079098487192,9.199951171875,5.0,1
2015-10-07,1149.0,1152.9000244140625,1143.0,1147.5999755859375,104,1132.5428466796875,1126.5733235677083,1133.584074775996,61.56087840701472,4.675878488831813,2.6755063197262943,0.001918338924141949,0.011036031446753202,9.9000244140625,17.4000244140625,0
2015-10-08,1144.699951171875,1146.699951171875,1138.699951171875,1142.699951171875,138,1135.05712890625,1127.2433227539063,1135.06619162878,52.73630330064972,5.13550921828255,3.1675068994375457,-0.0037424271785247987,0.010026959659784031,8.0,-9.10009765625,1
2015-10-09,1156.300048828125,1157.199951171875,1151.5999755859375,1151.5999755859375,22,1140.885707310268,1128.3733235677084,1137.8973725886926,59.119502891005496,6.3624583581708976,3.8064971911842163,0.010133745218015022,0.01023563291283389,5.5999755859375,10.300048828125,1
2015-10-13,1165.800048828125,1166.199951171875,1154.9000244140625,1163.5,132,1152.2285853794642,1130.5733276367187,1144.7380358537707,64.01638138653448,9.152448514046228,5.536611839143577,0.0007726194481927351,0.009990470516761924,11.2999267578125,38.7000732421875,1
2015-10-14,1180.0999755859375,1189.0,1167.300048828125,1172.4000244140625,143,1158.2285853794642,1131.9533284505208,1149.452961151393,61.52492379981363,11.140941348813385,6.657477741077539,0.012266191592792408,0.009161911174967773,21.699951171875,64.5999755859375,1
2015-10-15,1187.9000244140625,1188.300048828125,1177.800048828125,1184.199951171875,143,1164.1000104631696,1133.7999959309896,1154.5792362530824,68.36106210596024,13.194141153238434,7.964810423509719,0.006609650868141248,0.008911205331634225,10.5,73.7000732421875,0
2015-10-16,1183.5999755859375,1184.0999755859375,1176.199951171875,1182.5,243,1169.0428641183037,1135.7966634114584,1158.44866816413,74.71256841590792,14.309389057558747,9.233726150319525,-0.003619874349481522,0.00806760394219803,7.9000244140625,46.5,0
2015-10-19,1173.300048828125,1177.800048828125,1169.300048828125,1176.5,62,1173.1285923549108,1137.5533325195313,1160.4288522526626,71.03825197363375,14.198442243425234,10.226669368940668,-0.008702202577111073,0.008457601013462249,8.5,35.2000732421875,1
2015-10-20,1178.0,1179.0999755859375,1168.699951171875,1168.699951171875,19,1176.2285853794642,1139.4733317057292,1162.7716719523075,80.36924734091141,14.324637371493509,11.046262969451236,0.004005753836428427,0.007556499282452081,10.4000244140625,31.199951171875,0
2015-10-23,1163.300048828125,1178.699951171875,1163.300048828125,1166.199951171875,38,1174.328578404018,1145.55,1163.7680496232408,63.63639966655261,11.360526561118377,11.646492851181039,-0.0028286703470528085,0.006709332016241845,15.39990234375,7.0,1
2015-10-27,1166.800048828125,1166.800048828125,1162.0,1164.5,302,1168.94287109375,1149.660001627604,1164.5457860052065,60.42158617259104,9.9303454238825,11.141508028735654,-0.00017133776510280807,0.006510057662765683,4.800048828125,1.0,1
2015-10-28,1177.0999755859375,1182.699951171875,1175.0999755859375,1175.0999755859375,217,1169.4857177734375,1151.5900024414063,1166.219677949304,67.7243448053882,10.086336906675342,10.930473804323592,0.00882749942302219,0.006653337296646779,7.5999755859375,-3.0,0
2015-10-29,1147.199951171875,1162.0,1144.9000244140625,1158.0,329,1165.0857107979912,1152.5866658528646,1163.6837143789803,45.8522689337458,7.708421312793689,10.286063306017612,-0.025401431513222827,0.009491305490263223,17.0999755859375,-40.7000732421875,0
2015-10-30,1141.5,1147.5999755859375,1139.199951171875,1147.5,249,1161.357142857143,1152.7,1160.7258857951163,39.04489983461024,5.3028398131320955,9.289418607440508,-0.0049685768954683684,0.009267507320678974,8.4000244140625,-42.0999755859375,0
2015-11-02,1135.800048828125,1138.699951171875,1132.5999755859375,1137.9000244140625,180,1156.9571533203125,1152.7900024414062,1157.402440866184,36.55909273875987,2.902996780448575,8.012134242042121,-0.004993386922360954,0.00929122746401705,6.0999755859375,-37.5,0
2015-11-03,1114.199951171875,1134.699951171875,1114.199951171875,1133.300048828125,185,1149.9428536551338,1152.430000813802,1151.6421089069427,22.287575190420796,-0.7333894175135356,6.26302951013099,-0.019017517809174378,0.009404069996547719,20.5,-63.800048828125,0
2015-11-05,1104.4000244140625,1110.699951171875,1104.4000244140625,1107.9000244140625,84,1132.385707310268,1149.9466674804687,1140.1267428342007,16.037643009095632,-7.0149164929148355,1.9352286522293252,-0.0018978541219498712,0.008938359891245938,6.2999267578125,-62.199951171875,0
2015-11-10,1088.199951171875,1091.300048828125,1085.0,1090.0999755859375,18,1103.5142822265625,1145.2333333333333,1121.9076246825523,13.443728931297613,-14.916401916118048,-5.426122587623681,0.00027569330920274027,0.009153604671485857,6.300048828125,-78.60009765625,0
2015-11-11,1084.699951171875,1091.4000244140625,1084.199951171875,1091.4000244140625,15,1096.2142682756696,1144.2066650390625,1116.9466015477954,13.141214047678943,-16.47324372795515,-7.635546815689975,-0.0032163206736325334,0.009093390372181839,7.2000732421875,-92.4000244140625,0
2015-11-16,1083.699951171875,1092.4000244140625,1083.699951171875,1092.0,11,1084.8142787388392,1139.4033365885416,1104.7167695332519,12.46598121854504,-18.886969498440294,-12.953790048945343,0.0026831071546435936,0.009053732476755718,8.7000732421875,-52.10009765625,0
2015-11-18,1068.800048828125,1071.9000244140625,1064.0,1064.0,5,1079.385707310268,1134.1266682942708,1095.7659299841425,4.205586152411328,-20.71006880535424,-15.639115533135524,9.36630119054982e-05,0.006580924731205918,7.9000244140625,-37.699951171875,1
2015-11-20,1076.4000244140625,1082.9000244140625,1076.4000244140625,1082.9000244140625,5,1076.7428676060267,1129.2400024414062,1091.1308573321865,15.058758988337246,-19.81084461159844,-17.213408924937912,-0.001484207408105287,0.0075472029378495144,6.5,-11.199951171875,0
2015-11-23,1066.800048828125,1071.5,1066.800048828125,1070.0,57,1074.7428676060267,1125.9700032552084,1087.886749531645,17.534204884835475,-19.996019933816342,-17.7699311267136,-0.008918594730767726,0.0063723112999920775,4.699951171875,-21.0999755859375,1
2015-11-24,1074.300048828125,1079.4000244140625,1073.199951171875,1073.199951171875,222,1073.8142961774554,1122.9200032552083,1086.0751894378423,27.884589587776844,-19.314934845139987,-18.07893187039888,0.007030370881814907,0.006802633676134353,6.2000732421875,-13.89990234375,0
2015-11-25,1070.5,1072.0,1068.5,1070.199951171875,148662,1071.9285888671875,1119.266670735677,1083.9984975127966,27.248268483032206,-18.86434575232215,-18.236014646783534,-0.003537232295828474,0.006813253683376373,3.5,-14.199951171875,0
2015-11-27,1056.199951171875,1074.199951171875,1051.0999755859375,1070.699951171875,52133,1070.1428745814733,1114.8766682942708,1080.2920246673402,28.194390520545994,-19.437086446491094,-18.47622900672505,-0.013358289423750613,0.006554080437776616,23.0999755859375,-24.60009765625,1
2015-12-01,1063.800048828125,1074.5999755859375,1063.4000244140625,1064.5999755859375,3441,1067.6857386997767,1107.3000040690104,1076.4184662362468,35.301263648343365,-18.42068929473612,-18.532682806592085,-0.001876524590329165,0.007172729132912379,11.199951171875,-19.89990234375,0
2015-12-02,1054.199951171875,1069.5,1049.5999755859375,1068.699951171875,503,1064.5142996651787,1103.1733357747396,1073.4559975609973,32.8844183102528,-18.602241465338466,-18.546594538341363,-0.009024344064305523,0.007436844992361008,19.9000244140625,-14.5,1
2015-12-03,1061.699951171875,1064.5999755859375,1046.199951171875,1054.4000244140625,1161,1063.7857142857142,1099.6433349609374,1071.8885247091143,39.69791941006057,-17.93420124042177,-18.424115878757444,0.007114399874201149,0.007802971095647416,18.4000244140625,-7.10009765625,1
2015-12-04,1084.5,1088.800048828125,1058.699951171875,1063.0,889,1065.2428501674108,1096.906669108073,1073.5700547478991,51.60170707837215,-15.387622226173107,-17.816817148240577,0.021475039914016225,0.009896414946355209,30.10009765625,6.5,0
2015-12-09,1077.5999755859375,1086.0,1070.5999755859375,1075.0999755859375,386,1070.642857142857,1088.0133341471353,1074.7062597302897,54.11211061611213,-11.219286880575964,-15.143585939340971,0.0012077735750619656,0.009312323834199264,15.4000244140625,3.2999267578125,0
2015-12-10,1073.0999755859375,1076.300048828125,1071.699951171875,1073.0,226,1071.9714181082588,1084.5466674804688,1074.4920885110428,47.60507515724134,-10.432189339368279,-14.201306619346433,-0.0041759466424943215,0.009093652830209045,4.60009765625,2.5999755859375,1
2015-12-11,1076.9000244140625,1079.4000244140625,1064.4000244140625,1067.800048828125,410,1075.2142857142858,1082.2033365885416,1074.8131466314453,50.239233890844865,-9.393494329747,-13.239744161426547,0.0035411880668900775,0.009141822935030429,15.0,20.7000732421875,0
2015-12-15,1062.9000244140625,1066.199951171875,1061.800048828125,1064.5999755859375,220,1072.5571463448662,1077.2133341471354,1072.056094416022,44.37870107419183,-9.522859305961674,-11.889348731027315,-0.0016905483613777195,0.009120689011921718,4.39990234375,-0.9000244140625,1
2015-12-16,1078.0,1078.699951171875,1064.300048828125,1064.800048828125,81,1072.7857142857142,1076.0066691080729,1072.8486151605523,53.327412157185556,-8.270092605248465,-11.165497505871546,0.014206393112335736,0.009899179628747375,14.39990234375,23.800048828125,0
2015-12-17,1050.800048828125,1072.5999755859375,1050.5,1072.5999755859375,56,1069.142857142857,1074.1500040690105,1069.9088063162287,47.850359018617645,-9.364130837999028,-10.805224172297043,-0.025231865651090035,0.011552466847426635,22.0999755859375,-10.89990234375,1
2015-12-18,1066.199951171875,1070.300048828125,1052.699951171875,1053.699951171875,253,1067.5142822265625,1072.8766682942708,1069.4142922969816,50.15216995470203,-8.88608731956424,-10.421396801750483,0.014655406954847683,0.011988168356207897,17.60009765625,-18.300048828125,1
2015-12-21,1081.9000244140625,1081.9000244140625,1070.199951171875,1070.199951171875,26,1068.7714320591517,1072.686669921875,1071.079056579259,56.237070513915256,-7.157858351959931,-9.768689111792373,0.014725261640587517,0.012584567763811748,11.7000732421875,5.5,0
2015-12-22,1074.800048828125,1078.5999755859375,1073.800048828125,1078.5999755859375,106,1068.471435546875,1072.2500040690104,1071.5751888791078,57.2230430636427,-6.28864159101181,-9.07267960763626,-0.006562506170367022,0.012445953166747096,4.7999267578125,-1.5,0
2015-12-23,1069.4000244140625,1074.800048828125,1069.4000244140625,1074.5,202,1069.1428745814733,1071.62333984375,1071.2851669504353,52.74024196876561,-5.966737055310887,-8.451491097171186,-0.0050242130338106206,0.012444202654940166,5.4000244140625,-8.199951171875,1
2015-12-24,1077.199951171875,1077.800048828125,1073.5,1074.300048828125,24,1071.1857212611608,1071.37333984375,1072.0738048466274,47.09160835487806,-5.024319263978214,-7.766056730532592,0.007293740957305728,0.011119963795619489,4.300048828125,4.0999755859375,0
2015-12-28,1070.5,1098.800048828125,1070.5,1077.9000244140625,361,1070.114292689732,1071.0300048828126,1071.8639642004105,47.62286978974549,-4.763169586314689,-7.165479301689012,-0.0062197841399697085,0.011063968425046828,28.300048828125,-6.4000244140625,1
2015-12-29,1077.5,1079.699951171875,1077.5,1079.0999755859375,252,1073.9285714285713,1070.9200032552083,1072.6154356403558,50.45799748404231,-3.945879444711636,-6.521559330293537,0.006539000467071565,0.011216081744388493,2.199951171875,12.800048828125,0
2015-12-31,1060.300048828125,1062.0,1058.5,1061.9000244140625,10,1069.971435546875,1069.853340657552,1069.52715312577,45.51823062923517,-5.13026645334844,-5.943630663524371,0.00018873054126511413,0.011989914650287368,3.5,-17.699951171875,1
2016-01-04,1075.0999755859375,1082.5,1063.199951171875,1063.4000244140625,143,1070.0142822265625,1070.063338216146,1070.2701961204589,49.414807830288716,-4.268538286304647,-5.608612188080427,0.013958243965158657,0.012587692574133367,19.300048828125,24.2999267578125,1
2016-01-05,1078.4000244140625,1081.5,1075.300048828125,1075.5999755859375,82,1071.2999965122767,1070.0766723632812,1071.3541732262727,54.727430647698135,-3.281499066162951,-5.143189563696932,0.0030695273956511393,0.012176382575810328,6.199951171875,12.2000732421875,1
2016-01-06,1091.9000244140625,1093.699951171875,1081.5999755859375,1081.5999755859375,52,1073.4000069754463,1070.5933390299479,1074.0936200513115,59.25926792042193,-1.3938586621638933,-4.3933233833903245,0.012518545710656026,0.012523644696580193,12.0999755859375,10.0,1
2016-01-07,1107.699951171875,1109.4000244140625,1091.5999755859375,1091.5999755859375,122,1078.7142857142858,1071.956669108073,1078.57446420072,59.44055564178178,1.3613393291957436,-3.242390840873111,0.01447012217651622,0.012543603786502232,17.800048828125,32.89990234375,0
2016-01-11,1096.5,1107.9000244140625,1096.5,1105.699951171875,43,1086.8142961774554,1073.606669108073,1083.1861587531241,62.03338853488363,3.6404174588476508,-0.9126913510138714,-0.001184230980416534,0.009897347100739366,11.4000244140625,19.300048828125,0
2016-01-13,1087.5,1093.9000244140625,1081.5,1081.5,50,1092.2000034877233,1075.3100016276042,1084.0402675311661,55.47884463880217,3.421349093898243,0.6528953025674705,0.0017502067582830794,0.00945980965614337,12.4000244140625,10.0,0
2016-01-14,1073.9000244140625,1091.5,1073.699951171875,1091.5,59,1091.5571463448662,1075.6466674804688,1082.6882351155523,51.813056128802536,2.2713512353927854,0.9765864891325335,-0.012505724676724173,0.01001413616420106,17.800048828125,13.800048828125,1
2016-01-19,1089.9000244140625,1094.4000244140625,1084.9000244140625,1089.800048828125,17,1088.9571533203125,1077.8300048828125,1084.6680554086677,57.531069660676565,2.963304888695802,1.6574296226351755,-0.0014658502848717836,0.010594765838723808,9.5,14.800048828125,1
2016-01-20,1107.0999755859375,1109.800048828125,1099.800048828125,1099.800048828125,30,1090.2857142857142,1078.5833374023437,1087.6589780989702,60.64748258301008,4.469938185789488,2.219931335266038,0.015781219182118944,0.01121377537449177,10.0,28.699951171875,0
2016-01-22,1097.199951171875,1103.199951171875,1097.199951171875,1098.0,4,1092.3142787388392,1080.0366658528646,1090.2531786627405,64.05177350856445,5.138043039705963,3.242161907944946,-0.0017287093588093105,0.010368816228316993,6.0,-10.5,1
2016-01-25,1106.199951171875,1109.300048828125,1099.300048828125,1099.300048828125,8,1094.9857003348213,1080.9899983723958,1092.3794149972919,62.39044057212612,5.935965114268583,3.7809225492096736,0.008202698141198006,0.009986456403114831,10.0,8.39990234375,1
2016-01-26,1121.699951171875,1121.699951171875,1114.300048828125,1115.0999755859375,181,1101.8142613002233,1082.6099975585937,1096.2888198205696,65.72257824876311,7.729938647168183,4.570725768801376,0.014011933361215423,0.010485180210271908,7.39990234375,25.199951171875,0
2016-01-29,1116.4000244140625,1118.5999755859375,1108.800048828125,1114.4000244140625,6955,1110.3285435267858,1087.3966634114583,1103.1858756618317,58.82351578632836,9.53099640588971,6.810487862677588,0.0007171466884487998,0.009208699870377843,9.7999267578125,42.5,1
2016-02-02,1127.300048828125,1131.4000244140625,1123.0,1128.300048828125,1230,1118.7428501674108,1091.6099975585937,1109.2569559398175,69.80061835090197,11.343690088328458,8.3302048604621,-0.0005319403962680269,0.008882018381825767,8.4000244140625,37.4000244140625,1
2016-02-03,1141.300048828125,1146.0,1125.0,1128.5,1630,1123.7571498325892,1094.1133341471354,1113.5293683249251,72.9131574022085,12.880814096379709,9.240326707645622,0.012419053839795025,0.009241663292731503,21.0,34.2000732421875,1
2016-02-05,1157.800048828125,1174.800048828125,1146.0,1155.5999755859375,877,1134.8428780691963,1099.4033325195312,1124.524729231069,82.27852013150795,16.9281739177477,11.737620306244054,0.00017283452523075837,0.007881114463605966,28.800048828125,60.60009765625,1
2016-02-09,1198.699951171875,1199.199951171875,1186.699951171875,1188.699951171875,700,1158.3571602957588,1107.7366658528647,1142.8936818221,86.69872970506503,24.47161562064707,15.807657216205072,0.0006677742228144989,0.010906695862253003,12.5,77.0,0
2016-02-10,1194.699951171875,1197.699951171875,1182.0999755859375,1189.800048828125,671,1167.9000069754463,1111.8766642252604,1149.80118440207,89.56955031007698,26.391550661412793,17.924435905246618,-0.0033369484966521146,0.010595905340165794,15.5999755859375,78.5999755859375,1
2016-02-11,1247.9000244140625,1260.800048828125,1204.5999755859375,1205.5999755859375,995,1185.1285749162946,1117.5566650390624,1162.8810297370023,93.78271197573063,31.83889534615969,20.707327793429233,0.044530070659167365,0.014488949594364016,56.2000732421875,132.300048828125,0
2016-02-12,1239.0999755859375,1247.800048828125,1233.5,1247.800048828125,250,1199.0999930245537,1123.523331705729,1173.0435558501938,88.65619707357949,35.041923379587615,23.57424691066091,-0.007051886093404791,0.015139303313599311,14.300048828125,122.699951171875,0
2016-02-17,1211.0999755859375,1212.9000244140625,1196.5,1196.5,53,1213.8999895368304,1132.9766642252605,1182.1456037378957,75.64795492625026,34.226715303617084,27.478972303647666,0.002649185451773839,0.0172052307184772,16.4000244140625,83.7999267578125,1
2016-02-18,1226.0999755859375,1239.199951171875,1201.5999755859375,1209.5999755859375,315,1217.9285539899554,1137.8999959309897,1188.006186650968,77.66650651428964,34.69127709202485,28.921433261323106,0.012385434978431809,0.017177832429112583,37.5999755859375,84.7999267578125,1
2016-02-19,1230.4000244140625,1232.800048828125,1221.800048828125,1230.800048828125,76,1222.4571358816963,1142.5166625976562,1193.658698352714,78.05118784294737,35.00293165222865,30.137732939504218,0.003507094783253839,0.017116608675856314,11.0,72.800048828125,0
2016-02-22,1209.5,1226.0999755859375,1203.0,1226.0999755859375,280,1224.5714285714287,1145.9099975585937,1195.7708719056855,69.19096541780952,33.18097323015854,30.746380997635082,-0.016986365409099702,0.018241180378546506,23.0999755859375,51.699951171875,1
2016-02-23,1222.300048828125,1226.0999755859375,1207.4000244140625,1207.4000244140625,351,1220.9142892020088,1150.0599975585938,1199.308095495344,71.12988864887525,32.39646869510875,31.07639853712982,0.010582925860376236,0.01821651657905506,18.699951171875,24.4000244140625,1
2016-02-25,1238.199951171875,1241.5,1235.0,1239.4000244140625,1349,1225.1857038225446,1159.8866617838542,1209.0456240192807,69.06337896822303,32.56229642651647,31.636697098098438,-0.00040364900275247084,0.018156097591657438,6.5,43.5,0
2016-02-26,1219.800048828125,1239.0999755859375,1212.199951171875,1232.4000244140625,656,1226.4285714285713,1164.2966634114584,1210.4795473271267,63.50175077437075,30.599161714442516,31.429190021367255,-0.014860202769621855,0.018891331398856577,26.9000244140625,-28.0999755859375,1
2016-03-01,1230.300048828125,1248.4000244140625,1229.0,1240.5,477,1227.5285818917412,1174.2566650390625,1215.8286471017504,57.65506603865089,28.612964239204757,30.611221531828242,-0.0029175585660977665,0.01695834346835833,19.4000244140625,22.4000244140625,1
2016-03-02,1241.0999755859375,1242.5999755859375,1226.0,1232.800048828125,267,1232.0428641183037,1179.2966634114584,1219.1981575663087,60.88181557405443,28.189288258988427,30.12683487726028,0.00877828686433002,0.016974573557768297,16.5999755859375,30.0,1
2016-03-03,1257.4000244140625,1267.9000244140625,1238.0,1238.4000244140625,123,1237.0571463448662,1184.3066650390624,1224.2917398126758,52.694274113587134,28.836391733609844,29.868746248530194,0.013133550196413157,0.012540327821151156,29.9000244140625,31.300048828125,1
2016-03-04,1269.9000244140625,1279.9000244140625,1250.9000244140625,1263.0,268,1241.5142996651787,1190.0,1230.372844426194,58.555580723172646,30.011912783713797,29.897379555566914,0.009941148208443051,0.01256349547606535,29.0,39.5,0
2016-03-08,1262.0999755859375,1276.300048828125,1261.0,1268.699951171875,43,1251.1285749162946,1200.730000813802,1238.3964831381054,66.62321788371005,29.661002283161906,29.875549001344353,-0.0008707850130275085,0.01022967508006382,15.300048828125,39.7999267578125,0
2016-03-09,1256.5999755859375,1260.0,1244.800048828125,1254.5,79,1254.3714250837054,1205.226668294271,1240.8236154644828,60.59764444007099,28.574446210902124,29.615328443255912,-0.004357816422147165,0.010024604940024889,15.199951171875,17.9000244140625,1
2016-03-10,1272.0,1273.0,1237.5,1250.0,119,1260.3285609654017,1210.4233357747396,1244.980466735885,63.41935753162608,28.62601310229411,29.417465375063554,0.012255311724705065,0.01040443391268571,35.5,33.800048828125,0
2016-03-11,1258.699951171875,1280.699951171875,1249.4000244140625,1270.0,87,1262.8428431919642,1215.1933349609376,1246.8097313273504,66.68927536231884,27.279219585303053,28.989816217111457,-0.010456013229658057,0.009580871287084899,31.2999267578125,38.89990234375,0
2016-03-14,1244.4000244140625,1258.0,1234.5,1256.0,58,1260.9857003348213,1219.4600016276042,1246.4884370722452,57.42109073141458,24.772430284071106,28.146339030503388,-0.011360870193487305,0.010011636149884097,23.5,10.5,0
2016-03-16,1229.300048828125,1263.800048828125,1228.9000244140625,1229.5,45,1250.5,1226.2766682942708,1242.3375465103059,46.974877224196334,18.442650747379503,25.12767601822149,-0.0008939983453440936,0.009890891933731452,34.9000244140625,-11.7999267578125,1
2016-03-17,1264.5,1270.0999755859375,1255.9000244140625,1261.5,27,1250.8428606305804,1230.3833333333334,1245.2925403089316,63.63635686558405,18.716149200369728,23.84537065465114,0.028634141197204643,0.011690266629454228,14.199951171875,7.0999755859375,0
2016-03-18,1253.800048828125,1264.4000244140625,1251.5,1257.0999755859375,542,1250.44287109375,1233.5900024414063,1246.4268747781575,56.19938926769165,17.86358180708862,22.64901288513864,-0.00846180401097274,0.011739335986528505,12.9000244140625,-16.0999755859375,0
2016-03-21,1243.800048828125,1256.199951171875,1243.4000244140625,1256.199951171875,1061,1246.414306640625,1236.456669108073,1246.0766313181532,54.04434029332,16.19432152110403,21.35807461233172,-0.007975753398116847,0.011951951705143895,12.7999267578125,-19.39990234375,1
2016-03-22,1248.199951171875,1252.4000244140625,1243.800048828125,1244.0,20,1244.914306640625,1238.1333333333334,1246.3597406319827,52.21183208284055,15.052935198866862,20.09704672963875,0.0035374675759947127,0.011764994042339,8.5999755859375,-13.9000244140625,0
2016-03-28,1219.9000244140625,1222.199951171875,1210.0,1211.5,33,1239.328578404018,1238.9233357747396,1237.6782086436658,35.87735929436366,7.014623016092401,14.728141217004987,-0.0012280988783504032,0.01180416865593794,12.199951171875,-38.7999267578125,1
2016-03-29,1235.5999755859375,1235.5999755859375,1217.699951171875,1217.800048828125,189732,1235.2000034877233,1238.8066691080728,1237.4011109026353,42.10838179076567,6.360624551647788,13.054637883933548,0.012869867085555597,0.012494317738128511,17.9000244140625,-8.800048828125,0
2016-03-30,1226.9000244140625,1245.0,1223.4000244140625,1241.4000244140625,48248,1231.357142857143,1239.4400024414062,1236.0009660374924,41.32085944545278,5.081733643552752,11.460057035857389,-0.007041074250385471,0.012562869882508808,21.5999755859375,-3.5,1
2016-03-31,1234.199951171875,1239.5999755859375,1224.5,1225.5999755859375,3377,1229.9857003348213,1240.2100016276042,1235.760830722077,38.40485826321135,4.604172432494124,10.088880115184736,0.005949895356224033,0.012132264756203211,15.0999755859375,4.89990234375,0
2016-04-01,1222.199951171875,1235.199951171875,1209.199951171875,1232.300048828125,1602,1226.2714146205358,1240.0800008138021,1233.9527134487166,38.713629795824076,3.22028062972754,8.715160218093297,-0.009722897808094988,0.012094877074874602,26.0,-42.300048828125,0
2016-04-04,1218.0,1222.300048828125,1215.0,1221.699951171875,2038,1225.4571358816963,1239.6666666666667,1231.8256849888878,41.29283849060676,1.764297720633067,7.3249877186012515,-0.0034363863031151576,0.011806716897051693,7.300048828125,-35.800048828125,1
2016-04-05,1228.4000244140625,1236.699951171875,1215.4000244140625,1215.4000244140625,477,1226.4571358816963,1240.2966674804688,1231.3689302455778,49.32432209512938,1.4330959904625615,6.146609372973514,0.00853860789331895,0.011729565267302938,21.2999267578125,-15.4000244140625,0
2016-04-06,1222.5,1230.4000244140625,1217.5999755859375,1230.4000244140625,248,1226.8285609654017,1240.3033325195313,1230.186406212834,47.774846732612524,0.6866186589738845,5.054611230173589,-0.004803015546077316,0.011797461860558234,12.800048828125,-25.699951171875,1
2016-04-07,1236.199951171875,1242.9000244140625,1224.5999755859375,1224.800048828125,375,1226.914271763393,1240.2199991861978,1230.988212207373,39.2230984207972,1.1868206305332478,4.281053110245521,0.011206504026073594,0.009122034339952444,18.300048828125,12.5,1
2016-04-08,1242.5,1242.800048828125,1232.0,1241.0,409,1229.1428397042412,1240.3633341471354,1232.52311724639,45.547644103959165,2.0677597383514694,3.838394435866711,0.00509630244051773,0.009054302075081656,10.800048828125,21.0999755859375,1
2016-04-12,1259.4000244140625,1261.699951171875,1253.699951171875,1260.0,185,1237.671421595982,1242.4433308919272,1238.9004723445803,54.327701800776,5.448248394484381,4.164966057074594,0.00214854248993146,0.009296739457871012,8.0,23.800048828125,0
2016-04-13,1246.800048828125,1256.9000244140625,1241.300048828125,1256.5,203,1241.7857142857142,1242.9933308919271,1239.9537492090528,59.82984921428111,5.619786437103812,4.455930133080438,-0.010004744593997916,0.007935962638338904,15.5999755859375,19.9000244140625,0
2016-04-14,1225.0,1243.699951171875,1224.5,1231.4000244140625,264,1241.2999965122767,1242.4566650390625,1237.9599159811792,51.313860873578705,3.9511039550084206,4.354964897466035,-0.01748479946613335,0.009389663152392537,19.199951171875,-9.199951171875,1
2016-04-18,1233.5999755859375,1241.0999755859375,1232.199951171875,1238.699951171875,304,1242.4428536551338,1240.436661783854,1236.816997482808,49.22118320828405,2.6944367173180126,3.845241951901272,0.00040548212626667635,0.008873883143123902,8.9000244140625,15.5999755859375,1
2016-04-20,1253.199951171875,1256.0999755859375,1243.0,1256.0999755859375,180,1243.4428536551338,1239.7999959309896,1240.871427154448,57.196969696969695,4.603510972959839,3.986468314794993,0.0001595779504190986,0.00947936249016092,13.0999755859375,30.699951171875,0
2016-04-21,1249.0,1270.5999755859375,1247.5999755859375,1247.699951171875,124,1241.9571358816963,1239.5466634114584,1241.9552368671882,60.78907381816824,4.861156183364756,4.161405888508946,-0.0033513815316922324,0.009061796247160928,23.0,12.800048828125,0
2016-04-22,1228.699951171875,1248.5,1228.0,1248.5,188,1239.3714076450892,1238.1033284505208,1240.1878654411464,53.813238577337565,3.388240060687849,4.006772722944727,-0.016253041495696507,0.010186162838781841,20.5,-13.800048828125,1
2016-04-26,1242.199951171875,1244.199951171875,1233.0,1239.800048828125,97,1242.6571219308037,1237.3699951171875,1240.3073263532249,57.16361860795454,2.9413834821018554,3.6341015721437424,0.002663594069564512,0.010059127304680065,11.199951171875,-17.2000732421875,1
2016-04-27,1249.199951171875,1249.5,1248.5999755859375,1248.5999755859375,547,1244.8856898716517,1237.9966593424479,1241.4930096623782,54.96941710514282,3.413045629506996,3.5898903836163933,0.005635163641245056,0.009737423024408071,0.9000244140625,2.39990234375,1
2016-04-28,1265.5,1270.0999755859375,1238.5,1245.9000244140625,887,1246.6714041573662,1239.2033243815104,1244.6939417073945,58.16761080391249,5.043975188498052,3.880707344592725,0.01304839054214968,0.010227439954142773,31.5999755859375,40.5,1
2016-04-29,1289.199951171875,1295.5,1267.199951171875,1267.300048828125,464,1251.8142613002233,1240.0266560872396,1250.6280763026587,60.81170640109546,8.15488219927056,4.735542315528292,0.018727736998715994,0.010941343621503159,28.300048828125,56.0999755859375,1
2016-05-02,1294.699951171875,1304.4000244140625,1290.4000244140625,1292.0999755859375,192,1258.3428257533483,1241.3899861653647,1256.5043262852207,61.52839072074119,10.938015815126164,5.976037015447867,0.004266211765677319,0.01095994859309545,14.0,61.0999755859375,0
2016-05-03,1290.699951171875,1301.5,1284.5,1292.699951171875,151,1267.1999686104912,1242.9533162434896,1261.0637429367746,65.19027762759515,12.674795533359202,7.3157887190301345,-0.0030895189239633636,0.010522842985077134,17.0,37.699951171875,0
2016-05-05,1271.4000244140625,1286.0,1270.800048828125,1282.9000244140625,330,1276.2856968470983,1245.379988606771,1263.8558869256356,64.30174636341425,12.074441051071972,9.097481289864753,-0.0014922047759372559,0.00997509977228552,15.199951171875,22.4000244140625,1
2016-05-06,1292.9000244140625,1295.5999755859375,1276.9000244140625,1278.5999755859375,305,1282.528564453125,1247.763321940104,1267.7284385907592,69.14140936529702,13.316134099860164,9.941211851863835,0.016910492045891345,0.010692028558295725,18.699951171875,64.2000732421875,0
2016-05-10,1263.9000244140625,1267.4000244140625,1258.699951171875,1265.0999755859375,23,1278.9285714285713,1250.2299886067708,1266.9720276421979,53.256262328698426,10.62460100817043,10.40080587406599,-0.001343197854510092,0.01190712451438123,8.7000732421875,21.7000732421875,1
2016-05-11,1274.5999755859375,1279.199951171875,1266.9000244140625,1266.9000244140625,50,1276.0571463448662,1251.8199869791667,1267.98908736803,57.49414126571531,10.311267799009784,10.382898259054748,0.008465820844362648,0.012018202575352174,12.2999267578125,25.4000244140625,0
2016-05-18,1273.699951171875,1276.4000244140625,1256.800048828125,1276.4000244140625,17,1272.0,1259.8266560872396,1270.75452818779,53.24366034229998,8.030707899085655,9.18972779344237,-0.001958940679871013,0.010329603209101142,19.5999755859375,0.39990234375,0
2016-05-23,1251.0999755859375,1251.5999755859375,1247.5,1251.5999755859375,56,1264.699986049107,1260.5699910481771,1264.3550460621705,32.90151808237344,2.7140753198204948,6.701653358352308,-0.0010380459939173248,0.009540299151003979,4.0999755859375,-14.5,0
2016-05-24,1228.9000244140625,1240.0,1228.199951171875,1240.0,20,1258.55712890625,1259.5533243815105,1259.6277098424227,31.59198868772097,-0.29746433206105394,5.301829820269636,-0.017744346259361055,0.009986357476693174,11.800048828125,-35.0,0
2016-05-26,1220.0999755859375,1232.5999755859375,1220.0999755859375,1232.5999755859375,199778,1243.414271763393,1258.6133219401042,1250.1825876931005,15.660275234640409,-5.503821353600415,1.7989165755806455,-0.002778932908919063,0.00825804871373679,12.5,-50.2000732421875,0
2016-06-02,1209.800048828125,1217.0,1209.5999755859375,1212.4000244140625,1627,1217.5428815569196,1254.5266642252604,1233.673165859242,9.286568615853739,-12.082959874916469,-5.446352543781719,-0.0017327960587778524,0.00594345561124193,7.4000244140625,-63.89990234375,1
2016-06-03,1240.0999755859375,1244.5,1206.4000244140625,1209.0999755859375,1622,1219.1428745814733,1254.2299967447916,1234.5300738228016,34.56304650297355,-10.436092130432371,-6.444300461111849,0.025045400508259652,0.009644579618383825,38.0999755859375,-14.0999755859375,1
2016-06-07,1244.4000244140625,1244.9000244140625,1236.5,1244.0,281,1225.6285923549108,1254.9433308919272,1237.0097003275987,34.62282672471906,-7.199747635269887,-6.951166934200609,-0.00016065497010864238,0.009673587409970928,8.4000244140625,-6.699951171875,1
2016-06-08,1259.800048828125,1264.0,1247.300048828125,1247.5999755859375,406,1232.2000209263392,1255.5300008138022,1240.0484134610022,44.02410761518503,-4.7389399835726636,-6.508721544075021,0.012375461356418427,0.010383203785280109,16.699951171875,30.9000244140625,1
2016-06-10,1273.4000244140625,1278.0,1265.300048828125,1267.5999755859375,397,1248.9000069754463,1256.4933349609375,1247.9794726124444,59.66852132861237,0.5527388362570491,-4.363406809313505,0.002519346059834948,0.009710719749865105,12.699951171875,53.300048828125,1
2016-06-15,1285.800048828125,1296.199951171875,1278.800048828125,1284.5999755859375,162,1271.94287109375,1255.8666748046876,1261.0169250467156,83.82201298374248,7.353506348681776,0.5682968958360217,0.00015562635811061654,0.007882441864310214,17.39990234375,73.9000244140625,1
2016-06-20,1290.0,1291.199951171875,1280.300048828125,1288.9000244140625,153,1286.828578404018,1257.2333374023438,1272.0328818002017,88.44585958640798,11.335605393336891,5.4761289806225095,-0.0019342359767892114,0.007675642423648498,10.89990234375,45.4000244140625,0
2016-06-22,1268.0,1269.199951171875,1264.9000244140625,1267.0,53,1284.0714285714287,1257.5333374023437,1271.3180312188183,75.34845391518863,8.926255116648463,6.915801745619113,-0.001967729240456517,0.00915568375500854,4.2999267578125,8.199951171875,0
2016-06-23,1261.199951171875,1270.5,1255.199951171875,1263.4000244140625,218,1280.5857107979912,1257.086669921875,1269.9689538792259,61.5553080573156,7.3143508265461605,6.995511561804523,-0.005362814533221627,0.006972414312848479,15.300048828125,-9.0,1
2016-06-27,1322.5,1331.699951171875,1320.0,1330.0,92,1289.2428501674108,1260.430000813802,1282.7544586915076,76.40296237115146,13.356898923977951,8.853900882000993,0.0018939393939394478,0.013979081668813844,11.699951171875,38.0999755859375,0
2016-06-28,1315.300048828125,1315.5999755859375,1314.0999755859375,1314.800048828125,1072,1292.5,1261.8266682942708,1287.0938707097234,69.86400121633454,14.744293675398694,10.031979440680534,-0.005444197483459368,0.014012784183247966,1.5,29.7000732421875,1
2016-06-29,1323.9000244140625,1327.4000244140625,1311.5999755859375,1311.5999755859375,414,1297.3428606305804,1263.4166707356771,1292.0013578703022,69.47065400109943,16.349295664986585,11.295442685541744,0.0065384134924952875,0.013972344751830798,15.800048828125,38.0999755859375,0
2016-06-30,1318.4000244140625,1323.5,1314.5,1315.800048828125,560,1304.1857212611608,1264.9066731770833,1295.521180076137,66.04850772909089,16.981712657797743,12.432696679992944,-0.004154392249093086,0.01410508144718293,9.0,22.300048828125,1
2016-07-01,1336.699951171875,1344.199951171875,1321.9000244140625,1324.5,137,1314.0,1267.6566731770833,1301.0116828889022,67.72880340373692,18.743495482899107,13.694856440574178,0.013880405354168346,0.014345970799766851,22.2999267578125,44.199951171875,1
2016-07-05,1356.4000244140625,1356.800048828125,1339.699951171875,1342.199951171875,90,1327.6000104631696,1271.12333984375,1308.396795092257,71.32531591208584,21.4817243881771,15.252230030094763,0.014737842419247915,0.01466763133359956,17.10009765625,66.4000244140625,1
2016-07-06,1364.9000244140625,1374.9000244140625,1359.0,1359.0,130,1334.0142996651787,1274.9166748046875,1315.9305590018312,72.69076558358108,24.060317127204826,17.013847449516778,0.006266587914337318,0.014637424749099152,15.9000244140625,94.4000244140625,0
2016-07-11,1355.0,1371.800048828125,1353.0,1371.699951171875,26,1349.7285679408483,1288.22333984375,1330.2628801047665,69.36828995400904,25.890525153413364,21.291009646813077,-0.0011794011607927368,0.014713858419723488,18.800048828125,35.0,0
2016-07-12,1334.0999755859375,1356.0,1330.300048828125,1353.5999755859375,252,1351.9714181082588,1292.2333374023438,1330.7744928355894,68.79431089101911,23.903141405343376,21.81343599851914,-0.015424372261300778,0.014744229447776692,25.699951171875,11.5999755859375,1
2016-07-13,1342.4000244140625,1342.4000244140625,1336.699951171875,1341.5,7,1352.7857142857142,1296.486669921875,1332.3245637127193,71.25713500478864,22.73578605163084,21.99790600914148,0.0062214593958593856,0.014668857348271872,5.7000732421875,27.0999755859375,0
2016-07-14,1331.300048828125,1341.4000244140625,1322.699951171875,1341.4000244140625,20,1349.2000034877233,1300.466670735677,1332.1879617281068,69.54826507700707,20.67662598643483,21.733650004600154,-0.008268754010774426,0.014833892903496711,18.7000732421875,7.4000244140625,0
2016-07-19,1331.5,1333.199951171875,1326.4000244140625,1328.5,322,1335.6000104631696,1310.196671549479,1331.0888774631512,56.71639222799396,15.27933423178365,19.20643747326175,0.0023336160260196692,0.00824396581468755,6.7999267578125,-24.9000244140625,0
2016-07-20,1318.800048828125,1337.5,1315.5,1331.0,751,1330.4285888671875,1312.6766723632813,1329.4503669784813,47.95510321151434,13.027972244717603,17.970744427552923,-0.009538078236481451,0.00851433995128567,22.0,-46.0999755859375,1
2016-07-21,1330.5,1330.5,1312.800048828125,1312.800048828125,318,1329.914306640625,1315.0333374023437,1329.5903180480173,54.62183855201695,12.048947166057815,16.786384975253902,0.008871664193727868,0.008762045350255043,17.699951171875,-29.5999755859375,0
2016-07-26,1320.699951171875,1320.699951171875,1315.199951171875,1315.199951171875,63,1324.614292689732,1319.536669921875,1326.5658422429194,27.21642841951467,7.720199750254778,12.923191024858014,0.0010610947411042737,0.0063236658189455815,5.5,-13.4000244140625,1
2016-07-27,1326.5999755859375,1326.5999755859375,1326.0,1326.0,215388,1324.357142857143,1320.9033365885416,1326.5703933553218,32.925560640789215,7.131650356992623,11.764882891284936,0.00446734658302006,0.006563862575339765,0.5999755859375,-15.800048828125,1
2016-07-28,1332.300048828125,1344.300048828125,1330.0999755859375,1339.5,56908,1324.471435546875,1322.4533365885416,1327.3343474183623,37.886368642876526,7.043970488634386,10.820700410754826,0.00429675361607762,0.006752453011455602,14.2000732421875,1.0,1
2016-08-01,1351.4000244140625,1353.5,1345.5999755859375,1348.800048828125,1257,1331.7714320591517,1326.1800048828125,1333.0466908716671,58.926762777713385,9.251915350496802,10.091982069652587,0.0017791137242864075,0.006348308517226639,7.9000244140625,23.0,1
2016-08-02,1364.4000244140625,1366.0,1346.5999755859375,1352.0999755859375,2941,1337.6714390345983,1328.6600056966147,1337.2271353439864,60.82678726333825,10.98636330301224,10.270858316324517,0.00961965351868077,0.006624749304982968,19.4000244140625,32.9000244140625,0
2016-08-04,1358.800048828125,1361.5999755859375,1347.0,1354.4000244140625,381,1348.3714425223213,1334.5400065104166,1342.2843853476083,66.70117121916365,12.089447415446102,10.840510548397022,0.001991057658577766,0.006247514834438563,14.5999755859375,28.300048828125,0
2016-08-08,1333.4000244140625,1335.4000244140625,1327.800048828125,1330.0,587,1349.9285888671875,1337.4933430989583,1340.419833293037,50.81128301033167,9.039617895186211,10.438841692187008,-0.0022448368341771996,0.00793608846392858,7.5999755859375,14.0999755859375,1
2016-08-09,1339.0,1339.4000244140625,1328.5,1331.800048828125,620,1348.5000174386162,1338.0433430989583,1340.230522187299,59.181795987215914,8.175534881688236,9.986180330087254,0.004199771623971893,0.007485054103703741,10.9000244140625,18.300048828125,1
2016-08-11,1342.5,1350.4000244140625,1334.800048828125,1341.5999755859375,666,1344.3571602957588,1339.630008951823,1341.0033756408213,59.897959310776926,7.323221907681955,9.108307663981464,-0.0013390231070021796,0.0070036305788878225,15.5999755859375,10.199951171875,0
2016-08-12,1335.800048828125,1351.800048828125,1333.199951171875,1336.800048828125,113,1341.4571707589287,1340.210009765625,1340.3095987324618,58.17640041907923,6.309679459143126,8.548582023013797,-0.004990652641992499,0.007117169463445984,18.60009765625,-13.199951171875,1
2016-08-15,1340.300048828125,1340.5999755859375,1333.5999755859375,1336.5,62,1338.8143136160713,1340.3300130208333,1340.3083254118835,59.42310175240912,5.802662675141164,7.999398153439271,0.0033687676564675417,0.007147551980385432,7.0,-11.0999755859375,1
2016-08-16,1350.5,1355.0,1341.0,1342.199951171875,338,1340.8285958426338,1340.1333455403646,1341.6672153569657,61.034158217753706,6.152971411640692,7.630112805079556,0.007610199806224793,0.007309754911048977,14.0,-13.9000244140625,0
2016-08-17,1342.699951171875,1347.300048828125,1338.5999755859375,1345.5,135,1342.1571568080358,1339.3933430989584,1341.8049134656203,54.71009444956755,5.735084373758582,7.251107118815361,-0.0057756748079415,0.0074857947662592605,8.7000732421875,-13.4000244140625,1
2016-08-18,1351.199951171875,1354.4000244140625,1348.199951171875,1351.300048828125,140,1343.9000069754463,1339.0966756184896,1343.0575851597875,51.07629499393232,6.020385590531532,7.004962813158596,0.006330528270729108,0.006883132699964963,6.2000732421875,-7.60009765625,0
2016-08-23,1340.5999755859375,1341.199951171875,1334.300048828125,1337.0,551,1343.3428431919642,1338.1966756184895,1341.8446497240618,41.83352156229178,4.0145071556401035,5.7870786472047415,0.002167918456991824,0.0064874080577927845,6.89990234375,1.5999755859375,0
2016-08-24,1324.4000244140625,1337.199951171875,1322.9000244140625,1337.199951171875,262,1341.0714111328125,1337.5966756184896,1339.5186996827285,34.132833640948945,2.3084534579786578,5.091353609359525,-0.012084105226687347,0.007084554959875723,14.2999267578125,-19.9000244140625,0
2016-08-29,1322.9000244140625,1323.0,1315.0,1315.0,437,1329.6571393694196,1336.87333984375,1333.2759662036533,40.47340098956264,-1.4755229967706782,2.288095357382157,0.0010594206689840124,0.00559139367324797,8.0,-17.4000244140625,0
2016-08-30,1311.699951171875,1322.0999755859375,1308.0,1322.0,705,1325.55712890625,1336.2133382161458,1330.3991641994162,31.969001752732396,-3.015149715292182,1.2274463428472893,-0.008466303602306047,0.005753341719294622,14.0999755859375,-38.800048828125,0
2016-08-31,1306.9000244140625,1313.699951171875,1306.300048828125,1310.300048828125,214,1321.1571393694196,1335.816670735677,1327.265945561369,30.94220220536822,-4.569949424554352,0.067967189366961,-0.003659317630929415,0.005774389453927711,7.39990234375,-35.7999267578125,1
2016-09-01,1312.199951171875,1313.0999755859375,1301.5,1305.300048828125,225,1317.0999930245537,1335.206669108073,1325.2571463094364,37.173859969429344,-5.313231969084427,-1.0082726423233168,0.004055342152272656,0.005906825643217176,11.5999755859375,-39.0,1
2016-09-02,1322.0999755859375,1326.699951171875,1309.199951171875,1309.5999755859375,55,1316.7714146205358,1335.1733357747396,1324.83619021297,40.65704893213569,-5.045280653630698,-1.815674244584793,0.007544600504840071,0.006253588606799336,17.5,-18.300048828125,1
2016-09-06,1349.4000244140625,1349.4000244140625,1323.199951171875,1323.300048828125,46,1320.9571358816963,1336.176668294271,1328.111368106449,49.51966182828083,-2.6000695380985235,-1.972553303287539,0.02064900486517751,0.008272748106377353,26.2000732421875,11.7000732421875,0
2016-09-07,1344.300048828125,1350.5,1343.9000244140625,1348.4000244140625,14,1324.2142857142858,1336.9633382161458,1330.269858869339,50.71560686825366,-1.0615110807837027,-1.7903448587867719,-0.0037794393757715206,0.008182748735729264,6.5999755859375,3.7000732421875,0
2016-09-08,1336.800048828125,1345.4000244140625,1335.699951171875,1344.800048828125,30,1326.2000034877233,1337.303340657552,1331.1405508638438,43.50185198650617,-0.4422813939329444,-1.5207321658160065,-0.00557911160275415,0.008105690077822263,9.7000732421875,12.4000244140625,0
2016-09-09,1330.0999755859375,1338.5,1328.0,1338.5,35,1328.828578404018,1337.2300048828124,1331.0018074934565,45.1733692717438,-0.48656846322501224,-1.3138994252978078,-0.005012023487028561,0.007937781243139203,10.5,10.0,0
2016-09-14,1321.5,1322.300048828125,1319.199951171875,1319.199951171875,73,1331.7285853794642,1333.786669921875,1327.346361796481,48.52790821315309,-2.3340505840765218,-1.6150370922762138,0.0018953752843062777,0.007445124101916695,3.10009765625,9.800048828125,0
2016-09-15,1313.5,1320.699951171875,1310.800048828125,1320.699951171875,37,1326.6000104631696,1332.3666707356772,1325.500180223617,46.77105144029727,-3.2240963534964067,-1.9368489445202526,-0.006053726825577033,0.007572196127366062,9.89990234375,6.5999755859375,0
2016-09-16,1305.800048828125,1312.5999755859375,1305.800048828125,1312.199951171875,4,1321.1000104631696,1330.6000040690103,1322.8734960375516,42.764999459965445,-4.498924940359757,-2.4492641436881537,-0.005862163054339509,0.0076992662362991935,6.7999267578125,-6.39990234375,1
2016-09-20,1313.699951171875,1313.699951171875,1313.699951171875,1313.699951171875,97,1315.4285714285713,1329.180000813802,1320.5671971800111,50.963392949544165,-5.022314719570204,-3.345145811432167,0.00015222776693946116,0.007554484688142135,0.0,-35.7000732421875,1
2016-09-21,1326.9000244140625,1326.9000244140625,1324.0,1326.300048828125,76,1316.2714320591517,1328.7766682942708,1321.4115741445512,58.91265985016461,-4.061024456699897,-3.488321540485713,0.010048012280439389,0.007905010728575268,2.9000244140625,-17.4000244140625,1
2016-09-26,1339.699951171875,1341.800048828125,1335.199951171875,1335.199951171875,24,1325.3142787388392,1328.5999959309895,1327.576117224269,44.544392250665624,0.2364909794732739,-2.1695574160149116,0.0018695782914208703,0.005812494514402709,6.60009765625,18.699951171875,0
2016-09-27,1325.9000244140625,1328.699951171875,1325.9000244140625,1328.0,48,1328.1857038225446,1328.1199951171875,1327.352638182908,40.573755626679876,0.05860037273305352,-1.7239258582653187,-0.010300759319832209,0.006333517662307088,2.7999267578125,6.9000244140625,0
2016-09-29,1321.699951171875,1325.0,1314.699951171875,1321.199951171875,6108,1330.171421595982,1326.3833292643228,1325.6799778792592,45.44466378304808,-0.9256171316526434,-1.3844294058266957,0.0017431610696185817,0.006218476365397656,10.300048828125,8.199951171875,0
2016-09-30,1313.300048828125,1327.699951171875,1312.9000244140625,1320.5999755859375,868,1328.2285679408483,1325.119999186198,1324.0293206724414,45.79236518198531,-1.8402917759137836,-1.4756018798441133,-0.006355377660642536,0.006181188215774123,14.7999267578125,7.5,0
2016-10-03,1309.0,1316.800048828125,1308.199951171875,1313.5,299,1323.7428501674108,1324.073331705729,1322.0254112494492,44.66949849559089,-2.878969061542648,-1.7562753161838205,-0.003274231834501151,0.006223354814993868,8.60009765625,-4.5,0
2016-10-05,1265.199951171875,1274.0,1261.300048828125,1272.0999755859375,246,1302.971435546875,1319.180000813802,1308.0093080259753,30.99917211069514,-10.354029422207532,-4.32541452017381,-0.000868749596328322,0.01050938948778767,12.699951171875,-61.7000732421875,0
2016-10-07,1248.9000244140625,1263.5999755859375,1248.9000244140625,1253.9000244140625,169,1282.0285818917412,1314.3200032552083,1293.4016669259688,24.76561047135398,-16.84046229217529,-8.382829692713969,-0.0007201347246756917,0.01050885082232177,14.699951171875,-88.2999267578125,1
2016-10-12,1251.0999755859375,1254.0,1251.0999755859375,1251.699951171875,127,1263.328578404018,1309.6433349609374,1283.092804346964,18.57373926316407,-19.767933263626446,-12.281033931891763,-0.001516380218725022,0.009934018766298567,2.9000244140625,-74.800048828125,1
2016-10-17,1254.4000244140625,1255.0,1249.9000244140625,1249.9000244140625,41,1252.1857212611608,1304.0333374023437,1272.9878200341109,10.691233766599055,-20.35728839509352,-16.223882358607774,0.001037466166669665,0.00928848914574837,5.0999755859375,-58.9000244140625,1
2016-10-18,1260.800048828125,1261.699951171875,1260.800048828125,1260.9000244140625,11,1253.7571498325892,1301.9900065104166,1271.3627838733128,17.80415860209537,-19.51630999186341,-16.8823678852589,0.0051020601797675535,0.009477638242094192,0.89990234375,-48.199951171875,1
2016-10-21,1265.9000244140625,1265.9000244140625,1265.9000244140625,1265.9000244140625,224,1260.3857247488838,1294.286669921875,1269.6217024848786,24.67953357773422,-15.789116878704817,-16.82029913201631,0.00023708030492497478,0.009681231976967866,0.0,16.0999755859375,0
2016-10-24,1262.0,1269.199951171875,1261.800048828125,1269.199951171875,42,1261.3857247488838,1292.016670735677,1268.6054754868949,24.78546056560873,-15.040555003339023,-16.464350306280853,-0.0030808312969798912,0.009680299989686048,7.39990234375,13.0999755859375,1
2016-10-25,1271.9000244140625,1274.0999755859375,1264.0999755859375,1264.0999755859375,61,1264.0714460100446,1290.3800048828125,1269.0447486771839,54.63572076742273,-13.492927028032227,-15.870065650631128,0.007844710312252312,0.004853408371294804,10.0,18.9000244140625,0
2016-10-27,1267.9000244140625,1269.4000244140625,1267.9000244140625,1269.4000244140625,338,1266.5714460100446,1286.7866739908854,1268.40162012621,66.72819045599056,-11.674357191559466,-14.522595415706808,0.0024509609948304423,0.0037313773519231396,1.5,12.9000244140625,1
2016-10-28,1275.5,1281.5,1262.0,1270.300048828125,560,1267.6571568080358,1285.5200073242188,1269.3480707760486,71.87491843597851,-10.136958650400402,-13.645468062645527,0.005994144206637797,0.003915521804005884,19.5,22.4000244140625,0
2016-10-31,1271.5,1276.5999755859375,1271.5,1276.5999755859375,58,1268.5000174386162,1284.3766723632812,1269.6349946725754,65.2388307028975,-9.136011546638883,-12.743576759444199,-0.0031360250882006557,0.004065358320278746,5.0999755859375,17.0999755859375,1
2016-11-01,1286.4000244140625,1290.699951171875,1279.0,1279.300048828125,49,1271.4285888671875,1283.47333984375,1271.8703319714405,73.94840928063178,-7.059073702437445,-11.60667614804285,0.011718461985106066,0.004878806040634041,11.699951171875,25.5999755859375,1
2016-11-02,1306.800048828125,1307.0,1288.300048828125,1288.300048828125,30,1277.8285958426338,1283.2433430989583,1276.5276275523318,78.71393384940183,-3.724045538451719,-10.030150026124623,0.015858227632850497,0.0061308242133128925,18.699951171875,38.9000244140625,0
2016-11-04,1303.300048828125,1303.300048828125,1296.699951171875,1300.0,11,1287.6428745814733,1281.1800089518229,1283.0523106063208,76.31855923283827,0.455209475092488,-6.559234455617131,0.0009216444702315751,0.006272651713617162,6.60009765625,37.4000244140625,0
2016-11-07,1278.300048828125,1294.5,1278.300048828125,1292.0,34,1289.1285923549108,1279.216678873698,1282.4186757025614,57.84751644934915,-0.05658762841744647,-5.258705090177195,-0.019182075549278865,0.008526116558277353,16.199951171875,16.300048828125,0
2016-11-09,1272.5999755859375,1318.5999755859375,1270.0,1272.199951171875,108,1288.9857352120537,1275.2300130208334,1280.0673604270073,53.246744423055155,-1.5218708694928864,-3.805594796452956,-0.0006282776918377087,0.008490227380884318,48.5999755859375,7.7999267578125,0
2016-11-10,1265.5,1287.5,1253.300048828125,1274.4000244140625,63,1286.0000174386162,1273.4333455403646,1278.1250457034064,49.82546961296541,-2.5990189498870677,-3.5642796271397787,-0.005579110264141374,0.008641221071448072,34.199951171875,-2.4000244140625,0
2016-11-16,1223.4000244140625,1229.300048828125,1223.0,1229.300048828125,66,1251.2000034877233,1264.2533447265625,1258.8729836719426,35.3606980958276,-12.416770909155048,-6.805735402704883,-0.000490176132301845,0.01248172408020293,6.300048828125,-63.0,0
2016-11-17,1216.5,1225.0,1211.0,1224.5999755859375,1139,1242.3714250837054,1262.5933430989583,1253.2232525156837,32.30030576360615,-14.678904472975546,-8.380369216759016,-0.005640039460819257,0.01243198519807782,14.0,-90.300048828125,0
2016-11-22,1211.0,1211.0999755859375,1207.5999755859375,1210.4000244140625,19,1216.3142787388392,1258.100008138021,1238.0736225942144,20.82049566849865,-19.23481670622641,-13.2475919118184,0.0011574276143517803,0.011554629687341892,3.5,-67.300048828125,0
2016-11-23,1189.0999755859375,1213.800048828125,1186.800048828125,1212.800048828125,309,1211.7285679408483,1255.9700073242188,1231.5438029931106,4.973302437571036,-21.417433541835635,-14.881560237821848,-0.018084248071067344,0.01052799594446004,27.0,-84.300048828125,0
2016-11-25,1178.199951171875,1189.300048828125,1177.0,1177.0,14,1205.1857038225446,1253.5400065104166,1224.431289416946,4.748071087761161,-23.752905277502123,-16.655829245757904,-0.0091666173054048,0.010508279594500633,12.300048828125,-94.4000244140625,1
2016-11-29,1187.9000244140625,1194.800048828125,1179.4000244140625,1193.199951171875,42124,1196.414271763393,1249.2200073242188,1215.6510578183115,14.069991412394302,-24.70754385971827,-19.492891762736505,-0.002267723187669546,0.010766965078627398,15.4000244140625,-33.2999267578125,0
2016-11-30,1170.800048828125,1193.300048828125,1167.9000244140625,1187.0999755859375,7158,1191.028564453125,1246.4333414713542,1209.6709232862868,12.826128684994302,-26.091493595610928,-20.81261212931139,-0.014395130258855082,0.011032804252668567,25.4000244140625,-53.199951171875,0
2016-12-01,1166.9000244140625,1174.5999755859375,1160.0,1172.699951171875,1588,1184.9285714285713,1243.303340657552,1203.9681367699902,12.544338052343988,-27.18955879954774,-22.08800146335866,-0.0033310764019578443,0.010956374919868535,14.5999755859375,-56.5,1
2016-12-05,1174.0,1186.699951171875,1157.0,1181.800048828125,358,1177.642857142857,1237.1566731770833,1196.6365087971676,26.16164082228535,-26.783738235873443,-23.826810442055027,-0.0009360697887760283,0.007694984953661017,29.699951171875,-34.5,0
2016-12-06,1167.5999755859375,1174.5,1167.0999755859375,1170.9000244140625,652,1176.1285749162946,1233.8800048828125,1192.7649710356702,22.514601445093916,-26.752327770088186,-24.41191390766166,-0.005451468836509821,0.0075794466609157,7.4000244140625,-42.0,1
2016-12-07,1175.0,1178.5,1166.4000244140625,1167.699951171875,182,1173.9000069754463,1230.9800048828124,1190.3963082309142,27.879335643072736,-25.832533260786022,-24.69603777828653,0.00633780795545924,0.007985530243161938,12.0999755859375,-36.0,0
2016-12-08,1169.800048828125,1177.800048828125,1169.0999755859375,1173.800048828125,322,1171.3142961774554,1227.5766723632812,1187.6501403105424,28.319418595952754,-25.232319613239724,-24.80329414527717,-0.004425490359042605,0.007959435727389039,8.7000732421875,-19.2999267578125,0
2016-12-09,1159.4000244140625,1168.800048828125,1156.0,1166.5999755859375,365,1169.6857212611608,1224.063338216146,1183.8834581910119,27.70209515277641,-25.3041505308056,-24.903465422382858,-0.008890429116053644,0.00806801719650649,12.800048828125,-18.7999267578125,1
2016-12-12,1163.5,1163.9000244140625,1153.0,1158.300048828125,331,1169.2000034877233,1220.5833374023437,1181.1656637655437,29.61981187568469,-24.744998347902765,-24.87177200748684,0.0035362907534950416,0.008193665865875823,10.9000244140625,-27.0999755859375,0
2016-12-13,1156.699951171875,1164.0,1155.4000244140625,1163.5,637,1166.5714285714287,1216.6233357747396,1177.9035687530547,27.08858699235232,-24.56737590772491,-24.810892787534456,-0.0058444768613020726,0.00815103089160627,8.5999755859375,-31.2000732421875,1
2016-12-14,1161.300048828125,1164.0,1142.0,1159.800048828125,487,1164.7571498325892,1212.9500040690104,1175.6897660963975,36.26486826186235,-23.78128357423543,-24.604970944874655,0.003976915233366851,0.007129036659210439,22.0,-9.5,0
2016-12-15,1127.800048828125,1143.300048828125,1123.9000244140625,1139.800048828125,244,1159.0714460100446,1207.6633382161458,1169.304470460628,29.644635514755905,-25.56675216111148,-24.797327188122022,-0.02884698061780422,0.01005994831907571,19.4000244140625,-39.0999755859375,1
2016-12-16,1135.300048828125,1140.9000244140625,1126.9000244140625,1126.9000244140625,146,1153.4000244140625,1201.946671549479,1164.7705475762943,26.74519957824664,-26.075973963807883,-25.053056543259196,0.0066501149807478566,0.009704188172636144,14.0,-39.7999267578125,1
2016-12-19,1140.5,1140.699951171875,1137.9000244140625,1139.4000244140625,249,1149.2143031529017,1196.5600056966146,1161.5344745661218,30.477753343609763,-25.76296389849108,-25.195038014305574,0.004580243942773121,0.009932680176390984,2.7999267578125,-33.5,0
2016-12-23,1131.9000244140625,1132.800048828125,1130.300048828125,1130.9000244140625,70,1132.414306640625,1176.4166707356771,1148.1457670072725,30.12277342763906,-24.909579665964202,-25.36086619805555,0.002746257487458381,0.009241664844693888,2.5,-27.5,1
2016-12-28,1139.4000244140625,1141.199951171875,1138.0,1141.199951171875,1570,1134.3571602957588,1169.4166748046875,1145.7263850052543,32.12852193160384,-22.217593804014996,-24.45770377701337,0.0018464569557534727,0.009172052086387003,3.199951171875,-17.2999267578125,1
2016-12-29,1156.4000244140625,1158.800048828125,1143.5999755859375,1143.800048828125,950,1136.6285923549108,1167.1633422851562,1147.1495369264287,43.98562770316101,-19.489788226059318,-23.464120666822563,0.014920133083850207,0.010203095997577766,15.2000732421875,-4.9000244140625,0
2016-12-30,1150.0,1162.0,1150.0,1162.0,16,1139.271449497768,1164.7166748046875,1147.5295986695717,45.623825755466164,-17.64105602307268,-22.299507738072588,-0.005534438151975407,0.0100357842790113,12.0,22.199951171875,1
2017-01-04,1163.800048828125,1165.0,1156.300048828125,1156.300048828125,36,1148.4571707589287,1161.3566772460938,1151.1862412211867,53.218537857274086,-12.775617443033752,-19.25272041845065,0.0029300451073148714,0.010204497165419059,8.699951171875,23.300048828125,1
2017-01-05,1179.699951171875,1183.300048828125,1171.5,1172.0,500,1155.2857317243304,1160.360009765625,1154.9880692146119,57.56575843300079,-9.492024423511793,-17.300581219462877,0.013662056776643228,0.010771877866388287,11.800048828125,48.199951171875,0
2017-01-06,1171.9000244140625,1176.5,1171.9000244140625,1176.5,16,1160.2285853794642,1159.0566772460938,1157.2429965745387,72.9927406820933,-7.4334539709652745,-15.327155769763358,-0.006611788658687612,0.006974165385521982,4.5999755859375,40.800048828125,1
2017-01-10,1184.199951171875,1188.9000244140625,1182.300048828125,1184.300048828125,8,1170.5,1159.0700113932292,1163.8713998055703,72.87961407787466,-2.644907013676402,-11.108048770400769,0.0005914247333123068,0.007176298075051576,6.5999755859375,52.2999267578125,1
2017-01-12,1198.9000244140625,1204.300048828125,1192.300048828125,1192.699951171875,110,1182.5142822265625,1159.6033447265625,1172.2082962879895,83.63104176556642,2.3201709366553587,-6.6464985812707615,0.002760161337831857,0.006592686360862397,12.0,59.5,0
2017-01-13,1195.300048828125,1196.0,1187.699951171875,1195.699951171875,65,1187.0142822265625,1160.420011393229,1175.2871966266741,82.56615837838743,3.831115540703422,-4.550975756875925,-0.003002732098280614,0.00666770504954005,8.300048828125,38.9000244140625,1
2017-01-18,1211.300048828125,1214.699951171875,1203.0999755859375,1213.5999755859375,114,1197.2571498325892,1163.1300130208333,1184.331278643341,83.3334066489976,8.112765870896737,-0.28152179840369884,-0.0005775174685437312,0.007297647482830577,11.5999755859375,50.9000244140625,0
2017-01-20,1204.300048828125,1212.0999755859375,1202.800048828125,1202.800048828125,38,1202.6143101283483,1165.2500162760416,1188.90839195704,72.65851554406838,9.169574417224112,3.031060688440368,0.0028312301981352483,0.007422333987481913,9.2999267578125,24.60009765625,1
2017-01-23,1215.0,1215.0,1210.0,1212.0,16,1205.3857421875,1166.583349609375,1192.3872730294347,79.54552012056135,10.358420483606096,4.496532647473513,0.008884788456404058,0.007153165249511173,5.0,43.0999755859375,0
2017-01-24,1210.300048828125,1219.0,1207.699951171875,1219.0,24,1207.0143171037946,1167.933349609375,1194.7756431359269,73.92146512909882,10.796883029213177,5.756602723821446,-0.003868272569444442,0.00727841587109839,11.300048828125,26.800048828125,0
2017-01-25,1197.300048828125,1202.800048828125,1194.9000244140625,1202.0,403,1207.3000313895088,1169.1966837565103,1195.1122305615534,64.70592648322841,9.980329376578084,6.6013480543727745,-0.010741138127348893,0.008157769054955024,7.9000244140625,13.10009765625,0
2017-01-27,1188.0999755859375,1188.300048828125,1187.9000244140625,1187.9000244140625,234352,1200.771449497768,1171.110017903646,1193.528738811025,58.14887680465292,7.317039025453596,7.065009327757306,-0.001176985636034078,0.0074617483984395876,0.4000244140625,-10.800048828125,1
2017-01-30,1193.199951171875,1198.5,1187.0999755859375,1191.699951171875,50503,1199.6714390345983,1172.1733479817708,1193.4849004591383,55.22064659227684,6.63170322782139,6.978348107770122,0.00429254750503838,0.007089003641224616,11.4000244140625,-2.10009765625,1
2017-02-01,1205.5999755859375,1211.9000244140625,1197.9000244140625,1211.9000244140625,1145,1198.9428536551338,1177.210009765625,1196.8468747129193,55.04032506158893,7.408365333223401,7.107444053588592,-0.0024822108725806036,0.0075077547816957664,14.0,-5.7000732421875,1
2017-02-03,1218.5,1220.5999755859375,1206.199951171875,1214.9000244140625,865,1202.8856898716517,1182.650008138021,1202.0280913642316,61.026597880245724,9.11014183394218,7.704441148393844,0.0014794517139506969,0.0077508085642232424,14.4000244140625,14.199951171875,1
2017-02-06,1230.0,1235.4000244140625,1218.5,1221.9000244140625,908,1208.6714041573662,1185.9466756184895,1205.7576791823342,59.00000000000001,10.530768408191307,8.269706600353338,0.009437833401723328,0.007264732342686417,16.9000244140625,15.0,1
2017-02-10,1234.4000244140625,1234.4000244140625,1221.5,1227.5999755859375,391,1229.4999825613838,1199.410001627604,1218.624919679392,61.33179319343729,13.847916474804379,11.217211465465164,-0.0005667162057411135,0.006483355313417379,12.9000244140625,46.300048828125,0
2017-02-14,1223.9000244140625,1233.5,1222.0999755859375,1225.9000244140625,159,1231.3714250837054,1204.1400024414063,1219.9956124133544,66.96426486135526,12.288298140069173,11.729374561470491,-0.0004083632718312469,0.005981974199043167,11.4000244140625,15.300048828125,1
2017-02-15,1231.699951171875,1231.699951171875,1217.300048828125,1225.5,175,1231.6142752511162,1206.5166666666667,1221.5561909144906,76.91326768931822,12.150689351780102,11.813637519532413,0.006373009724831569,0.005619938453710559,14.39990234375,26.0999755859375,1
2017-02-21,1237.5,1237.5,1228.0999755859375,1237.300048828125,119,1232.7857142857142,1213.1733317057292,1227.3830939015263,71.47106676509692,12.399615914297101,12.14624374127305,-8.078182604209783e-05,0.004968503647754535,9.4000244140625,7.5,0
2017-02-22,1232.0,1238.5999755859375,1231.800048828125,1236.0999755859375,36,1232.4428536551338,1214.7899983723958,1227.9986813813227,68.91121211750242,11.695748796669704,12.056144752352381,-0.004444444444444473,0.005120919838621315,6.7999267578125,-2.199951171875,1
2017-02-23,1250.199951171875,1250.300048828125,1236.0999755859375,1236.0999755859375,112,1236.1285574776787,1216.9899983723958,1230.9588506867299,71.78156212101008,12.462849025382866,12.13748560695848,0.014772687639508897,0.0059147051610356416,14.2000732421875,12.5999755859375,1
2017-02-27,1257.4000244140625,1263.0999755859375,1250.4000244140625,1254.699951171875,544,1244.5142822265625,1220.9833333333333,1237.481987258866,69.3503197452383,14.121192393541833,12.74523814487585,0.00039780411352374756,0.005620796599015865,12.699951171875,23.0,0
2017-03-01,1248.9000244140625,1248.9000244140625,1236.9000244140625,1247.800048828125,138,1247.9285714285713,1224.1233317057292,1240.7513597529094,57.8800952046935,13.624511800694563,13.137579578796519,-0.002953817055715846,0.005843743793962384,12.0,25.0,0
2017-03-02,1231.9000244140625,1247.5999755859375,1230.699951171875,1247.199951171875,79,1247.1285749162946,1224.8099975585938,1239.57118170773,48.14387877929618,11.741935412614566,12.858450745560129,-0.013611978275023029,0.006966796648771417,16.9000244140625,0.2000732421875,0
2017-03-06,1224.5,1235.199951171875,1224.5,1235.199951171875,29,1242.5285818917412,1226.303328450521,1235.935687593806,50.060298888115014,7.772770154196905,11.323582974259487,-0.00081599347205219,0.006754140899455571,10.699951171875,-13.0999755859375,0
2017-03-07,1215.0999755859375,1225.4000244140625,1213.699951171875,1224.300048828125,53,1236.5571463448662,1226.306660970052,1233.1575926594235,45.20694763212974,5.485013321736687,10.155869043754928,-0.0076766226329624265,0.007062480134546804,11.7000732421875,-22.4000244140625,0
2017-03-08,1208.5,1212.199951171875,1206.699951171875,1212.199951171875,24,1229.5714285714287,1226.2466593424479,1229.869913638167,37.1965087389315,3.103610191765938,8.74541727335713,-0.0054316317328167996,0.006882173723115063,5.5,-23.5,0
2017-03-15,1200.0999755859375,1221.199951171875,1197.699951171875,1198.199951171875,36,1204.4428536551338,1227.2733276367187,1215.3192946144843,13.107674938290913,-4.837190040945643,0.8582627059871403,-0.0014976693498300886,0.004532802229702433,23.5,-48.800048828125,1
2017-03-17,1229.800048828125,1230.9000244140625,1227.0999755859375,1227.0999755859375,26,1209.114292689732,1228.4066650390625,1218.542054465296,34.73457212727142,-2.054041618741394,-0.41292784120932335,0.002690622770586959,0.007912352522909801,3.800048828125,4.300048828125,1
2017-03-20,1233.5999755859375,1234.4000244140625,1229.300048828125,1229.300048828125,23,1213.5714285714287,1228.9099975585937,1220.5497772813815,39.373619201328296,-0.6367066678531046,-0.4576836065380796,0.00308987364363289,0.007975541572433485,5.0999755859375,9.0999755859375,1
2017-03-24,1248.199951171875,1248.300048828125,1247.5999755859375,1248.0,3,1240.0571463448662,1230.6966674804687,1232.37830207307,64.68394907849995,5.662864676726713,2.2688530306587307,0.001042526852482295,0.007378929942276306,0.7000732421875,47.5,1
2017-03-29,1253.4000244140625,1253.4000244140625,1252.0999755859375,1252.199951171875,190678,1250.6571568080358,1233.410001627604,1240.1355164254178,87.61045695149616,8.429605377797543,5.010165558213932,-0.0015136018004908713,0.006394453134684548,1.300048828125,53.300048828125,0
2017-04-03,1250.800048828125,1252.4000244140625,1243.5999755859375,1247.5,1160,1250.771449497768,1234.5366739908854,1242.872524622894,81.30594547958181,7.8849144026632985,6.429760734263633,0.0028060609821096705,0.006754861307997777,8.800048828125,17.2000732421875,1
2017-04-04,1255.0,1260.300048828125,1253.0,1253.0999755859375,724,1251.742885044643,1235.1200073242187,1244.4895213398413,84.09934233771118,8.154875289863867,6.77478364538368,0.0033578118067791873,0.006636777087693679,7.300048828125,8.9000244140625,0
2017-04-05,1245.4000244140625,1255.4000244140625,1243.0,1255.4000244140625,907,1250.3143136160713,1235.5666748046874,1244.6109217497376,64.83516694102113,7.5076400374834975,6.921354923803644,-0.007649382937002014,0.004602440381753753,12.4000244140625,-3.9000244140625,1
2017-04-06,1250.300048828125,1257.5,1249.0,1256.0999755859375,169,1249.6000279017858,1235.5700113932292,1245.3694720268559,65.69677233623335,7.3058748780511,6.998258914653135,0.003934498408547871,0.004647240236198986,8.5,3.4000244140625,1
2017-04-10,1251.0999755859375,1255.199951171875,1246.800048828125,1252.699951171875,182,1250.6000279017858,1235.2733439127603,1247.165516931769,54.44838311699595,7.105123947696939,7.08129085450245,-0.0025512820837225725,0.003960887821941481,8.39990234375,-4.300048828125,1
2017-04-11,1271.199951171875,1273.5,1254.5,1254.5,401,1254.0142996651787,1235.8933430989584,1250.3701081637832,64.97939335644483,8.409370139136627,7.346906711429286,0.01606584284083601,0.005781503959948821,19.0,15.89990234375,1
2017-04-12,1275.300048828125,1285.0999755859375,1272.0,1275.0,492,1257.5142996651787,1236.7733439127603,1253.6941002523622,68.98393016549629,9.662455485188957,7.810016466181221,0.0032253758761320306,0.005727212097712282,13.0999755859375,21.9000244140625,1
2017-04-18,1291.699951171875,1291.699951171875,1278.5999755859375,1283.9000244140625,394,1274.1285749162946,1242.9433430989584,1266.1129286089542,72.03381314101617,14.082604535043856,10.331787412263791,0.0017837185623272855,0.005878865738609812,13.0999755859375,40.89990234375,0
2017-04-20,1281.9000244140625,1281.9000244140625,1276.199951171875,1279.699951171875,127,1282.4000069754463,1247.6000122070313,1269.9843835648924,72.20218727736116,13.898740381141124,11.63959661709765,0.00039019821326169435,0.005969112492129893,5.7000732421875,36.5,1
2017-04-21,1287.4000244140625,1287.4000244140625,1279.199951171875,1279.800048828125,474,1284.7143031529017,1250.4333455403646,1272.3064690114484,73.2329140315912,14.063014219204206,12.124280137518962,0.0042905061980273995,0.005996652987285391,8.2000732421875,37.0999755859375,0
2017-04-24,1275.800048828125,1276.4000244140625,1265.0,1275.0,605,1284.7857317243304,1252.9366821289063,1272.772279653672,63.24153912202388,13.106102345085219,12.320644579032216,-0.009010389440700095,0.006706412436972842,11.4000244140625,21.5,0
2017-04-28,1266.0999755859375,1267.199951171875,1264.699951171875,1265.9000244140625,85,1271.7999965122767,1260.490010579427,1269.1429490902597,56.59950980726824,7.324447050691333,10.238464499009392,0.0018992043260244174,0.006726224461284707,2.5,-19.800048828125,0
2017-05-02,1255.0999755859375,1256.199951171875,1251.199951171875,1256.199951171875,90,1263.0999930245537,1261.990010579427,1265.4398174816147,40.024777149357206,4.088980394542659,8.244768884501116,0.0014361499143764611,0.005705937674797758,5.0,-36.5999755859375,0
2017-05-03,1246.4000244140625,1255.800048828125,1238.699951171875,1255.0999755859375,195,1258.8999895368304,1262.0000122070312,1262.901178405941,33.059711638224044,2.2705088657864962,7.049916880758193,-0.0069316798192219364,0.0057869092944785325,17.10009765625,-35.0,0
2017-05-08,1225.300048828125,1234.0,1224.0,1224.0,43,1242.5000174386162,1259.7400146484374,1249.8393866588083,13.516439293331729,-5.161735904144052,1.9550143425657012,0.0004082298988135058,0.005902802295427923,10.0,-50.5,0
2017-05-10,1217.300048828125,1220.199951171875,1217.300048828125,1219.800048828125,23,1229.9571707589287,1257.1033487955729,1241.3940403542829,15.711203405534647,-8.934303661222884,-1.729070963608021,0.002470559070548717,0.0061011160864077076,2.89990234375,-44.7999267578125,1
2017-05-15,1228.5999755859375,1232.699951171875,1227.5,1227.5,13,1222.7428676060267,1254.830008951823,1236.0602252222689,26.342622367361216,-9.435036235978941,-5.5409530541670655,0.001957286339612674,0.006069125780524944,5.199951171875,-24.7000732421875,1
2017-05-16,1235.0,1237.300048828125,1230.4000244140625,1230.4000244140625,20,1224.2000034877233,1254.303340657552,1235.9188618592998,33.29219153813618,-8.6422998715625,-6.161222417646153,0.005209201156796572,0.006368692925905711,6.9000244140625,-20.0999755859375,1
2017-05-17,1257.5,1259.199951171875,1240.699951171875,1241.0,26,1228.7999965122767,1254.3866739908854,1238.7963469447266,46.96080097465,-6.127850584665566,-6.154548051050035,0.018218623481781382,0.008269266801056144,18.5,11.0999755859375,0
2017-05-19,1252.699951171875,1252.699951171875,1252.699951171875,1252.699951171875,14,1239.1999686104912,1254.676668294271,1242.141243996817,49.67943451100069,-3.1833899503478733,-5.303699040710777,0.0007989135088355415,0.007876339480537207,0.0,27.89990234375,1
2017-05-22,1260.699951171875,1260.699951171875,1251.699951171875,1251.699951171875,14,1244.6285400390625,1254.889998372396,1244.6157382868246,52.80560104995223,-1.437689385988051,-4.530497109766232,0.006386206044405318,0.008055108460278643,9.0,35.39990234375,0
2017-05-25,1255.800048828125,1258.300048828125,1255.800048828125,1257.0999755859375,11,1255.0857107979912,1253.736669921875,1248.0264370412447,69.08868142936605,0.6924937574026444,-2.2472668402248144,0.002714807048692869,0.006370591042088675,2.5,33.10009765625,1
2017-05-26,1267.5999755859375,1267.5999755859375,1267.5999755859375,1267.5999755859375,271457,1256.528564453125,1253.1266682942708,1250.636242180537,72.86485544876405,2.1637996555691643,-1.3650535410660187,0.009396342012268466,0.006665016588438015,0.0,41.4000244140625,0
2017-05-30,1262.0999755859375,1270.0,1258.4000244140625,1267.4000244140625,129819,1258.0142822265625,1252.2166666666667,1252.1647399679237,77.47126081972435,2.8531270725877675,-0.5214174183352616,-0.004338908256492857,0.006148671283895755,11.5999755859375,33.5,1
2017-05-31,1272.0,1273.199951171875,1258.5,1262.4000244140625,2712,1260.7714320591517,1251.5600016276042,1254.8094413055337,79.12673485624548,4.150429679378476,0.412952001207486,0.007844088903865343,0.00629393538130793,14.699951171875,37.0,0
2017-06-01,1267.0,1269.199951171875,1260.800048828125,1268.0,825,1261.6714390345983,1251.0800008138021,1256.4348491314627,73.6898656834893,4.7206761128541075,1.2744968235368104,-0.0039308176100628645,0.006555540566744754,8.39990234375,9.5,1
2017-06-05,1279.300048828125,1282.0,1277.0,1279.199951171875,433,1268.6571568080358,1250.6400024414063,1261.8368543892987,75.37540583175807,6.948056015658494,3.14855697534794,0.001958019975245584,0.006700263005174878,5.0,26.60009765625,1
2017-06-06,1294.4000244140625,1295.199951171875,1279.4000244140625,1279.4000244140625,942,1274.1714390345983,1251.2600016276042,1266.1786103926006,77.34808368674908,8.89814421093888,4.298474422466128,0.011803310411634405,0.00709426017098807,15.7999267578125,33.7000732421875,0
2017-06-07,1290.0999755859375,1293.0999755859375,1284.300048828125,1291.5999755859375,641,1277.3857247488838,1252.0766682942708,1269.3681257517121,68.0309550784072,9.981563896611078,5.435092317295119,-0.0033220401321233384,0.005857584440368943,8.7999267578125,35.2999267578125,0
2017-06-08,1276.300048828125,1287.5999755859375,1268.0999755859375,1285.4000244140625,319,1279.414306640625,1252.5500040690104,1270.2923821619006,62.500062027659375,9.615798109587331,6.2712334757535615,-0.010696788635737198,0.006557497271449751,19.5,23.9000244140625,0
2017-06-13,1265.800048828125,1266.9000244140625,1259.699951171875,1264.0999755859375,150,1277.2143031529017,1253.1266723632812,1269.0294447587755,55.85106382978723,6.548729064604231,6.822706043808635,-0.000236890264272982,0.006555979891620519,7.2000732421875,3.7000732421875,1
2017-06-14,1272.800048828125,1278.0,1256.800048828125,1269.4000244140625,336,1276.2857317243304,1253.7166748046875,1269.532191968022,60.344842528019846,6.2792800410120435,6.714020843249317,0.005530099328468596,0.006634052665086631,21.199951171875,0.800048828125,0
2017-06-16,1254.0,1255.300048828125,1251.300048828125,1252.800048828125,34,1265.1000104631696,1254.8266723632812,1265.458396324731,43.57280074765062,2.9383279845881134,5.581167236708135,0.001437509102631962,0.007606139992994834,4.0,-22.800048828125,0
2017-06-21,1243.4000244140625,1245.0,1240.0,1244.0999755859375,205,1253.3428606305804,1256.9666666666667,1257.5619825801055,38.293682750937016,-1.9495137940834866,2.475964354756173,0.0019339439275281034,0.007396361943706974,5.0,-46.699951171875,1
2017-06-22,1247.5999755859375,1252.699951171875,1246.300048828125,1251.0,156,1250.7428501674108,1257.9766642252605,1256.2337149808832,34.66383887756946,-2.5244912932530497,1.4758732251543285,0.0033777956324667624,0.007070699986370398,6.39990234375,-28.7000732421875,1
2017-06-23,1256.199951171875,1273.5999755859375,1249.800048828125,1250.0,269,1248.3714076450892,1259.093330891927,1256.229213139682,38.59818039404711,-2.2601651698696514,0.7286655461495326,0.0068932155772916115,0.007379509218050199,23.7999267578125,-12.300048828125,0
2017-06-28,1248.0,1248.5,1248.0,1248.5,370,1246.9857177734375,1260.7900024414062,1253.0017799387474,32.24588069878787,-3.3594623396318184,-1.1735228950289929,0.0012836774346900448,0.006168381585129694,0.5,-24.800048828125,0
2017-06-30,1240.699951171875,1243.699951171875,1239.0999755859375,1243.699951171875,43,1247.05712890625,1259.980000813802,1250.3444358901036,33.463510001668936,-4.272679449023144,-2.2038060101487726,-0.002813052674293548,0.006059661435667943,4.5999755859375,-13.300048828125,0
2017-07-06,1222.199951171875,1225.0999755859375,1222.199951171875,1225.0999755859375,5,1234.2571323939733,1256.3900024414063,1239.8823470966927,30.263094492362555,-8.798198689077708,-4.979398810139195,0.0014748662092798348,0.006302772917660772,2.9000244140625,-21.2000732421875,0
2017-07-11,1213.5999755859375,1214.9000244140625,1208.699951171875,1208.699951171875,12,1219.3571254185267,1251.6733317057292,1230.0347519441982,32.831996622401974,-11.880322385656427,-8.092691927208794,0.0012375216815549983,0.0067186814375050415,6.2000732421875,-32.7000732421875,1
2017-07-13,1216.300048828125,1221.4000244140625,1216.300048828125,1221.4000244140625,7,1215.8999895368304,1248.35,1226.8243284828784,30.314420792892548,-11.669388571696572,-9.394267067496306,-0.0014776510909514373,0.006663582596307561,5.0999755859375,-31.699951171875,1
2017-07-14,1226.5999755859375,1227.5,1214.800048828125,1214.9000244140625,23,1216.7856968470983,1247.0033325195313,1226.794414763286,31.77332088570583,-10.646377953184356,-9.644689244633916,0.008468244959569216,0.006832654890639537,12.699951171875,-17.5999755859375,1
2017-07-17,1232.800048828125,1233.4000244140625,1229.9000244140625,1229.9000244140625,7,1218.2999965122767,1245.5366658528646,1227.5951659719315,41.29029514331887,-9.228954925592234,-9.56154238082558,0.005054682345991157,0.006804183392788843,3.5,-7.89990234375,1
2017-07-20,1244.800048828125,1244.800048828125,1236.5999755859375,1236.5999755859375,5,1231.5571463448662,1240.9799967447916,1232.8137405386867,50.35720202404792,-4.2105222419434085,-7.604676340700047,0.002900497742407193,0.007085388932715471,8.2000732421875,22.60009765625,1
2017-07-26,1249.0,1249.0,1244.800048828125,1244.800048828125,7,1248.0,1238.7199951171874,1241.1309727646612,69.64814370657282,1.1268719764093476,-3.104860110557053,-0.0021570274644072684,0.0050579594940491366,4.199951171875,30.9000244140625,1
2017-07-27,1259.5999755859375,1259.5999755859375,1259.5999755859375,1259.5999755859375,220309,1250.642857142857,1238.2799926757812,1243.5935064741648,89.11045873758233,2.448587009574112,-1.9941706865308197,0.008486769884657797,0.0038431926314562923,0.0,43.2999267578125,1
2017-07-31,1266.5999755859375,1270.800048828125,1265.800048828125,1268.9000244140625,7780,1257.642857142857,1239.2399943033854,1249.5275666510115,87.4293527174419,5.306682530628223,0.4503813151242698,-0.0014191491591594163,0.004153521435537114,5.0,33.7999267578125,1
2017-08-02,1271.800048828125,1272.0999755859375,1262.9000244140625,1268.5,393,1262.8142787388392,1241.213330078125,1255.1633759737738,88.92002944751665,7.517918303344686,2.85176981671904,-0.0006285767508711348,0.004108216036947052,9.199951171875,30.60009765625,0
2017-08-03,1267.800048828125,1269.800048828125,1256.5999755859375,1265.9000244140625,878,1265.114292689732,1242.0266642252604,1256.8482656876872,81.69230451415169,7.813019018820569,3.844019657139346,-0.003145148487520233,0.004135029178673049,13.2000732421875,23.0,0
2017-08-08,1256.4000244140625,1264.0999755859375,1251.4000244140625,1256.9000244140625,555,1264.5285818917412,1242.7866658528646,1257.0900883446266,62.297759877693,5.957466527926272,5.140889837657302,-0.0014305570081576402,0.00461963794429925,12.699951171875,4.7000732421875,1
2017-08-09,1273.0,1277.800048828125,1260.199951171875,1260.199951171875,574,1265.44287109375,1243.6733317057292,1259.2114098986765,68.85022243546433,6.690805656079647,5.450873001341771,0.013212333065401705,0.005669410640348756,17.60009765625,24.0,1
2017-08-10,1283.699951171875,1287.4000244140625,1274.9000244140625,1276.5999755859375,608,1267.0285818917412,1244.863330078125,1262.4765487351028,69.342041015625,8.042667964998145,5.969231994073046,0.008405303355754068,0.005735926653159345,12.5,24.0999755859375,1
2017-08-14,1284.199951171875,1288.4000244140625,1278.800048828125,1288.4000244140625,338,1271.6428397042412,1247.763330078125,1268.2877066749218,70.0865508229571,9.951743250269146,7.303337659050034,-0.002718024487626036,0.0057708114045704135,9.5999755859375,17.5999755859375,0
2017-08-16,1276.9000244140625,1282.5999755859375,1269.4000244140625,1271.300048828125,110,1276.5142647879463,1251.506660970052,1270.0614306264551,60.63963003558505,9.272585093821817,8.046802242350399,0.0025124231489868087,0.005970891393285556,13.199951171875,5.0999755859375,1
2017-08-18,1285.699951171875,1300.699951171875,1284.300048828125,1288.5999755859375,358,1282.6142578125,1256.2166625976563,1274.0345819813015,61.804678505521835,9.967077539263755,8.704271108323905,-0.0005442111543074724,0.005984176151549311,16.39990234375,27.39990234375,1
2017-08-21,1290.800048828125,1290.800048828125,1284.699951171875,1285.199951171875,18,1283.6285574776787,1258.839998372396,1276.269977560878,61.37502841945126,10.425995347785374,9.0486159562162,0.003966786847585668,0.005951478074457264,6.10009765625,32.60009765625,0
2017-08-24,1286.5,1288.699951171875,1284.0,1288.699951171875,550,1285.7571498325892,1265.9233317057292,1279.977760583935,68.16999159983766,9.938077108271727,9.564629278564336,-0.001862071819847766,0.005580446988093915,4.699951171875,2.800048828125,1
2017-08-25,1292.5,1292.699951171875,1280.300048828125,1285.4000244140625,280,1287.9857177734375,1268.119999186198,1281.6473925060768,70.53889134165846,10.073843046873208,9.66647203222611,0.004663816556548683,0.005614599615793196,12.39990234375,4.800048828125,1
2017-08-29,1313.0999755859375,1323.800048828125,1313.0999755859375,1318.800048828125,1178,1295.2285679408483,1273.0833292643229,1289.0826992514396,73.39546504058788,12.646753625603424,10.545890684750702,0.002596033092175265,0.0055458864958255055,10.7000732421875,39.4000244140625,0
2017-08-30,1308.0999755859375,1312.5,1304.9000244140625,1308.199951171875,1178,1297.699986049107,1275.313330078125,1291.6183360960395,65.24994545007881,13.05120209390293,11.046952966581149,-0.003807783179471058,0.005460026825020823,7.5999755859375,31.199951171875,1
2017-08-31,1316.199951171875,1322.300048828125,1301.699951171875,1306.5999755859375,373,1302.1428397042412,1277.6933268229166,1294.8958847728177,66.94404528630525,13.865497925279215,11.610661958320762,0.006192168593466496,0.005596339216297406,20.60009765625,29.7999267578125,1
2017-09-01,1324.5,1327.699951171875,1316.9000244140625,1320.199951171875,313,1307.228550502232,1280.0333251953125,1298.843100136442,72.6658446294791,15.007579774609212,12.290045521578453,0.006306069849596252,0.005582970928011016,10.7999267578125,38.800048828125,1
2017-09-05,1339.199951171875,1339.199951171875,1328.5999755859375,1335.199951171875,39,1314.757114955357,1282.8766560872396,1304.224013607833,85.17709964100183,16.903992373696838,13.212834892002132,0.011098490880992795,0.005183252571616364,10.5999755859375,48.39990234375,0
2017-09-06,1333.9000244140625,1340.300048828125,1332.5999755859375,1340.0,20,1320.6714041573662,1285.6166585286458,1308.1808150486636,79.93691337128789,17.774361450721244,14.125140203745955,-0.003957532072170977,0.005562320153729682,7.7000732421875,48.800048828125,1
2017-09-08,1346.0,1355.800048828125,1345.5999755859375,1351.0,37,1330.4285539899554,1291.6999918619792,1317.4895871487047,81.05045735463464,20.0763119658111,16.1188979024289,0.0006691133970695429,0.005571593951267097,10.2000732421875,59.5,0
2017-09-12,1328.0,1328.0,1325.199951171875,1327.0,15,1335.385707310268,1295.8333251953125,1320.4521787916938,70.56570208034643,18.3723505236037,17.091190054721004,-0.002253944402704766,0.006626929791394766,2.800048828125,18.300048828125,0
2017-09-14,1324.699951171875,1329.300048828125,1319.5999755859375,1319.5999755859375,316,1333.1571393694196,1299.289990234375,1321.3591883809693,68.36540425322137,15.847903867248078,16.829128955654703,0.0009822629090459056,0.00672361927661245,9.7000732421875,16.5999755859375,0
2017-09-15,1320.4000244140625,1321.199951171875,1319.800048828125,1320.5999755859375,15,1331.2285679408483,1301.0433227539063,1321.2312998520486,63.636417875540396,14.415837259936552,16.346470616511073,-0.003245962796336377,0.006824377214203732,1.39990234375,4.2000732421875,0
2017-09-19,1306.199951171875,1310.300048828125,1305.0999755859375,1307.9000244140625,20,1320.0,1304.2433227539063,1317.5017310208166,46.40248163531315,9.970984000899307,14.376702847524633,-7.662684873954717e-05,0.006606692233304553,5.2000732421875,-33.0,1
2017-09-20,1312.0,1312.0,1298.699951171875,1312.0,12,1317.2857142857142,1306.0966552734376,1316.7681668847079,52.01656220610605,8.726606339131877,13.246683545846082,0.004440398901348397,0.0066428677706730525,13.300048828125,-21.9000244140625,0
2017-09-22,1293.300048828125,1295.699951171875,1293.300048828125,1295.0,209,1307.642857142857,1307.0033243815103,1310.6152045937501,35.057480672182436,3.9134858588738552,10.211789619622952,0.0020921069992749786,0.007480481692852128,2.39990234375,-52.699951171875,1
2017-09-25,1306.800048828125,1309.199951171875,1291.0,1293.0999755859375,51,1305.085728236607,1307.6399943033855,1310.1065171583334,34.30236546827945,3.3540953273823106,8.840250761174824,0.010438412967070265,0.0073953738094208535,18.199951171875,-24.199951171875,0
2017-09-26,1297.0,1305.5999755859375,1297.0,1304.5,39,1301.7428676060267,1308.0666625976562,1308.3589815372225,32.86908109566248,2.095832806990984,7.491367170338056,-0.0074992718564046434,0.007536939754230185,8.5999755859375,-31.0,0
2017-09-28,1285.5,1288.0,1277.0,1283.0999755859375,5226,1295.5142996651787,1308.6766642252603,1302.4269711758054,22.82121587681104,-1.4723314136224417,4.5002058456705925,0.0016362595807930536,0.007266629418155416,11.0,-39.199951171875,0
2017-09-29,1281.5,1289.4000244140625,1281.5,1284.199951171875,492,1291.1571568080358,1308.513330078125,1299.6367083523646,25.324039929021566,-2.9291423720237617,3.014336202131722,-0.003111629716063824,0.006903866324241582,7.9000244140625,-38.9000244140625,0
2017-10-06,1271.5999755859375,1272.0,1260.5,1267.5999755859375,46,1275.199986049107,1305.92666015625,1285.3963455764883,30.870978378632998,-8.520079410469634,-3.9311552632697087,0.0013386496095701972,0.006730202295739019,11.5,-21.7000732421875,1
2017-10-09,1281.800048828125,1284.0,1279.0,1280.5999755859375,19,1274.671421595982,1305.5699951171875,1284.9168393433733,37.89687970024971,-7.999529946579514,-4.74483019993167,0.008021448126787956,0.007228527777236349,5.0,-25.0,1
2017-10-10,1290.5999755859375,1293.0,1281.699951171875,1282.5999755859375,18,1275.9714181082588,1304.933329264323,1285.674590842382,39.69169580244822,-6.798540853773602,-5.155572330700057,0.00686528820611132,0.007404135055745136,11.300048828125,-6.4000244140625,0
2017-10-11,1285.800048828125,1292.0,1284.9000244140625,1287.300048828125,21,1277.8428606305804,1304.023331705729,1285.6913185738144,47.24774302468989,-6.1630188745200485,-5.357061639464055,-0.003719143691780502,0.0060641218865011975,7.0999755859375,2.4000244140625,1
2017-10-12,1293.300048828125,1294.5,1289.300048828125,1291.5,14,1280.9571533203125,1303.5300008138022,1286.7058159410558,50.0,-4.996578362289711,-5.284964984029186,0.005832944248863159,0.006254638213925378,5.199951171875,7.800048828125,1
2017-10-16,1299.9000244140625,1303.800048828125,1291.9000244140625,1302.0,173,1289.2143031529017,1302.2200032552084,1290.174593895379,51.84715792551033,-2.1877365334587466,-4.3593860556903286,-0.00122933199073183,0.005439613964539367,11.9000244140625,27.2000732421875,0
2017-10-18,1279.9000244140625,1279.9000244140625,1279.9000244140625,1279.9000244140625,163,1290.5714460100446,1298.5466715494792,1287.975587114404,46.61835926845989,-3.111246514589311,-3.82560062471161,-0.0024161929742303467,0.005857895671313986,0.0,6.2000732421875,1
2017-10-19,1286.9000244140625,1286.9000244140625,1285.0999755859375,1286.4000244140625,134,1290.0428815569196,1296.6066731770834,1287.8321787543587,53.14687901478364,-2.9309399116832537,-3.646668482105939,0.005469177175150497,0.005988075123012186,1.800048828125,17.0,0
2017-10-25,1275.4000244140625,1275.4000244140625,1269.9000244140625,1269.9000244140625,105,1279.328578404018,1289.1766723632813,1282.771545321777,53.3252838476935,-4.67889868827956,-3.99111789435781,0.0003137446384804399,0.005982295693591657,5.5,-10.4000244140625,0
2017-10-27,1268.5,1268.5,1267.0999755859375,1268.4000244140625,567,1275.3142961774554,1285.5000081380208,1278.9652996840514,41.90005352682289,-6.049010451460163,-4.657107495234575,0.0017373063942554001,0.005864367772925286,1.4000244140625,-33.0,1
2017-10-30,1274.0999755859375,1274.0999755859375,1267.9000244140625,1270.0,222,1273.4857177734375,1284.4266723632813,1278.316589804303,39.543680938692276,-5.899882346013101,-4.9056624653902805,0.004414643741377677,0.00565302298241174,6.199951171875,-25.800048828125,0
2017-10-31,1267.0,1274.5999755859375,1266.0999755859375,1273.0999755859375,235,1272.0,1283.1200073242187,1276.8077111637294,38.42357348599193,-6.282188779130593,-5.180967728138343,-0.005572541968437261,0.00574498033442674,8.5,-16.0,1
2017-11-02,1274.9000244140625,1274.9000244140625,1274.9000244140625,1274.9000244140625,70,1271.471435546875,1281.333341471354,1276.2404590414515,31.880071379747918,-5.5470257688373295,-5.376223683392811,0.0006279325354803245,0.0053479064138799316,0.0,-12.0,0
2017-11-03,1266.5,1267.9000244140625,1265.300048828125,1265.300048828125,75,1270.2000034877233,1280.4400065104167,1274.9417311692578,29.17699776406893,-5.84307938737652,-5.469594824189553,-0.0065887710825977,0.005519160113111945,2.5999755859375,-10.9000244140625,1
2017-11-06,1279.4000244140625,1280.5,1269.0,1269.0,128,1272.0714285714287,1279.5266723632812,1275.536170268565,47.63780599747849,-4.979380652205691,-5.371551989792781,0.010185570007155587,0.0053908490069565695,11.5,1.7000732421875,0
2017-11-07,1273.699951171875,1276.800048828125,1270.4000244140625,1276.800048828125,11,1272.8142787388392,1278.7500040690104,1275.291341055673,46.065939717657926,-4.700655227705738,-5.237372637375373,-0.004455270543548773,0.0054824708301802645,6.4000244140625,-1.300048828125,1
2017-11-08,1281.5999755859375,1284.9000244140625,1274.699951171875,1275.9000244140625,15,1273.885707310268,1278.6900024414062,1276.132492326375,46.67499869812009,-3.7985105090672278,-4.949600211713744,0.006202421855158402,0.00554530414114914,10.2000732421875,6.199951171875,1
2017-11-09,1285.5999755859375,1286.9000244140625,1279.699951171875,1279.699951171875,18,1276.5428466796875,1278.6933349609376,1277.3948234276502,55.52557720212027,-2.72932578068594,-4.505545325508183,0.0031210986861724965,0.005211033015498592,7.2000732421875,19.2999267578125,0
2017-11-10,1272.4000244140625,1283.5,1272.4000244140625,1283.5,10,1276.2999965122767,1278.3900024414063,1276.7288502258384,46.957561283938986,-2.9135295681073785,-4.187142174028022,-0.010267541554563886,0.005950882726104619,11.0999755859375,3.9000244140625,1
2017-11-13,1277.300048828125,1277.300048828125,1277.0,1277.300048828125,3,1276.642857142857,1278.543339029948,1276.8050100394767,51.28782058817901,-2.6337610201721873,-3.8764659432568553,0.003851009368157632,0.0060226371395214985,0.300048828125,3.2000732421875,1
2017-11-14,1281.5,1281.5,1276.9000244140625,1276.9000244140625,4,1278.7857142857142,1278.8766723632812,1277.4310087008798,53.27603500835873,-2.049515927364837,-3.511075940078452,0.003288147664073371,0.006081203485917625,4.5999755859375,14.5,0
2017-11-16,1277.4000244140625,1277.5,1277.4000244140625,1277.5,43,1278.9000069754463,1279.2200073242188,1277.3192942349804,55.074125987035785,-1.8086308772806206,-2.923579279111389,0.0007050720047492298,0.005821875103895313,0.0999755859375,2.5,1
2017-11-17,1295.800048828125,1295.800048828125,1288.300048828125,1288.300048828125,1,1280.9285888671875,1280.0266764322917,1279.7833948473997,60.79604322619905,-0.19591519730352047,-2.3780464627498152,0.014404277487392703,0.006856755381202604,7.5,29.300048828125,0
2017-11-20,1274.5999755859375,1275.9000244140625,1274.5999755859375,1274.5999755859375,1,1279.3571602957588,1279.7866739908854,1279.0922722792047,53.315864316870915,-0.621332798438516,-2.0267037298875556,-0.016360605373768933,0.008161884158833772,1.300048828125,-4.800048828125,1
2017-11-21,1281.0999755859375,1281.0999755859375,1281.0999755859375,1281.0999755859375,4,1280.6000104631696,1279.4700073242188,1279.359966053436,53.07016886357066,-0.42903795262191124,-1.7071705744344268,0.0050996392001434465,0.008138515064238776,0.0,7.4000244140625,1
2017-11-22,1291.5999755859375,1291.5999755859375,1282.9000244140625,1284.699951171875,4,1282.642857142857,1279.6633382161458,1280.9919673244362,56.75017170736328,0.5641165613667454,-1.2529131472741923,0.008196081648661036,0.008400365000157334,8.699951171875,10.0,0
2017-11-24,1286.699951171875,1286.699951171875,1286.699951171875,1286.699951171875,0,1283.385707310268,1279.4433349609376,1281.7530318374281,58.40262826502011,0.9449152551205771,-0.8133474667952386,-0.003793763167144415,0.00823874654249292,0.0,1.0999755859375,1
2017-11-28,1294.699951171875,1294.699951171875,1294.699951171875,1294.699951171875,275442,1288.3285609654017,1279.0133341471353,1284.871387489835,59.580283434538735,2.5192332185242776,0.27112556122220477,0.0006955497834191249,0.0077885394466901,0.0,17.39990234375,0
2017-11-29,1282.0999755859375,1296.199951171875,1281.0999755859375,1293.4000244140625,47244,1286.3714076450892,1278.9833333333333,1284.5018659026487,50.21872256623086,2.0497746226731124,0.6268553735123863,-0.009731965753557725,0.008156399069890297,15.0999755859375,0.5999755859375,0
2017-11-30,1273.199951171875,1284.5,1269.699951171875,1283.0999755859375,3049,1286.1714041573662,1278.7599975585938,1282.9949439385457,44.798650673280854,0.9486324689876255,0.6912107926074342,-0.00694175538845565,0.00830776485819837,14.800048828125,-3.300048828125,1
2017-12-01,1278.800048828125,1288.5999755859375,1271.0,1274.0999755859375,823,1285.8428431919642,1278.4899983723958,1282.4356245904896,52.867388805211824,0.5218350679492687,0.6573356476758012,0.004398443191185875,0.007918647219646338,17.5999755859375,1.4000244140625,0
2017-12-04,1274.300048828125,1276.0999755859375,1270.300048828125,1272.5,850,1283.3714250837054,1278.3866658528646,1281.3508811555078,48.651081505941036,-0.17747155757001565,0.49037420662663783,-0.0035189238568795744,0.007915665103409797,5.7999267578125,-21.5,0
2017-12-06,1262.800048828125,1267.800048828125,1261.5999755859375,1264.9000244140625,373,1275.357142857143,1277.4433349609376,1276.595109979373,44.08977351241132,-2.842351183179744,-0.5324627686802086,0.0009512311869142032,0.00823395244524482,6.2000732421875,-18.2999267578125,0
2017-12-07,1249.800048828125,1262.4000244140625,1243.9000244140625,1262.300048828125,358,1268.94287109375,1276.5900024414063,1273.0224351592067,39.2187903820313,-4.713443430761799,-1.3686589010965267,-0.010294583067259166,0.008602132041426666,18.5,-41.7999267578125,0
2017-12-11,1243.699951171875,1249.199951171875,1239.9000244140625,1248.4000244140625,146,1259.4571533203125,1275.0599975585938,1265.897728033471,33.65084409033426,-7.932272075802302,-3.501219119467662,-0.0012046258101667817,0.006153540146293941,9.2999267578125,-50.10009765625,0
2017-12-12,1238.5,1244.4000244140625,1236.5,1241.300048828125,692,1253.7000034877233,1273.8733317057292,1262.244697629008,27.14601367130453,-9.384600625754274,-4.677895420724985,-0.004181033509710552,0.005853329607623492,7.9000244140625,-56.199951171875,1
2017-12-13,1245.4000244140625,1254.5,1239.800048828125,1241.9000244140625,349,1249.5714285714287,1273.1533325195312,1259.9987412003486,24.218875595022382,-9.86508856062619,-5.715334048705227,0.005571275263675846,0.005520509995864736,14.699951171875,-36.699951171875,1
2017-12-15,1254.300048828125,1260.300048828125,1253.0999755859375,1253.0999755859375,578,1247.2428676060267,1271.7900024414062,1258.5226222099284,27.167694500500986,-8.993210178036406,-6.969900489585823,0.00039878766990586456,0.005703644139730786,7.2000732421875,-24.5,1
2017-12-19,1260.699951171875,1264.300048828125,1259.5,1261.0999755859375,329,1251.2285679408483,1271.023331705729,1259.2378685293463,37.01459061394946,-7.065282587263027,-7.137084660263862,-0.001188401250219795,0.005661365476558084,4.800048828125,-0.9000244140625,1
2017-12-21,1267.300048828125,1267.4000244140625,1264.300048828125,1266.4000244140625,226,1258.5428641183037,1270.2933349609375,1261.105780495723,42.281904487257215,-4.830231250444513,-6.478337585374073,0.0009478503003936822,0.0054243705520636174,3.0999755859375,17.5,1
2017-12-22,1275.4000244140625,1276.300048828125,1266.300048828125,1266.300048828125,119,1262.828578404018,1269.9533365885416,1263.011679684835,50.70420774089281,-3.2881678493990876,-5.840303638179076,0.006391521560681346,0.0056600935612187335,10.0,30.2000732421875,1
2017-12-27,1287.0,1287.0,1284.0,1284.0,456,1271.8285609654017,1270.6666666666667,1268.6469921420953,65.96301819458446,0.4178676825324601,-3.8699829232746445,0.0022584101465614737,0.005126990500240889,3.0,48.5,1
2017-12-28,1294.0999755859375,1294.0999755859375,1288.199951171875,1288.199951171875,245,1276.385707310268,1271.0866658528646,1272.0407232679408,81.68806243571228,2.3634022170745084,-2.623305895204814,0.005516686546960026,0.003971290350128116,5.9000244140625,48.699951171875,1
2017-12-29,1306.300048828125,1306.300048828125,1294.0,1294.199951171875,65,1282.9000069754463,1272.0800008138021,1276.6086333426322,89.41941784274194,4.833973268106092,-1.1318500625426329,0.009427458057607696,0.003947568021266599,12.300048828125,52.5,1
2018-01-08,1318.5999755859375,1319.9000244140625,1314.5999755859375,1319.9000244140625,41,1312.6571393694196,1277.6699991861979,1297.7681716697257,95.47373419087495,13.192268198266447,7.236126569432014,-0.0012876415809394137,0.0032370465779856523,5.300048828125,51.2999267578125,0
2018-01-09,1311.699951171875,1311.699951171875,1309.5999755859375,1309.5999755859375,16,1315.171421595982,1278.5033325195313,1299.6257422700123,85.50922617796645,13.085235471179203,8.405948349781452,-0.005232841302758584,0.0038932817667444585,2.0999755859375,36.2999267578125,1
2018-01-11,1320.5999755859375,1320.5999755859375,1316.300048828125,1317.0999755859375,9,1317.7428501674108,1280.1533325195312,1304.4762237598927,88.00547527274213,13.58430537549043,10.225782439166279,0.0024289897620870526,0.0037293677589103503,4.2999267578125,33.5999755859375,1
2018-01-17,1338.0,1338.0,1326.800048828125,1334.4000244140625,27,1325.0142822265625,1285.910001627604,1315.4161426293103,87.90426008622154,16.19904430494762,12.834371519128105,0.0019469638598204053,0.003908659207159553,11.199951171875,24.300048828125,0
2018-01-18,1326.0,1328.9000244140625,1326.0,1328.9000244140625,211,1326.0714285714287,1287.6333333333334,1316.827323612069,74.31415525114156,15.597640726710779,13.387025360644639,-0.008968609865470878,0.005047043204732276,2.9000244140625,9.800048828125,1
2018-01-22,1330.9000244140625,1330.9000244140625,1328.4000244140625,1328.4000244140625,162,1330.8857247488838,1292.2466674804687,1320.4454180338985,68.14152918787438,15.024193477334165,14.039632832489005,-0.000750807103888973,0.004569447751070142,2.5,10.5999755859375,1
2018-01-23,1335.699951171875,1335.9000244140625,1335.699951171875,1335.800048828125,47,1333.0428641183037,1295.1099975585937,1322.4793557856287,66.8711151052198,14.92627283710226,14.216960833411658,0.0036065269139398115,0.0044512928430185715,0.2000732421875,17.0999755859375,1
2018-01-24,1355.9000244140625,1357.199951171875,1355.9000244140625,1355.9000244140625,18,1336.2571498325892,1298.8,1326.9354449360867,73.94447806643608,16.29085626550409,14.631739919830144,0.015123211784551671,0.005808221482721138,1.2999267578125,44.2000732421875,1
2018-01-25,1362.4000244140625,1362.4000244140625,1346.699951171875,1356.300048828125,4,1340.114292689732,1302.7566691080729,1331.66405553315,74.94193884602748,17.69284207105511,15.243960350075138,0.0047938637679492135,0.005851481224222043,15.7000732421875,45.0,0
2018-01-26,1351.5999755859375,1352.0,1350.9000244140625,1351.5999755859375,280546,1342.0571463448662,1306.5266682942708,1334.3221782068551,66.28504432501369,17.72809381195225,15.740787042450561,-0.007927223014231655,0.006456727063217261,1.0999755859375,31.0,0
2018-01-31,1339.0,1346.9000244140625,1331.800048828125,1337.5,4881,1344.4142892020088,1312.3666666666666,1335.0704388965519,62.7213589957702,15.214106747022242,15.718745751128562,0.0026958031452164466,0.007193389268196534,15.0999755859375,3.5999755859375,1
2018-02-01,1344.300048828125,1350.5999755859375,1336.800048828125,1343.800048828125,1680,1346.328578404018,1315.3666666666666,1336.301053554095,62.58186074395501,14.643009815007645,15.50359856390438,0.003958214210698197,0.007182324351342808,13.7999267578125,6.300048828125,0
2018-02-05,1333.0,1340.199951171875,1329.0,1331.0999755859375,641,1342.7714320591517,1320.160001627604,1335.5603412493815,49.8042934797539,11.83323436416299,14.398246826724547,-0.0005248190728807112,0.007143710986610491,11.199951171875,1.0999755859375,0
2018-02-06,1326.0999755859375,1343.699951171875,1319.5,1338.199951171875,529,1337.5857107979912,1322.160001627604,1334.2989591609225,45.65824446865839,10.09036208107841,13.53666987759532,-0.005176312388644022,0.007257964862980287,24.199951171875,-4.800048828125,0
2018-02-07,1311.5999755859375,1331.0999755859375,1310.5,1325.4000244140625,491,1331.8714250837054,1323.6366658528646,1331.2724280175912,38.90756414583182,7.453178815629599,12.319971665202178,-0.010934318880138072,0.0077285882190284315,20.5999755859375,-24.0999755859375,1
2018-02-09,1313.0999755859375,1322.0,1311.9000244140625,1320.9000244140625,451,1325.528564453125,1325.9866658528647,1327.1886232769632,41.47004741016438,4.002401638515721,9.601241233073601,-0.0028856016080763824,0.00741336671509417,10.0999755859375,-49.300048828125,1
2018-02-13,1328.0999755859375,1329.5999755859375,1323.4000244140625,1324.5,71,1321.8571254185267,1328.3599975585937,1326.9647792526832,46.81743781737954,3.3647544259999904,7.3765847780388745,0.002945192990387202,0.007808804912450448,6.199951171875,-7.300048828125,1
2018-02-16,1353.199951171875,1361.4000244140625,1344.9000244140625,1354.0,110,1334.728550502232,1332.513330078125,1336.2250632663718,50.702975915284625,7.690235918143117,7.076838739972605,0.0008135312519776949,0.008378480354981314,16.5,19.5,0
2018-02-26,1330.699951171875,1340.5,1330.699951171875,1335.0,652,1336.228550502232,1334.5433268229167,1332.8988611941613,48.94006966445852,3.384603062828546,5.314115319132616,0.0018822467187973313,0.008842936283143967,9.800048828125,17.5999755859375,0
2018-02-28,1315.5,1321.0,1315.4000244140625,1315.4000244140625,58,1325.6142752511162,1333.77666015625,1328.5684779636147,51.906171655086084,0.4285382437899443,3.7648592062756814,0.0,0.00877029503461058,5.5999755859375,-12.5999755859375,0
2018-03-01,1302.9000244140625,1318.0999755859375,1301.800048828125,1310.4000244140625,43,1321.914271763393,1332.6933268229166,1325.146017490341,43.61313014984819,-1.6075880832097482,2.6903697483785955,-0.00957808862480991,0.009067466782968764,16.2999267578125,-52.5999755859375,1
2018-03-05,1318.0999755859375,1325.9000244140625,1318.0999755859375,1323.5,18,1318.8571254185267,1331.8666585286458,1323.7390026163562,47.36842659600127,-2.0502494723550626,1.0345586319049804,-0.00227083495226732,0.009589862134778655,7.800048828125,-35.0999755859375,1
2018-03-06,1333.5999755859375,1333.5999755859375,1321.4000244140625,1321.5999755859375,18,1319.6285574776787,1331.9233235677084,1325.0537990123005,52.15686687512806,-1.039228926772239,0.6198011201695366,0.01175935079818946,0.010094444343637758,12.199951171875,4.7999267578125,0
2018-03-07,1326.0,1338.0999755859375,1326.0,1338.0999755859375,27,1318.9571358816963,1331.759989420573,1325.1799591439938,36.304512420149706,-0.8415416067264232,0.3275325747903447,-0.005698842025396944,0.00832061908941276,12.0999755859375,-4.0,0
2018-03-12,1319.4000244140625,1319.4000244140625,1319.4000244140625,1319.4000244140625,0,1322.9285714285713,1328.6833251953126,1323.559288592332,44.80085881534795,-1.4600699575528324,-0.4658068451798491,-0.0022686024989519993,0.006948610157167332,0.0,-11.2999267578125,1
2018-03-14,1324.4000244140625,1324.4000244140625,1322.199951171875,1322.199951171875,19,1324.5142996651787,1327.4599934895834,1323.941871730185,46.79091067624023,-0.9711464209613041,-0.6725107151612387,-0.0011313070158988081,0.007093619409134507,2.2000732421875,8.9000244140625,0
2018-03-15,1316.800048828125,1316.800048828125,1316.800048828125,1316.800048828125,0,1322.1143101283483,1326.7199951171874,1322.9896286765772,44.400823076849285,-1.4449963261083667,-0.8270078373506644,-0.0057384290590751785,0.007233903371736976,0.0,13.9000244140625,0
2018-03-16,1311.300048828125,1311.300048828125,1310.0999755859375,1310.0999755859375,34,1320.0143171037946,1325.6199951171875,1321.431018030117,40.74430415133019,-2.2385254959403937,-1.1093113690686103,-0.004176792068693147,0.007255750557977129,1.2000732421875,-9.7999267578125,1
2018-03-19,1316.800048828125,1316.9000244140625,1307.300048828125,1309.4000244140625,6,1319.5714634486608,1325.0566650390624,1320.8135554698515,50.683517786865664,-2.395979683176847,-1.3666450318902577,0.004194310832913661,0.006714394405358373,9.5999755859375,-1.2999267578125,0
2018-03-20,1311.0999755859375,1311.0999755859375,1311.0999755859375,1311.0999755859375,4,1317.9571707589287,1324.3266642252604,1319.5184114853298,47.81744662144733,-2.9467433114919004,-1.6826646878105862,-0.004328731037988809,0.006817799860854776,0.0,-22.5,1
2018-03-21,1320.699951171875,1328.800048828125,1312.4000244140625,1312.4000244140625,34,1318.1428745814733,1324.1466634114583,1319.6759501102026,59.10017386919495,-2.5788621380856966,-1.8619041778656085,0.007322077465257593,0.006522764890747826,16.4000244140625,-5.300048828125,1
2018-03-22,1326.5999755859375,1326.5999755859375,1326.5999755859375,1326.5999755859375,0,1318.2428676060267,1324.6466634114583,1320.5991535069672,53.216374269005854,-1.7905901869951322,-1.8476413796915134,0.00446734658302006,0.005479236557808087,0.0,6.699951171875,1
2018-03-23,1349.300048828125,1349.300048828125,1343.199951171875,1343.199951171875,8,1321.800013950893,1325.7266642252605,1324.4259395497884,64.82892182515877,0.6582394371619102,-1.3464652163208288,0.017111468159164644,0.007011276676477462,6.10009765625,26.9000244140625,1
2018-03-26,1354.4000244140625,1354.4000244140625,1345.0999755859375,1348.5,10,1327.1714390345983,1327.1033325195312,1328.4224841983582,60.970484237743406,2.9761725006969755,-0.48193767291726786,0.0037797194110877896,0.006430475255467897,9.300048828125,35.0,0
2018-03-27,1341.300048828125,1341.300048828125,1341.0,1341.0,290889,1331.4571533203125,1327.6733357747396,1330.1394928156606,57.62713927205723,3.7132881305064984,0.3571074877674854,-0.00967216136281801,0.006830084957198855,0.300048828125,15.4000244140625,0
2018-03-29,1322.800048828125,1327.0999755859375,1321.699951171875,1324.0,5585,1334.1857212611608,1326.4533365885416,1328.4745532495963,50.181499159797916,2.0903952161581856,1.1081275710647556,-0.001057168400067643,0.007621984027880145,5.4000244140625,6.0,1
2018-04-02,1342.0999755859375,1344.199951171875,1324.699951171875,1327.0,649,1337.2428676060267,1326.1200032552083,1330.2912762277751,58.972312716156125,2.984105706553237,1.4833231981624517,0.014590207170698477,0.008508007370583598,19.5,30.7999267578125,0
2018-04-04,1335.800048828125,1347.300048828125,1331.5999755859375,1331.800048828125,718,1336.2000209263392,1325.67333984375,1331.3156818527514,54.357809937910226,3.0553024951998395,2.0257353188844442,0.002250900277680712,0.008703026998444267,15.7000732421875,24.7000732421875,0
2018-04-05,1324.300048828125,1333.699951171875,1322.5999755859375,1333.5,258,1331.9000244140625,1325.4833414713542,1330.3802641161346,52.783965374430664,2.218180408505077,2.0642243368085706,-0.00860907289986157,0.008896715231410278,11.0999755859375,3.60009765625,1
2018-04-06,1331.9000244140625,1333.0,1319.0,1326.5,348,1330.557163783482,1325.5266764322917,1330.582898822525,57.52923487393645,2.143302975260667,2.08004006449899,0.0057388622711769255,0.008895385306382462,14.0,5.300048828125,1
2018-04-09,1336.300048828125,1337.5,1327.0,1333.0,290,1332.2857491629463,1325.7966796875,1331.3451854899383,57.184969423939464,2.411212313011447,2.1462745142014814,0.003303569587363109,0.008875103480198484,10.5,-13.0,1
2018-04-10,1342.0,1342.0,1333.0,1335.199951171875,105,1335.028599330357,1326.1733479817708,1332.7658274246132,61.38543232465526,3.0483315478886652,2.3266859209389184,0.00426547254628451,0.008768268437451248,9.0,-12.4000244140625,1
2018-04-11,1356.5,1365.4000244140625,1340.0999755859375,1340.0999755859375,118,1337.0857456752233,1327.5400146484376,1335.9303837679981,62.73118283304132,4.669455375237931,2.795239811798721,0.0108047690014903,0.008986696010263669,25.300048828125,15.199951171875,0
2018-04-12,1338.4000244140625,1351.5,1334.5999755859375,1351.199951171875,34,1337.8857421875,1328.303348795573,1336.2596691874733,53.861277457866514,4.442480772998351,3.1246880040386475,-0.013343144552847352,0.009824471684629443,16.9000244140625,14.2000732421875,1
2018-04-18,1351.199951171875,1354.199951171875,1343.5,1343.5,45,1346.7999965122767,1332.1366821289062,1341.382878241577,62.47692842282924,5.753575161850449,4.4200455999476445,0.002969121247755835,0.007356893543149252,10.699951171875,15.39990234375,0
2018-04-19,1346.800048828125,1355.199951171875,1341.5999755859375,1348.5999755859375,387,1347.4857177734375,1332.8300170898438,1342.1051676531167,60.791395337604335,5.673033110264441,4.670643102011004,-0.0032562925568003775,0.007437985598983759,13.5999755859375,22.5,0
2018-04-20,1336.699951171875,1343.4000244140625,1335.300048828125,1342.5,310,1344.6571393694196,1333.3900146484375,1341.3844721222847,47.35292604086009,4.739574617380413,4.684429405084886,-0.007499329737208016,0.0067118246104504176,8.0999755859375,4.7999267578125,0
2018-04-23,1322.5,1334.4000244140625,1322.5,1334.0,68,1342.385707310268,1333.3933471679688,1338.86654250598,45.18238623127834,2.82146060933178,4.3118356459342655,-0.01062314033858236,0.0070575631151855315,11.9000244140625,-13.800048828125,1
2018-04-24,1331.4000244140625,1331.699951171875,1326.199951171875,1326.4000244140625,28,1340.4714181082588,1333.7933471679687,1337.871006760391,48.049633301841766,1.996484794354501,3.8487654756183125,0.006729697099480125,0.007291005151911439,5.5,-10.5999755859375,0
2018-04-25,1321.199951171875,1325.0,1320.0,1324.0,278,1336.7142682756696,1333.6366780598958,1335.6481993485888,48.60982167881166,0.5137032015416025,3.1817530208029705,-0.007661163478404176,0.007210978641529834,5.0,-35.300048828125,0
2018-04-26,1316.300048828125,1316.300048828125,1315.699951171875,1315.699951171875,569,1332.2999965122767,1333.366678873698,1333.0684459458603,42.83088874652329,-1.0447498367907428,2.336452449284228,-0.0037086758438069634,0.007058630456022437,0.60009765625,-22.0999755859375,1
2018-04-27,1320.300048828125,1321.699951171875,1312.800048828125,1315.300048828125,622,1327.8857247488838,1333.4833455403646,1331.365992996829,42.6199195506367,-1.9347657518740107,1.4822088090525805,0.003038820824751154,0.007047084209521216,8.89990234375,-24.5,0
2018-04-30,1316.199951171875,1316.199951171875,1309.5999755859375,1309.5999755859375,49,1323.5142822265625,1333.6466756184896,1329.343854086835,37.9213309772707,-2.937096373000486,0.5983477726419673,-0.003105428693946588,0.00691057730225689,6.5999755859375,-31.300048828125,0
2018-05-02,1302.5999755859375,1309.300048828125,1302.5999755859375,1309.0,23,1315.971435546875,1332.9300089518229,1322.8262750123758,29.612739795733944,-6.084542357229111,-1.5824607700562625,-0.0009204427038226326,0.005477379194706705,6.7000732421875,-48.5999755859375,1
2018-05-09,1311.300048828125,1311.300048828125,1311.300048828125,1311.300048828125,70,1309.3285609654017,1328.4833374023438,1317.1831160509857,28.22085889570552,-6.46453876382202,-4.893703899891815,-0.0005334993688071998,0.00545345084345544,0.0,-9.89990234375,1
2018-05-14,1316.5,1319.9000244140625,1316.5,1319.9000244140625,4,1314.9285714285713,1327.3900065104167,1317.6642140645695,38.00319623842445,-4.657834440309671,-4.951042837593609,-0.0018953752843062777,0.00456988198338586,3.4000244140625,0.300048828125,0
2018-05-23,1289.300048828125,1289.300048828125,1289.300048828125,1289.300048828125,10,1289.8142613002233,1316.3599934895833,1300.115723106534,30.18518602243391,-10.049952792304339,-8.47002639863409,-0.001857941034659527,0.006152639338056507,0.0,-22.0,1
2018-05-25,1303.300048828125,1303.300048828125,1303.300048828125,1303.300048828125,1,1293.7999790736608,1313.8199910481771,1300.9544773347411,43.28811362372636,-7.887886355985074,-8.418635417309162,-0.00030674415795639565,0.006962676102326504,0.0,-15.699951171875,0
2018-05-31,1300.0999755859375,1306.800048828125,1296.5999755859375,1301.0,4082,1298.3285609654017,1308.966658528646,1300.6777953227236,34.002992334266,-6.182079086701378,-7.563613153168394,-0.0010757006638973943,0.006688403857735202,10.2000732421875,9.9000244140625,0
2018-06-04,1293.0999755859375,1297.0999755859375,1290.0,1293.9000244140625,144,1299.3142787388392,1305.7799926757812,1298.9882130962208,32.64087485216585,-6.162211194170368,-7.054609532029792,-0.0013130006009237638,0.006733395520981717,7.0999755859375,2.9000244140625,1
2018-06-13,1296.9000244140625,1299.4000244140625,1290.9000244140625,1294.0,135,1297.4714181082588,1300.7999877929688,1297.9456862207421,58.63631193317224,-3.878485203152877,-4.981778685336484,0.0013898917937285038,0.003753715277356607,8.5,-4.5999755859375,1
2018-06-14,1304.0,1307.699951171875,1297.199951171875,1297.199951171875,42,1298.3999895368304,1300.8466552734376,1298.7529280579765,50.40878369388787,-3.0803521428740623,-4.601493376844,0.005474574332855919,0.0026449444885044194,10.5,3.9000244140625,0
2018-06-19,1275.5999755859375,1281.800048828125,1269.9000244140625,1278.699951171875,34,1288.7571323939733,1297.2066569010417,1290.6408724924815,28.595064333951413,-6.775635168477493,-5.265578214644773,-0.0004701266328889231,0.0065389519192384955,11.9000244140625,-21.9000244140625,0
2018-06-20,1271.199951171875,1274.4000244140625,1271.199951171875,1274.4000244140625,7,1284.7999790736608,1295.8466552734376,1288.0487496497342,27.244119009675245,-7.73282880623583,-5.759028332962984,-0.00344937637055176,0.006560226286915657,3.2000732421875,-25.9000244140625,0
2018-06-25,1265.5999755859375,1271.199951171875,1265.5999755859375,1270.5999755859375,37,1271.1142578125,1290.816650390625,1280.5815362997675,22.547414997573313,-9.915637663314783,-7.545825050551506,-0.0014202688917867023,0.006405555357893575,5.5999755859375,-33.300048828125,0
2018-06-26,1256.5999755859375,1267.199951171875,1256.5999755859375,1267.199951171875,89,1268.5428292410713,1288.8199829101563,1277.383994871257,19.640268810119906,-10.950444976944027,-8.22674903583001,-0.007111251717457745,0.006543732206555427,10.5999755859375,-38.5,0
2018-06-27,1252.800048828125,1255.5,1252.300048828125,1255.5,1162,1265.199986049107,1287.616650390625,1274.1061353988393,16.69099799798026,-11.939528112439802,-8.96930485115197,-0.003023974877956359,0.006468227910211209,3.199951171875,-44.0999755859375,0
2018-06-29,1251.300048828125,1253.300048828125,1249.0999755859375,1250.300048828125,48,1258.3857247488838,1284.9733235677083,1268.0255094079062,18.68427688714779,-13.363185606396428,-10.489351937596263,0.0028049365788109792,0.0065641174090411165,4.2000732421875,-23.2999267578125,0
2018-07-02,1239.800048828125,1249.9000244140625,1239.800048828125,1249.9000244140625,29,1254.4714529854912,1283.2933268229167,1264.2621146639353,16.965425109126684,-14.430650122225188,-11.277611574522048,-0.009190441581753306,0.006794370925297561,10.0999755859375,-36.39990234375,1
2018-07-03,1251.5999755859375,1254.0999755859375,1237.0,1238.0999755859375,36,1252.2143031529017,1282.006660970052,1262.5738294535356,25.827069138472353,-14.16122616822281,-11.8543344932622,0.009517604688728643,0.007515607184618004,17.0999755859375,-24.0,1
2018-07-06,1254.300048828125,1255.5,1254.300048828125,1255.5,7,1250.7000383649554,1279.6933308919272,1260.8612440534334,34.597936845770974,-12.773340232518194,-12.27489025540691,-0.0023860652855268727,0.004744032855721682,1.199951171875,-12.89990234375,1
2018-07-09,1258.0999755859375,1262.300048828125,1257.699951171875,1258.199951171875,37,1251.4571707589287,1278.1733317057292,1260.493074924434,36.71073269101501,-11.88534386451147,-12.196980977227824,0.003029519740003872,0.004835631518748791,4.60009765625,-9.300048828125,0
2018-07-10,1253.800048828125,1256.9000244140625,1249.300048828125,1256.199951171875,65,1252.3143136160713,1276.523331705729,1259.600671444926,34.81897702253542,-11.397188800576487,-12.037022541897556,-0.003417794166802879,0.004874383672832491,7.5999755859375,-11.7999267578125,0
2018-07-12,1245.0,1246.699951171875,1240.9000244140625,1240.9000244140625,7,1251.8428780691963,1272.7766682942708,1255.7125099721056,35.509142542063344,-11.738891362932918,-11.93344734155162,0.0017701569725150357,0.005307290873065271,5.7999267578125,-7.800048828125,0
2018-07-16,1238.0999755859375,1243.800048828125,1238.0999755859375,1242.699951171875,2,1247.3857247488838,1268.869999186198,1251.5022791915483,33.12878381657346,-12.218513377090858,-12.003911114246716,-0.0012100677876272226,0.005352199154054138,5.7000732421875,-13.2000732421875,0
2018-07-18,1226.300048828125,1226.699951171875,1222.199951171875,1226.699951171875,67,1238.7571498325892,1264.25,1245.1603794608184,33.78212005032228,-13.81661454081518,-12.561974089937157,0.0004895958881911966,0.005650730623248141,4.5,-25.2999267578125,0
2018-07-19,1222.4000244140625,1228.0,1211.699951171875,1227.199951171875,33,1234.2714320591517,1261.7600016276042,1242.1256654545844,34.24315626064897,-14.433063917315849,-12.936192055412896,-0.0031803182408656205,0.005627466841255926,16.300048828125,-34.9000244140625,1
2018-07-20,1229.5,1229.5,1229.5,1229.5,0,1232.3714250837054,1259.4533365885416,1240.4422433939733,37.05459532653102,-14.185177895840525,-13.185989223498423,0.005808225985058257,0.00585492069568343,0.0,-24.800048828125,0
2018-07-24,1223.9000244140625,1223.9000244140625,1223.9000244140625,1223.9000244140625,0,1227.1285749162946,1254.4833374023438,1236.3366216266816,29.172969043703006,-14.178367429323544,-13.557595739422668,-8.167940027570264e-05,0.004614462298045161,0.0,-29.9000244140625,1
2018-07-25,1231.4000244140625,1231.4000244140625,1231.4000244140625,1231.4000244140625,0,1226.1714390345983,1252.3600056966145,1235.6784086649989,31.039493273614738,-13.348230238133056,-13.515722639164746,0.006127951507796325,0.00479135884026679,0.0,-11.4000244140625,0
2018-07-31,1223.699951171875,1228.0999755859375,1213.0,1220.4000244140625,2722,1224.6000104631696,1243.7333414713542,1230.2092104040928,33.730738037307376,-12.18724465231685,-12.979805214478676,0.001965039095882082,0.004322719500113035,15.0999755859375,-2.0,0
2018-08-01,1217.9000244140625,1223.699951171875,1214.4000244140625,1222.9000244140625,1026,1223.7285853794642,1241.810009765625,1228.567985605422,28.250395308418945,-12.134821446598835,-12.81080846090271,-0.004739664124574161,0.004340670154611866,9.2999267578125,-8.4000244140625,0
2018-08-03,1214.199951171875,1218.5999755859375,1205.0999755859375,1206.5,784,1219.3714250837054,1238.0233439127603,1224.57594430092,31.975828946714316,-12.423466635548493,-12.689658845829793,0.0029737119267618795,0.00461494673050822,13.5,-15.300048828125,0
2018-08-10,1211.0999755859375,1216.4000244140625,1205.5999755859375,1212.5,75,1211.228550502232,1230.1433390299478,1217.6134137907243,36.534359510187436,-11.345939720802107,-12.186342154588896,-0.0006601607492431327,0.003510036641197273,10.800048828125,-11.5,0
2018-08-14,1193.0,1197.5,1192.800048828125,1193.0999755859375,92,1205.4428536551338,1226.5833374023437,1211.2909697785053,18.93185952755782,-13.10087767347477,-12.417155444673071,0.0014269714615955387,0.005030932351184683,4.699951171875,-30.699951171875,0
2018-08-17,1176.5,1181.199951171875,1174.699951171875,1174.699951171875,66,1191.0714285714287,1218.8166666666666,1199.2131086104914,17.4417325517026,-16.54490171078851,-14.078059389033333,0.00025510018753704955,0.0058247632200304905,6.5,-37.699951171875,1
2018-08-20,1186.800048828125,1190.0,1184.4000244140625,1184.800048828125,68,1187.4857177734375,1216.4400024414062,1197.5580339728426,25.94528954714592,-16.090214610360135,-14.480490433298694,0.008754822633340487,0.006483948649800693,5.5999755859375,-21.7999267578125,1
2018-08-21,1192.5999755859375,1192.5999755859375,1189.800048828125,1189.800048828125,22,1184.8428606305804,1214.4,1196.8969595212552,33.50712846515981,-15.087941789055321,-14.601980704450021,0.004887029422976141,0.006696862690912384,2.7999267578125,-17.0,1
2018-08-22,1196.300048828125,1196.300048828125,1194.699951171875,1194.699951171875,17,1185.5571463448662,1212.85,1196.8173714288378,40.21892507952942,-13.835580410718421,-14.448700645703703,0.00310252667946731,0.006666156686863459,1.60009765625,-16.2999267578125,0
2018-08-23,1187.0,1190.300048828125,1184.9000244140625,1189.300048828125,95,1184.7000034877233,1210.9166666666667,1195.5083885716595,32.741158427958425,-13.438599403601529,-14.246680397283267,-0.007774010238681517,0.006811981330814836,5.4000244140625,-24.9000244140625,1
2018-08-29,1204.5,1205.199951171875,1202.4000244140625,1205.199951171875,817,1200.44287109375,1207.5000040690104,1200.369237399866,46.10525531294291,-7.016432469455822,-10.91412001466208,-0.0024018753978987117,0.008251006370324068,2.7999267578125,27.0,0
2018-08-31,1200.300048828125,1208.199951171875,1199.0999755859375,1207.0999755859375,191,1201.7428676060267,1205.7033365885416,1200.051561403955,55.36990962749748,-6.130942117361201,-9.279850916886604,0.0021709090442110224,0.0070808306374873205,9.0999755859375,23.800048828125,0
2018-09-06,1197.9000244140625,1202.0,1197.9000244140625,1202.0,7,1199.3428606305804,1202.5766682942708,1198.4331509358208,63.892409960003064,-5.639320040491839,-7.649669320572927,0.002510670297685369,0.006259582046547701,4.0999755859375,1.5999755859375,0
2018-09-11,1195.4000244140625,1196.300048828125,1190.4000244140625,1190.4000244140625,21,1195.4000069754463,1199.6699991861979,1196.916869730481,52.02900653160006,-5.206404046954049,-6.553545954061193,0.0020117555859702207,0.005883875257209031,5.9000244140625,-13.5999755859375,1
2018-09-13,1202.0,1203.4000244140625,1200.0,1203.4000244140625,22,1197.357142857143,1198.5066650390625,1198.4939987329778,61.029372165914495,-3.519005645800007,-5.5646514945567755,-0.002241181440447937,0.005780291203440353,3.4000244140625,-2.5,0
2018-09-14,1195.0,1195.0,1195.0,1195.0,1,1197.3714250837054,1197.9866658528647,1198.0281322352473,39.85636516647089,-3.530300557348255,-5.157781307115072,-0.005823627287853572,0.004013225708310763,0.0,-2.699951171875,1
2018-09-18,1196.800048828125,1198.699951171875,1196.800048828125,1198.699951171875,2,1198.0857107979912,1197.110001627604,1198.0575757469749,41.01698842817211,-3.0013921513786954,-4.401097446322528,-0.0024171896822345884,0.004157488338022193,1.89990234375,4.10009765625,1
2018-09-19,1202.199951171875,1202.199951171875,1202.199951171875,1202.199951171875,0,1199.3999895368304,1196.8633341471354,1198.6098924702949,48.13004160315041,-2.4403715285716316,-4.008952262772349,0.004511950303676349,0.004336528655579806,0.0,7.2999267578125,1
2018-09-20,1206.199951171875,1206.199951171875,1206.199951171875,1206.199951171875,0,1200.942836216518,1196.65,1199.6219002971723,57.24021045188928,-1.6539266357335691,-3.537947137364593,0.003327233540561192,0.0041157491607920595,0.0,8.2999267578125,0
2018-09-25,1200.0,1202.800048828125,1200.0,1202.0999755859375,21,1200.05712890625,1196.023331705729,1199.2924199976148,54.24292710074603,-1.4910823403379254,-2.610353729939902,0.0005836330721065153,0.004386227502972012,2.800048828125,4.5999755859375,0
2018-09-26,1194.0,1194.0,1194.0,1194.0,17857,1199.2428501674108,1196.0566650390624,1198.5867639979328,46.909634696747815,-1.807752991758889,-2.4498335823036994,-0.0050000000000000044,0.004552926698560723,0.0,-10.699951171875,0
2018-09-27,1182.300048828125,1197.300048828125,1180.5,1194.5999755859375,4947,1197.171421595982,1196.2166666666667,1196.415201975292,41.98582591817265,-2.968585043001667,-2.553583874443293,-0.009798954080297295,0.005167100047688127,16.800048828125,-19.699951171875,1
2018-09-28,1191.5,1191.9000244140625,1180.0,1181.699951171875,404,1195.642857142857,1196.726668294271,1195.7598417119198,49.051828440208396,-3.110339576070828,-2.6649350147688002,0.0077814013295471884,0.005640030418184338,11.9000244140625,-3.5,0
2018-10-01,1187.0999755859375,1191.5999755859375,1185.800048828125,1191.5999755859375,180,1192.9142892020088,1197.0800008138021,1194.605192895122,44.88280591479421,-3.536954453232056,-2.839338902461452,-0.003692844661403738,0.005683567192508073,5.7999267578125,-12.5999755859375,1
2018-10-02,1202.4000244140625,1206.0,1190.300048828125,1193.0,451,1193.800013950893,1197.6,1195.644503764314,48.67971650448971,-2.6103729894680328,-2.793545719862768,0.012888593330627529,0.006376613188964963,15.699951171875,5.5999755859375,0
2018-10-04,1197.199951171875,1204.5999755859375,1197.199951171875,1199.300048828125,496,1193.2571498325892,1197.819999186198,1196.1587597371401,51.33169193300013,-1.9088007905286304,-2.518706953275581,-0.0009180485783387704,0.006214186231862712,7.4000244140625,-9.0,1
2018-10-05,1201.199951171875,1205.300048828125,1196.9000244140625,1197.0999755859375,34,1194.2857142857142,1198.293330891927,1196.8309185951048,50.91575200767896,-1.3541227332182189,-2.285790109264109,0.003341129437972823,0.00618842399908815,8.4000244140625,5.0,0
2018-10-10,1189.300048828125,1192.0,1189.300048828125,1189.300048828125,1078,1194.2857142857142,1196.233329264323,1193.4689598029886,40.744855802013554,-2.8459245189872036,-2.4576194102743174,0.0017689502549060876,0.007079289881858452,2.699951171875,-4.699951171875,1
2018-10-11,1223.5,1224.5999755859375,1196.300048828125,1198.0999755859375,126,1197.2999965122767,1196.8666625976562,1197.4730984959233,61.818202955898265,-0.20528881965924484,-2.007153292151303,0.028756369097582946,0.010320210579775457,28.2999267578125,41.199951171875,0
2018-10-12,1218.0999755859375,1221.5999755859375,1216.0,1221.5999755859375,122,1200.1285574776787,1197.5466634114584,1200.2233487745918,57.97960035937191,1.4351535991443143,-1.3186919138921795,-0.004413587588118051,0.010440796966603801,5.5999755859375,26.5999755859375,1
2018-10-19,1225.300048828125,1225.300048828125,1225.300048828125,1225.300048828125,55,1224.4000069754463,1202.5399983723958,1213.2736559405762,68.61598023083852,7.103901580975162,3.5663953124618404,-0.000978353992560077,0.009717760757533634,0.0,24.10009765625,0
2018-10-22,1221.199951171875,1224.5,1219.5999755859375,1224.5,18,1224.0714285714287,1203.4799967447916,1214.3304953047493,60.28439361015878,7.076059492024342,4.268328148374341,-0.0033461988842417023,0.00931853875046475,4.9000244140625,36.7999267578125,1
2018-10-23,1233.4000244140625,1237.800048828125,1224.800048828125,1224.800048828125,33,1226.2571498325892,1204.7466634114583,1216.8730991859911,67.63811376911252,7.946832250861235,5.00402896887172,0.009990233974772167,0.009500709118379608,13.0,46.2000732421875,0
2018-10-26,1232.5,1234.800048828125,1232.5,1234.300048828125,20,1227.971435546875,1207.6699991861979,1221.4638832278652,77.36053960745974,8.492380726028387,6.610978186436994,0.0027662716472203197,0.008508406527827675,2.300048828125,14.4000244140625,0
2018-10-30,1222.5999755859375,1227.699951171875,1219.800048828125,1227.699951171875,72,1227.2999965122767,1209.3566650390626,1221.966202369277,67.92240607905771,7.324211514879153,6.97159917830173,-0.001551673674203724,0.00892915530546789,7.89990234375,-4.7000732421875,0
2018-10-31,1212.300048828125,1216.5999755859375,1212.0,1216.0,121,1226.0285818917412,1209.6933349609376,1220.6773818971235,41.88412206988058,5.910539141454137,6.759387170932212,-0.0084246090000748,0.0050484298911740106,4.5999755859375,-11.39990234375,1
2018-11-01,1236.0,1236.0,1215.4000244140625,1215.4000244140625,14,1226.4000069754463,1210.686669921875,1222.7203976441738,60.25199849544789,6.626198895171456,6.7327495157800605,0.01954957536691082,0.0072532242142005834,20.5999755859375,9.5,0
2018-11-05,1229.800048828125,1231.5,1226.699951171875,1230.5999755859375,15,1226.94287109375,1212.8600056966145,1224.6095524509988,51.48279866663963,6.601789189975079,6.702046021537211,-0.0008936351971079448,0.007180685801621331,4.800048828125,8.60009765625,0
2018-11-08,1222.9000244140625,1222.9000244140625,1222.9000244140625,1222.9000244140625,2,1225.9857352120537,1216.0800048828125,1224.484324498403,48.642516753639676,4.974148498323302,6.085118355350306,-0.0026911816092136664,0.007288644976319512,0.0,-6.199951171875,0
2018-11-09,1206.4000244140625,1207.9000244140625,1206.4000244140625,1207.9000244140625,14,1225.1428745814733,1216.5766723632812,1222.0730844871578,42.658743374213294,3.115718960832737,5.491238476446792,-0.013492517516226044,0.00809448695299197,1.5,-26.0999755859375,0
2018-11-13,1199.199951171875,1201.300048828125,1196.300048828125,1196.300048828125,5,1215.6571568080358,1216.943339029948,1216.6228937022984,34.14623583736176,-0.4513923869130849,3.618888866719533,-0.0017481874393484587,0.007461448831453744,5.0,-23.4000244140625,1
2018-11-14,1207.9000244140625,1207.9000244140625,1207.9000244140625,1207.9000244140625,0,1212.5285818917412,1217.263338216146,1215.459844463867,39.139352976343844,-1.059638354594881,2.6831834224566506,0.0072548979289781546,0.00781048945490269,0.0,-4.4000244140625,1
2018-11-15,1212.800048828125,1212.800048828125,1212.800048828125,1212.800048828125,0,1210.9571533203125,1217.783341471354,1215.1052050457681,40.06055484796003,-1.1332235514621516,1.9199020276728904,0.004056647334235608,0.007868468893644254,0.0,-23.199951171875,1
2018-11-19,1223.0999755859375,1223.0999755859375,1223.0999755859375,1223.0999755859375,0,1210.2143031529017,1219.7266764322917,1216.8292452881965,50.251256897909705,0.11478124000836942,1.165327960984896,0.0018839504143370878,0.007966048119523728,0.0,-6.7000732421875,0
2018-11-20,1219.0,1228.800048828125,1219.0,1225.300048828125,12,1212.0142996651787,1220.7866780598958,1217.1186792497704,53.590549409141815,0.29924633512587206,0.9921116358130914,-0.0033521181160790503,0.007660004629424286,9.800048828125,-4.800048828125,1
2018-11-21,1225.800048828125,1225.800048828125,1225.800048828125,1225.800048828125,0,1215.5142996651787,1222.0033447265625,1218.276195193551,43.32463075281049,0.982814092973058,0.9902521272450848,0.005578382959905648,0.005612719579891509,0.0,-0.39990234375,0
2018-11-26,1220.199951171875,1222.0,1220.199951171875,1220.199951171875,2,1220.3857247488838,1221.990010579427,1218.847446768295,43.667485836309936,1.1584508350163105,1.045333582676994,-0.0006552406454750637,0.00560203776791972,1.800048828125,13.7999267578125,0
2018-11-27,1211.199951171875,1222.0,1211.199951171875,1221.9000244140625,5,1220.1571393694196,1221.4833414713542,1217.8277806887725,42.005019131566314,0.45408586512962756,0.9270840391675208,-0.0073758403213805,0.005787317249448809,10.800048828125,9.89990234375,1
2018-11-29,1224.0999755859375,1228.699951171875,1220.5,1221.0,55478,1220.385707310268,1221.3000081380208,1219.0768659499836,50.69764404965693,1.1191021021484175,0.9308724866421627,0.0022105380038535127,0.006247126505317834,8.199951171875,16.199951171875,0
2018-11-30,1220.199951171875,1225.0,1216.0999755859375,1224.0999755859375,2060,1220.55712890625,1221.0900065104167,1219.2266106462357,59.40046067238211,1.1151781430887695,0.9677336179314842,-0.003186034222568912,0.005008014321943059,8.9000244140625,7.39990234375,1
2018-12-03,1233.9000244140625,1234.0999755859375,1221.300048828125,1222.5,751,1221.7142682756696,1221.3766723632812,1221.1830658152794,69.87794511921899,2.1922785689216653,1.2126426081295205,0.011227728069510334,0.005489077305902099,12.7999267578125,13.0999755859375,1
2018-12-06,1238.0999755859375,1244.4000244140625,1234.800048828125,1237.5,434,1227.1428397042412,1222.196671549479,1225.7401633581987,68.55030517523207,4.396936236131296,2.2291637190877873,-0.002417210586587615,0.005432350137183641,9.5999755859375,19.0999755859375,1
2018-12-13,1242.699951171875,1243.5,1241.0,1243.5,194,1242.671421595982,1224.9633382161458,1234.9190949133563,61.55938667886807,7.149501098571136,5.26511245438611,-0.0013661790492072168,0.00534848024670604,2.5,21.2999267578125,0
2018-12-14,1237.0,1241.699951171875,1234.0999755859375,1241.699951171875,33,1242.0857107979912,1225.786669921875,1235.196548924909,60.810775143927025,6.675808992236853,5.547251761956259,-0.004586747723374307,0.0053986046150373765,7.5999755859375,12.9000244140625,1
2018-12-19,1252.0999755859375,1255.800048828125,1252.0999755859375,1255.800048828125,268,1244.9571358816963,1227.519999186198,1240.2906655439058,72.21411561861825,7.852001042063421,6.501408632358084,0.0023215053853804513,0.004796897634860509,3.7000732421875,11.0,1
2018-12-20,1263.5999755859375,1263.5999755859375,1243.199951171875,1243.199951171875,49,1248.05712890625,1228.8466634114584,1243.39857354951,75.35296901394327,9.017571337934442,7.004641173473356,0.00918457010161533,0.005190420222947975,20.4000244140625,25.5,0
2018-12-21,1253.800048828125,1261.300048828125,1253.800048828125,1260.300048828125,96,1249.3999895368304,1229.7666666666667,1244.785436919992,70.04777928301942,9.046242553871934,7.412961449553071,-0.007755561053464088,0.005681290390098666,7.5,7.0,1
2018-12-26,1269.199951171875,1277.4000244140625,1269.199951171875,1269.300048828125,63,1257.5428466796875,1233.3466634114584,1250.665499442822,67.94380706948348,10.87254027217773,8.528161505631601,0.0013411843565089843,0.005531797712326063,8.2000732421875,27.2999267578125,1
2019-01-02,1281.0,1286.0,1277.5999755859375,1286.0,149,1272.4285888671875,1243.1899983723958,1263.1429561197242,75.48895873950583,13.94933063707299,11.341115397044772,0.0021121419609975156,0.005204579423531543,8.4000244140625,33.5999755859375,1
2019-01-03,1291.800048828125,1292.0,1286.699951171875,1286.800048828125,10,1277.8571602957588,1245.5566650390624,1266.9639018141777,77.88240734490944,15.001622107416097,12.073216739119037,0.008430951466139813,0.005460434507166643,5.300048828125,42.60009765625,0
2019-01-04,1282.699951171875,1294.199951171875,1275.300048828125,1294.199951171875,34,1280.0285818917412,1247.543330891927,1269.0620417285375,71.64504452136234,14.929174618925344,12.644408315080298,-0.0070445094536923936,0.005971665771405416,18.89990234375,30.5999755859375,1
2019-01-08,1283.199951171875,1283.199951171875,1278.199951171875,1280.5,54,1283.3857247488838,1251.7166625976563,1272.9968215858237,71.3094492457083,14.649380221902675,13.426994012325743,-0.002797713335128127,0.005579445576030419,5.0,29.39990234375,1
2019-01-09,1289.300048828125,1289.300048828125,1279.199951171875,1279.4000244140625,102,1284.7285853794642,1253.9933308919271,1275.1705852181306,72.7066617267293,14.671352910486803,13.675865791957955,0.004753816932956623,0.005622305050211117,10.10009765625,21.800048828125,0
2019-01-15,1286.199951171875,1292.699951171875,1286.199951171875,1290.0999755859375,3,1286.6285574776787,1262.9999959309896,1280.2725940478588,65.00785710646869,12.875187999872878,13.54800733598666,-0.0022496505073195117,0.004134014545487842,6.5,7.89990234375,1
2019-01-17,1291.0,1292.699951171875,1288.5,1291.5999755859375,10,1288.4285539899554,1267.283329264323,1283.0118567081,61.70926224240249,12.332614073180139,13.165858070711208,-0.00046452121189100026,0.0039687407314041275,4.199951171875,-0.800048828125,0
2019-01-23,1283.0999755859375,1283.9000244140625,1278.699951171875,1281.699951171875,14,1286.3999895368304,1271.313330078125,1282.7930236163775,51.66399377852237,9.366370517360792,11.670914715402139,0.0004678172210039744,0.004473967013935671,5.2000732421875,-0.0999755859375,0
2019-01-24,1279.0999755859375,1279.0999755859375,1278.5,1279.0999755859375,1,1284.9714181082588,1272.4933308919271,1282.3006172123187,38.72115486770754,8.297700113774908,10.996271795076693,-0.0031174499852775206,0.0038454922510747615,0.5999755859375,-10.2000732421875,1
2019-01-25,1297.4000244140625,1297.4000244140625,1297.4000244140625,1297.4000244140625,0,1286.5714285714287,1274.343330891927,1284.3138715058847,61.221367217129256,8.825695001940858,10.562156436449527,0.014306973010254298,0.005148369979955709,0.0,12.7000732421875,1
2019-01-28,1302.4000244140625,1307.0999755859375,1298.4000244140625,1300.800048828125,54,1288.114292689732,1276.2766642252604,1286.7253585603085,61.74692205731766,9.53764888865885,10.357254926891393,0.0038538614967715823,0.005174579803439889,8.699951171875,15.300048828125,1
2019-01-30,1309.9000244140625,1323.4000244140625,1308.0999755859375,1310.4000244140625,54958,1294.6571393694196,1280.889998372396,1292.2968224870342,66.0435763898792,11.180322463440916,10.536616219086504,0.0012995515254869971,0.005049932603127825,15.300048828125,23.7000732421875,1
2019-02-05,1314.199951171875,1315.0999755859375,1311.0,1311.0999755859375,362,1312.2285679408483,1289.3166666666666,1302.6022560461313,70.7101040489149,13.045809222958269,11.958471606964054,-7.616042952995894e-05,0.005239055575919838,4.0999755859375,31.699951171875,0
2019-02-07,1309.4000244140625,1310.4000244140625,1302.199951171875,1302.9000244140625,203,1313.4142892020088,1292.569999186198,1304.3056977965248,63.85548592050328,11.864316998021877,12.021081914627413,-7.634638101372548e-05,0.005340744134357921,8.2000732421875,30.300048828125,1
2019-02-08,1313.699951171875,1314.0,1307.800048828125,1309.5,122,1313.9571358816963,1294.0533325195313,1305.5582649132382,76.55740329391047,11.599562156561205,11.936777963014173,0.003283890848968518,0.004761098165728752,6.199951171875,16.2999267578125,0
2019-02-14,1309.800048828125,1311.800048828125,1301.5999755859375,1305.0,858,1309.9142892020088,1298.063330078125,1307.2193969750672,62.81000073141635,9.044620275135003,10.626413234325744,-0.0007628928614200614,0.0033818510120850534,10.2000732421875,-9.89990234375,1
2019-02-15,1318.0999755859375,1318.800048828125,1313.5999755859375,1313.5999755859375,190,1311.142857142857,1298.9399943033854,1308.67014078985,65.18379123733249,9.159342538727742,10.332999095206144,0.0063367891650625285,0.0036176990549413083,5.2000732421875,1.199951171875,1
2019-02-20,1343.300048828125,1344.0,1338.0,1342.199951171875,581,1319.7571498325892,1302.736661783854,1316.9193538825014,74.06349435291096,12.394522463006524,10.835996783471282,0.002387936199154339,0.00552779793582913,6.0,29.10009765625,0
2019-02-21,1323.5,1334.9000244140625,1320.9000244140625,1331.300048828125,414,1322.114292689732,1304.0799967447917,1317.7967733648345,52.39298079465719,11.844838275203756,11.037765081817778,-0.014739855660243828,0.006815609146508851,14.0,14.0,1
2019-02-26,1325.0999755859375,1325.5,1323.300048828125,1323.300048828125,939,1329.3142787388392,1308.0499959309896,1320.8489164781604,56.511377938918045,10.678855897203448,11.089044120570685,-0.0006034005682129528,0.006883806487239028,2.199951171875,18.0999755859375,0
2019-02-27,1317.699951171875,1327.9000244140625,1316.5,1327.699951171875,604,1329.2571323939733,1309.003328450521,1320.4290544373225,54.745347476928124,9.519368219327589,10.775108940322067,-0.005584502717080109,0.006997778303997538,11.4000244140625,8.5,0
2019-02-28,1312.800048828125,1323.699951171875,1311.5,1321.0999755859375,141,1325.357142857143,1309.889998372396,1319.4118536894298,51.86405196564357,8.111579473121992,10.242403046882051,-0.003718526618591955,0.007086737005232596,12.199951171875,2.0,0
2019-03-01,1296.4000244140625,1312.199951171875,1288.9000244140625,1312.199951171875,110,1318.6571393694196,1310.05,1316.3436097860474,41.62636058863222,5.607907374282377,9.315503912362116,-0.012492400825778516,0.007780459161034619,23.2999267578125,-13.4000244140625,0
2019-03-07,1283.800048828125,1284.5999755859375,1281.0,1281.0,11,1294.6285923549108,1309.9700032552084,1302.1937131074017,38.20326156068404,-3.1511138371895413,3.1990937689382393,-0.0008560787337824616,0.007995266540783785,3.5999755859375,-39.699951171875,1
2019-03-08,1297.0,1297.4000244140625,1291.5999755859375,1292.0999755859375,10,1291.6714564732142,1310.566670735677,1301.5012180264148,40.83406600282745,-3.208360687136974,1.9176028777231966,0.01028193696045121,0.008350611314606614,5.800048828125,-32.199951171875,0
2019-03-11,1288.800048828125,1291.0,1288.800048828125,1291.0,9,1288.242885044643,1310.2800048828126,1299.8077287999763,24.679188623472456,-3.8707768518077046,0.7599269318170165,-0.006322244542694699,0.006671151211061727,2.199951171875,-37.0999755859375,1
2019-03-12,1296.300048828125,1296.300048828125,1294.699951171875,1294.699951171875,1,1288.2286028180804,1310.0766723632812,1299.340038137063,27.74618125154612,-3.747361860005185,-0.14153082654742377,0.005819366632410894,0.006932877051412133,1.60009765625,-28.7999267578125,1
2019-03-13,1307.5,1307.5,1307.5,1307.5,0,1291.4714529854912,1310.053340657552,1300.4280330521212,41.75255656148458,-2.714520825822092,-0.6561288264023575,0.008639937321609947,0.006568806482202365,0.0,-10.199951171875,0
2019-03-14,1293.4000244140625,1293.4000244140625,1293.4000244140625,1293.4000244140625,1,1293.1000279017858,1309.5033406575521,1299.4909652337133,33.01707713956465,-2.9991645543195773,-1.1247359719858014,-0.010783920142208414,0.006888196650646946,0.0,-19.4000244140625,1
2019-03-18,1300.300048828125,1302.199951171875,1297.300048828125,1297.300048828125,8,1297.8714599609375,1308.3533447265625,1299.8656704838781,38.848936658363975,-2.2318228616286433,-1.5690612090254321,-0.0011522506865400128,0.007238728250261824,4.89990234375,15.5,1
2019-03-19,1305.0,1306.9000244140625,1304.800048828125,1306.9000244140625,20,1299.0143171037946,1308.0433430989583,1300.5502477526945,44.14747477020352,-1.6073216865449922,-1.5767133045293442,0.0036145128011881855,0.007239774210655291,2.0999755859375,23.0,0
2019-03-20,1300.5,1300.699951171875,1300.5,1300.699951171875,2,1300.6857386997767,1307.5866780598958,1300.5435480523354,44.31079301770417,-1.4586974418318732,-1.5531101319898502,-0.0034482758620689724,0.007231367825219177,0.199951171875,15.5999755859375,1
2019-03-21,1306.0999755859375,1306.0999755859375,1306.0999755859375,1306.0999755859375,0,1302.085728236607,1307.4733439127604,1301.2844050568158,54.98456867566618,-0.878908913428404,-1.418269888277561,0.004306017367118331,0.006468243457119753,0.0,22.2999267578125,1
2019-03-22,1311.5999755859375,1311.5999755859375,1311.5999755859375,1311.5999755859375,0,1302.6714390345983,1307.5466756184896,1302.6598144606987,64.6929698343883,0.024103852852476848,-1.1297951400515533,0.004211009955445988,0.005913925274769717,0.0,14.5999755859375,1
2019-03-25,1321.9000244140625,1322.9000244140625,1320.699951171875,1320.699951171875,19,1306.7428676060267,1307.8200113932292,1305.2251757878141,70.21281332362045,1.5529741163950348,-0.5932412887622357,0.007853041338708122,0.006041296209681513,2.2000732421875,33.0999755859375,0
2019-03-26,1314.300048828125,1315.5999755859375,1314.300048828125,1315.5999755859375,1,1308.5285818917412,1308.0633463541667,1306.4351588598556,64.21667644569217,2.1268433745215134,-0.04922435610548587,-0.005749281674539808,0.006404350255967023,1.2999267578125,18.0,0
2019-03-27,1309.9000244140625,1309.9000244140625,1309.9000244140625,1309.9000244140625,206263,1309.9000069754463,1308.0866821289062,1306.8971409337498,62.23056110103708,2.2012194112535326,0.40086439736631785,-0.003347808149277376,0.006512650806481498,0.0,2.4000244140625,0
2019-03-29,1293.0,1298.5,1286.0999755859375,1289.5999755859375,1265,1306.6571568080358,1306.826680501302,1303.0685248326001,51.93368178497161,-0.35117204298057914,0.2872770869263319,0.0024809668558956055,0.007211992063916387,12.4000244140625,-8.800048828125,0
2019-04-05,1290.4000244140625,1292.0,1283.5999755859375,1292.0,181,1290.0714460100446,1299.9433512369792,1296.1972112775168,43.35567742580325,-3.5019357743356068,-1.8366832446481713,0.0010861322064099621,0.005688751299841075,8.4000244140625,-21.199951171875,1
2019-04-08,1297.0999755859375,1302.0999755859375,1291.800048828125,1292.199951171875,63,1291.114292689732,1298.983349609375,1296.3175798519728,44.83657711106182,-3.1068622834086455,-2.0907190524002663,0.005192150530931139,0.005791870542693019,10.2999267578125,-24.800048828125,1
2019-04-09,1303.5,1304.9000244140625,1298.5,1298.5,30,1292.614292689732,1298.2633504231771,1297.2752358717098,51.91326768931822,-2.25138267448483,-2.1228517768171793,0.004934102640138827,0.00588700109359998,6.4000244140625,-10.800048828125,1
2019-04-10,1309.0999755859375,1309.0999755859375,1301.5,1304.0,66,1295.5714285714287,1297.9766845703125,1298.8518678336068,51.91326768931822,-1.108756635857162,-1.920032748625176,0.004296107085490997,0.005886467470647809,7.5999755859375,-0.800048828125,0
2019-04-15,1286.800048828125,1287.300048828125,1282.300048828125,1284.800048828125,523,1295.1571393694196,1297.0433471679687,1295.2646986161938,33.08729024275985,-2.808633733442548,-2.1359354227378144,-0.0029443102663064824,0.006585037300642234,5.0,-1.5999755859375,0
2019-04-22,1273.5,1273.5,1273.5,1273.5,147,1279.4571358816963,1295.1266764322916,1285.385743114378,38.62591436425476,-6.9767165294654205,-4.465436988666376,0.001257941312387878,0.00584083053982983,0.0,-16.9000244140625,0
2019-04-23,1269.300048828125,1269.800048828125,1266.0,1266.4000244140625,206,1276.7000034877233,1294.4766764322917,1283.240983876211,34.80176527316205,-7.628466655061857,-5.098042921945472,-0.0032979593026108978,0.00584389984120922,3.800048828125,-27.7999267578125,1
2019-04-25,1275.800048828125,1280.800048828125,1275.800048828125,1280.5999755859375,95,1272.971435546875,1292.7266764322917,1281.3543455107708,41.03262401937206,-7.391980240743578,-5.950356318664705,0.00023524016317133523,0.006065864535182408,5.0,-33.2999267578125,1
2019-04-26,1284.9000244140625,1284.9000244140625,1284.9000244140625,1284.9000244140625,804,1274.7285853794642,1292.4433430989584,1281.8271026978764,46.61745804855197,-6.452073767883348,-6.050699808508433,0.007132760023246698,0.006409707460116058,0.0,-3.699951171875,0
2019-04-29,1278.5999755859375,1284.9000244140625,1277.0999755859375,1284.800048828125,568,1275.6428745814733,1291.6700073242187,1281.3968190829512,38.5661172238552,-6.1447198991634195,-6.069503826639432,-0.004903143208358163,0.006313156739135404,7.800048828125,-12.0,1
2019-05-01,1281.4000244140625,1283.300048828125,1278.699951171875,1278.699951171875,70,1278.3285958426338,1290.3000081380208,1281.5593974532087,31.409428743708062,-5.041829786772951,-5.772663080058736,-0.0010913816345279326,0.006010240542780945,4.60009765625,8.800048828125,0
2019-05-02,1269.699951171875,1270.800048828125,1266.5999755859375,1269.199951171875,63,1278.3857247488838,1289.27333984375,1279.978137949031,35.61643581096773,-5.5596544382040065,-5.730061351687791,-0.009130695348267603,0.004995476099934122,4.2000732421875,-2.5,1
2019-05-07,1283.5,1283.5,1280.5,1280.5,8,1279.55712890625,1286.1000040690103,1280.56875067471,59.159665589577884,-3.9077994156734803,-5.103498109418156,0.001404422951314821,0.004499647304999473,3.0,14.199951171875,0
2019-05-08,1279.4000244140625,1279.4000244140625,1279.4000244140625,1279.4000244140625,5,1279.671421595982,1284.936669921875,1280.4129205066235,55.69625387505191,-3.678887428231974,-4.81857597318092,-0.0031943713174424904,0.004610070089215808,0.0,3.9000244140625,1
2019-05-10,1285.699951171875,1286.5,1283.300048828125,1285.4000244140625,6,1280.3856898716517,1283.9199991861979,1281.4745871145583,59.02361948788328,-2.4897743508672647,-4.08273184612323,0.001714025065738145,0.0046702962034734915,3.199951171875,0.7999267578125,1
2019-05-13,1300.0999755859375,1300.0999755859375,1281.800048828125,1286.699951171875,56,1284.728550502232,1284.1566650390625,1283.9579722440756,69.7942539213825,-0.8106470248744699,-3.428314881873478,0.011200143860110812,0.005284643261750549,18.2999267578125,21.5,0
2019-05-15,1296.300048828125,1296.9000244140625,1296.0,1296.9000244140625,55,1289.028564453125,1284.5766642252604,1286.8448777980502,63.09062790364121,0.9105135330930807,-1.9986787318896693,0.0012358829972933805,0.005414145085911308,0.9000244140625,14.9000244140625,0
2019-05-16,1285.0,1285.4000244140625,1285.0,1285.199951171875,3,1289.2428501674108,1284.413330078125,1286.5988940916434,50.06209635473927,0.6467515036229088,-1.4695926847871537,-0.00871715529004291,0.0057162540546097824,0.4000244140625,15.300048828125,0
2019-05-20,1276.0999755859375,1276.0999755859375,1276.0999755859375,1276.0999755859375,20,1287.4857003348213,1283.4533284505208,1283.8009438625152,45.9195765465048,-1.0965548975775619,-1.224630599248036,0.0012553751164672278,0.005925891302671787,0.0,-5.5999755859375,0
2019-05-22,1273.5999755859375,1273.5999755859375,1273.5999755859375,1273.5999755859375,0,1281.7428501674108,1281.6199951171875,1281.0771501348586,52.61045554896453,-2.474176404517266,-1.5910844801715522,0.001257842441774848,0.005441201350979284,0.0,-5.800048828125,1
2019-05-24,1283.0,1283.0,1283.0,1283.0,9,1278.4285714285713,1280.6233317057292,1281.763731743655,50.858682611556176,-1.6798819599600847,-1.6680031183373694,-0.0014010342152204203,0.005581816576061393,0.0,-2.699951171875,0
2019-05-28,1276.5,1276.5,1276.5,1276.5,0,1277.2142857142858,1280.1533325195312,1281.061900844501,45.64677410049223,-1.9591412289967138,-1.7262307404692383,-0.005066250974279041,0.0057302487475021785,0.0,-23.5999755859375,1
2019-05-29,1280.5999755859375,1280.5999755859375,1280.5999755859375,1280.5999755859375,189694,1278.0857107979912,1279.9466634114583,1281.000310810026,50.746236931364415,-1.8285441283210275,-1.7466934180395963,0.0032118884339502607,0.005743587732007186,0.0,-14.0999755859375,1
2019-05-30,1287.0999755859375,1288.300048828125,1273.9000244140625,1279.4000244140625,55573,1279.6571393694196,1280.4299967447917,1281.8135994468141,52.17389381379008,-1.1868678343066676,-1.6347283012930107,0.005075745840949164,0.0058427479299741295,14.4000244140625,-9.2000732421875,1
2019-05-31,1305.800048828125,1306.4000244140625,1287.5,1287.699951171875,2814,1284.4857177734375,1281.55,1285.0117926976557,60.120865233789154,0.8211392966691164,-1.1435547817005853,0.014528842822543409,0.006987217355910377,18.9000244140625,20.800048828125,1
2019-06-04,1323.4000244140625,1328.5999755859375,1320.800048828125,1324.300048828125,302,1297.0142822265625,1284.9066650390625,1294.4852996835307,64.77858305728239,6.027937655884898,1.0710159752020274,0.0005292759265373981,0.007028928443122947,7.7999267578125,47.300048828125,1
2019-06-05,1328.300048828125,1343.300048828125,1326.300048828125,1328.9000244140625,622,1303.4857177734375,1286.8733317057292,1298.99393290281,65.93623172899458,8.148041331953209,2.486421046552264,0.0037026026323612182,0.007050248421233012,17.0,56.300048828125,1
2019-06-07,1341.199951171875,1347.699951171875,1329.800048828125,1333.0999755859375,240,1320.8714250837054,1291.1233276367188,1309.0825447154025,86.44806074965847,12.43599062944395,5.7518052833518585,0.0026913693567918173,0.005652166051709089,17.89990234375,56.39990234375,0
2019-06-11,1326.4000244140625,1328.4000244140625,1319.0999755859375,1328.4000244140625,201,1329.1857038225446,1294.0433268229167,1313.1962200879718,76.15382719324295,12.592319167657706,8.20404349787703,0.0012833647654955094,0.006889037766934042,9.300048828125,49.9000244140625,1
2019-06-12,1331.9000244140625,1334.5,1326.9000244140625,1326.9000244140625,139,1330.5,1295.6799926757812,1315.690060664784,77.01574127916842,12.938228734690483,9.150880545239723,0.0041465620467171505,0.0068755178785270404,7.5999755859375,51.300048828125,1
2019-06-17,1338.699951171875,1340.300048828125,1335.0,1339.0,76,1334.5999755859375,1301.9366577148437,1323.9332193429582,81.73466896524235,14.20870226395391,11.531597702576468,-0.0010447163939767412,0.006340806325244189,5.300048828125,16.0,1
2019-06-19,1344.5999755859375,1344.5999755859375,1344.0,1344.0,129,1338.2142682756696,1306.1366577148438,1329.308056452322,79.54777551117702,14.849255725126113,12.710326248849482,-0.0014852220676223604,0.006498873871869343,0.5999755859375,16.2999267578125,1
2019-06-21,1396.199951171875,1406.0,1390.300048828125,1406.0,35,1356.8999720982142,1313.6766560872395,1345.5753809349524,82.4359966126311,21.606828321839657,15.43350349672658,0.0023691052480243613,0.010340344843705397,15.699951171875,55.0,1
2019-06-28,1409.699951171875,1422.0,1408.300048828125,1408.300048828125,356,1406.857142857143,1333.5799926757813,1379.183971362725,90.55341621996874,29.79342792575335,24.376683201446262,0.0009229812093713985,0.009922716004295371,13.699951171875,69.5999755859375,0
2019-07-01,1385.5999755859375,1395.800048828125,1382.800048828125,1386.5999755859375,214,1405.8142787388392,1337.2833251953125,1380.0394385924867,73.2704299909215,27.666339571923572,25.034614475541726,-0.0170958192670031,0.011474970052274687,13.0,46.9000244140625,1
2019-07-02,1404.5999755859375,1418.4000244140625,1390.800048828125,1391.0999755859375,38,1407.0142822265625,1341.5666585286458,1383.31417685828,75.83510177735131,27.200200952006753,25.467731770834735,0.013712471373251489,0.011816410805360807,27.5999755859375,58.0,1
2019-07-03,1417.699951171875,1434.0,1413.0999755859375,1431.0,46,1407.4999825613838,1346.4233235677084,1387.8989467667595,76.79180887372014,27.57003112898974,25.88819164246574,0.009326481427904598,0.01190119760206247,20.9000244140625,73.0999755859375,0
2019-07-09,1397.5,1397.5,1386.199951171875,1394.5,53,1401.257114955357,1358.083321126302,1391.1121687533823,66.09741691148936,22.77566000406364,25.004153346242035,0.0003579098067287845,0.012891187011782069,11.300048828125,-16.800048828125,1
2019-07-10,1410.0999755859375,1410.0999755859375,1409.9000244140625,1409.9000244140625,50,1401.3142613002233,1362.5366536458334,1393.6438763310564,69.41316507355336,22.352128485465528,24.473748374086735,0.00901608270907861,0.012932500656233472,0.199951171875,-4.800048828125,0
2019-07-11,1404.300048828125,1424.0,1404.300048828125,1424.0,6,1403.9857003348213,1366.6599894205729,1395.0646993306655,54.516656042730474,21.302904466163227,23.839579592502037,-0.004113131592249353,0.009051029127332669,19.699951171875,-7.2999267578125,1
2019-07-16,1409.199951171875,1413.699951171875,1405.0,1413.5999755859375,13,1405.6285749162946,1377.1566569010417,1400.3227674756306,47.488951818204306,19.209766803946195,21.908993510070914,-0.001558787873126799,0.008389833999646346,8.699951171875,23.5999755859375,1
2019-07-17,1421.300048828125,1421.300048828125,1404.5999755859375,1404.5999755859375,6,1409.1000104631696,1380.419991048177,1403.11973832263,53.9656905361016,19.27077516252666,21.381349840562063,0.008586501614755049,0.00868426270096221,16.7000732421875,16.7000732421875,1
2019-07-22,1425.300048828125,1425.300048828125,1424.0,1425.300048828125,1,1418.328578404018,1389.399991861979,1410.9184797908256,69.90975129263428,19.034088592488388,20.34302088703599,0.00014039242552454922,0.007013756687411547,1.300048828125,28.300048828125,0
2019-07-24,1422.800048828125,1422.800048828125,1422.800048828125,1422.800048828125,20,1421.4142892020088,1395.7933268229167,1413.5636618432343,53.37753719494646,17.48078326419386,19.421034647650522,0.0019013261661902092,0.0058097735994968305,0.0,12.7000732421875,0
2019-07-25,1413.9000244140625,1413.9000244140625,1413.9000244140625,1413.9000244140625,4,1422.085728236607,1398.52666015625,1413.6085101860115,63.56466907340553,16.04069922761164,18.744967563642746,-0.006255288240531676,0.004373140170295279,0.0,9.5999755859375,1
2019-07-29,1419.5999755859375,1419.5999755859375,1419.5999755859375,1419.5999755859375,224267,1420.7571498325892,1403.8199951171875,1414.9726110622846,66.17856536464618,14.272588246467421,17.266749351940476,0.0007754498314680447,0.004408629097172813,0.0,8.199951171875,1
2019-07-31,1426.0999755859375,1435.800048828125,1411.199951171875,1431.300048828125,3294,1421.528564453125,1409.503328450521,1418.1580856336577,67.13824798997338,13.818275970450259,16.09758402687221,-0.0025179937811333764,0.004039278125357108,24.60009765625,4.7999267578125,0
2019-08-01,1420.9000244140625,1445.199951171875,1400.9000244140625,1411.300048828125,2431,1421.642857142857,1412.0466634114584,1418.5236774710452,58.70250475145634,12.892031699708696,15.456473561439507,-0.0036462739365369368,0.004134842068339575,44.2999267578125,-5.199951171875,1
2019-08-02,1445.5999755859375,1448.0,1432.300048828125,1448.0,1873,1424.8999895368304,1413.803328450521,1422.1338505530307,69.79160485454724,13.989790479081194,15.163136944967846,0.017383313918979404,0.006113681839530609,15.699951171875,20.5,1
2019-08-05,1464.5999755859375,1469.699951171875,1440.4000244140625,1440.4000244140625,1008,1432.1428397042412,1416.0833292643229,1427.7960005574182,76.84107805042494,16.20609960275965,15.371729476526209,0.013143331710626871,0.006736491238432775,29.2999267578125,39.2999267578125,1
2019-08-06,1472.4000244140625,1475.0,1457.699951171875,1469.699951171875,460,1439.8428431919642,1418.0199951171876,1433.7432037383041,75.8341572151683,18.38006535144359,15.973396651509686,0.0053257196218403635,0.006574680273340548,17.300048828125,52.300048828125,1
2019-08-07,1507.300048828125,1509.9000244140625,1473.199951171875,1473.5,824,1452.3714250837054,1421.0999959309895,1443.5507830836136,81.47286682330764,22.65790296704472,17.310297914616694,0.023702814340790912,0.00867954911882129,36.7000732421875,84.5,0
2019-08-09,1496.5999755859375,1507.5,1495.5999755859375,1506.199951171875,74,1472.1571393694196,1426.9099934895833,1456.8812459519004,75.74002307435353,26.43655496630595,20.363574565501295,-0.0007344432274815071,0.009068964378169113,11.9000244140625,78.0999755859375,1
2019-08-13,1502.199951171875,1531.4000244140625,1483.699951171875,1510.4000244140625,672,1492.2999965122767,1433.983329264323,1468.5188016469276,77.87915051494073,28.598649258243086,23.227010818521862,-0.0020594549629248116,0.008984193105050747,47.7000732421875,72.5,1
2019-08-15,1519.5999755859375,1522.699951171875,1510.5999755859375,1519.800048828125,87,1506.3714250837054,1441.089998372396,1480.8047883585537,84.55224110986232,30.8050986172625,25.804086590165255,0.0024407619976820616,0.008590249870828891,12.0999755859375,98.699951171875,0
2019-08-16,1512.5,1524.5999755859375,1504.699951171875,1524.5999755859375,1815,1507.1142752511162,1444.95,1485.0308165774134,80.49898889345751,30.627244292713613,26.768718130674927,-0.004672266188474938,0.00891192752450781,19.9000244140625,66.9000244140625,0
2019-08-21,1504.5999755859375,1505.0,1498.800048828125,1504.9000244140625,350,1508.5428466796875,1455.1166666666666,1491.4405605228797,77.95585904118258,26.8275627965495,27.291294808038835,0.0,0.0091468730137172,6.199951171875,-2.7000732421875,0
2019-08-22,1497.300048828125,1497.300048828125,1493.800048828125,1495.0999755859375,686,1507.8428606305804,1458.2166666666667,1492.2218256302458,69.53892912272802,24.991677110701858,26.83137126857144,-0.0048517392504739965,0.008582577869376835,3.5,-0.39990234375,1
2019-08-26,1526.300048828125,1543.300048828125,1524.300048828125,1543.199951171875,334,1510.328578404018,1465.9366658528645,1500.7381749403987,69.94819916890975,25.77124862683513,26.423257863987363,-0.00019646715748000698,0.009342973047278089,19.0,21.0,1
2019-08-28,1537.800048828125,1538.0999755859375,1537.800048828125,1538.0999755859375,2756,1519.7428676060267,1474.2133341471354,1510.332235687872,68.47934925688827,27.009556889101532,26.597567207754047,-0.002076541967472423,0.007198891730584728,0.2999267578125,21.9000244140625,0
2019-08-29,1526.5,1549.300048828125,1519.5999755859375,1537.5,704,1522.8714425223213,1477.5600016276042,1512.487937596156,62.594805165422486,25.98032253709721,26.474118273622683,-0.007348191227290024,0.007592246967074063,29.7000732421875,6.9000244140625,0
2019-08-30,1519.0999755859375,1530.4000244140625,1516.699951171875,1524.5999755859375,276,1524.94287109375,1480.6933349609376,1513.36954266146,55.877322225676615,24.28755495720179,26.036805610338504,-0.004847706789428474,0.0076543258031159765,13.7000732421875,6.5999755859375,1
2019-09-04,1550.300048828125,1553.199951171875,1534.800048828125,1549.0,46,1535.271449497768,1489.0533365885417,1522.0526880417606,63.050116559831736,25.309608608531562,25.697065621321357,0.002846254184988517,0.008604401476919219,18.39990234375,45.7000732421875,0
2019-09-05,1515.4000244140625,1551.0999755859375,1511.0999755859375,1551.0,125,1533.7143031529017,1492.1400024414063,1521.1656662247342,48.711669490014934,22.618827535105083,25.081418004078106,-0.022511786954043878,0.010743761603568134,40.0,10.800048828125,0
2019-09-09,1502.199951171875,1513.0,1498.0,1509.0,69,1523.6571393694196,1498.0066650390625,1516.907532700467,50.573225527799,16.548819540347267,22.48491020387965,-0.002655689901521985,0.010592723097400487,15.0,-24.4000244140625,0
2019-09-12,1498.699951171875,1515.4000244140625,1498.699951171875,1499.5,27,1508.2142857142858,1504.9400024414062,1509.214297302418,50.42216646346132,8.782515242399313,16.63106100098772,0.0028773599354687818,0.010763051619768454,16.7000732421875,-39.10009765625,0
2019-09-13,1490.9000244140625,1490.9000244140625,1486.9000244140625,1490.9000244140625,1,1499.7285679408483,1507.2733357747395,1506.7723942506373,37.629937805810656,6.677655156294122,14.640379832049002,-0.005204461874915967,0.009249774342123951,4.0,-35.5999755859375,1
2019-09-18,1507.5,1509.4000244140625,1489.300048828125,1508.9000244140625,8,1498.5714285714287,1511.7100016276042,1506.3083651541372,39.383300912405325,5.16860022885453,10.156641940791195,0.0015945946800830502,0.00918940098112065,20.0999755859375,-42.800048828125,0
2019-09-19,1498.4000244140625,1502.4000244140625,1496.0999755859375,1496.0999755859375,10,1499.7285679408483,1511.4133341471354,1505.2539197221272,39.99999999999999,4.180138438724725,8.961341240377902,-0.006036468050373167,0.009130378678191475,6.300048828125,-17.0,1
2019-09-20,1507.300048828125,1507.300048828125,1503.0,1503.0,2,1501.5714285714287,1511.7333374023438,1505.5267369362602,45.845092640271375,4.068039115514466,7.982680815405216,0.005939685176889142,0.00926105603973192,4.300048828125,1.10009765625,1
2019-09-23,1523.699951171875,1523.699951171875,1515.5,1515.5,5,1505.142857142857,1512.636669921875,1507.9498321676756,41.56530450390283,5.242106908335472,7.434566033991268,0.010880316998928219,0.008375128794687957,8.199951171875,21.5,1
2019-09-24,1532.0999755859375,1533.0,1515.0999755859375,1515.0999755859375,25,1511.028564453125,1513.5300008138022,1511.1698512901107,43.28904524802558,6.772308899749078,7.30211460714283,0.0055129124389627915,0.008498741683706623,17.9000244140625,41.7999267578125,0
2019-09-26,1507.5,1507.5,1507.5,1507.5,8178,1511.5857107979912,1513.3300008138021,1509.9213521478362,50.53324547717708,5.026744045039095,6.590746253693963,0.001927438828339234,0.007495060266429388,0.0,8.800048828125,0
2019-09-27,1499.0999755859375,1506.0999755859375,1485.5999755859375,1504.199951171875,7827,1510.385707310268,1512.6466674804688,1508.478501939583,48.77276984324122,3.7716761316903558,6.026932229293242,-0.005572155498548947,0.007616722385740518,20.5,8.199951171875,0
2019-09-30,1465.699951171875,1495.9000244140625,1463.5,1495.9000244140625,1078,1505.7142682756696,1511.0866658528646,1502.7746951705553,41.6778991324572,0.08098933883752579,4.837743651202099,-0.022280051336141082,0.009485412879988015,32.4000244140625,-37.4000244140625,1
2019-10-01,1482.0,1485.5,1458.300048828125,1468.699951171875,219,1502.0999755859375,1510.4733317057292,1500.0047358144811,46.12498941420701,-1.5112085477792334,3.5679532114058325,0.01112099977563119,0.009999766689335901,27.199951171875,-23.0999755859375,1
2019-10-02,1501.0,1503.699951171875,1474.0999755859375,1476.5999755859375,205,1498.8571254185267,1510.3533325195312,1500.1374377058837,50.658285481105295,-1.2257657689428925,2.6092094153360876,0.012820512820512775,0.010597047880555165,29.5999755859375,-6.5,1
2019-10-04,1506.199951171875,1508.699951171875,1497.0999755859375,1505.5999755859375,233,1495.5142647879463,1510.733329264323,1501.7503327674888,50.958557260915555,-0.0002286178162194119,1.5896000327421318,-0.0005971895883765121,0.010312488940177163,11.5999755859375,-1.10009765625,0
2019-10-08,1497.199951171875,1506.300048828125,1489.300048828125,1489.4000244140625,46,1493.8428257533483,1508.7999918619792,1500.6755711259136,46.903173239963884,-0.5456608762731321,0.8625295723958188,-0.0003338452402357195,0.01040712082314323,17.0,-34.9000244140625,1
2019-10-09,1506.0999755859375,1507.699951171875,1498.4000244140625,1507.699951171875,120,1499.6142578125,1507.6366577148438,1501.3988250539169,52.31786473353264,-0.03328767580069325,0.6833661227565164,0.005944446102269962,0.010404032641448692,9.2999267578125,1.5,0
2019-10-10,1494.800048828125,1511.199951171875,1490.5999755859375,1511.199951171875,78,1501.442836216518,1506.2033243815104,1500.5189882238114,46.29080118694362,-0.5328949931385978,0.4401138995774936,-0.007502773349037706,0.010475170122994254,20.5999755859375,-12.699951171875,0
2019-10-11,1482.699951171875,1494.9000244140625,1476.9000244140625,1491.9000244140625,57,1498.8285435267858,1504.7433227539063,1498.1431166168868,37.51524018532066,-1.8835023055896727,-0.024609341455939626,-0.00809479345798525,0.01010438740752415,18.0,-16.4000244140625,1
2019-10-14,1491.699951171875,1493.5,1481.300048828125,1484.4000244140625,400,1496.6285400390625,1503.829988606771,1497.2840278908852,37.742723750280554,-2.2022572961927835,-0.46013893240330844,0.006070007618794726,0.01013686578159219,12.199951171875,26.0,0
2019-10-15,1477.5999755859375,1495.4000244140625,1476.5999755859375,1488.9000244140625,367,1492.5428292410713,1501.5533203125,1494.6594875835588,41.08323187693002,-3.5516815401738313,-1.0784474539574131,-0.009452286684638267,0.009320921349743215,18.800048828125,-4.4000244140625,1
2019-10-18,1488.199951171875,1489.0999755859375,1486.5999755859375,1487.300048828125,82,1487.8999895368304,1498.1066528320312,1492.8586344567086,58.96412598798947,-3.5997265291046006,-2.3106469052136207,-0.0027475021926520737,0.007170060153147482,2.5,-18.0,0
2019-10-22,1481.699951171875,1483.5,1481.699951171875,1483.4000244140625,99,1485.9857003348213,1497.1599853515625,1490.1622595249141,40.02067743205986,-4.500483071470626,-3.0348572067006203,-0.00047225663158245723,0.005557000927628339,1.800048828125,-15.5,1
2019-10-23,1489.9000244140625,1490.300048828125,1486.4000244140625,1486.4000244140625,67,1485.7285679408483,1497.0099853515626,1490.1272948434673,41.29559708020539,-4.109089023389743,-3.249703570038445,0.005534233321464299,0.005670950791281455,3.9000244140625,-16.199951171875,1
2019-10-25,1499.5,1514.300048828125,1499.0,1501.4000244140625,93,1490.4142892020088,1497.3033203125,1492.3907265036073,50.90911332782579,-2.11575222854367,-2.9889871819949967,0.000400277254096304,0.005760886870495982,15.300048828125,16.800048828125,0
2019-10-29,1487.0,1487.0,1485.9000244140625,1485.9000244140625,425,1489.9142892020088,1496.263321940104,1491.3957012404874,40.646457158912256,-2.351206954991767,-2.7235418701893996,-0.00201342281879191,0.0057451823964291245,1.0999755859375,9.4000244140625,1
2019-10-30,1493.199951171875,1495.4000244140625,1481.0,1487.199951171875,320,1491.4571358816963,1495.7866536458334,1491.6362678980058,49.17520946961211,-2.005349842670512,-2.5799034646856223,0.004169435892316775,0.005556475382952397,14.4000244140625,5.199951171875,1
2019-11-04,1508.0,1511.5999755859375,1508.0,1511.5999755859375,101,1499.5857107979912,1495.7199869791666,1497.6883226144805,68.2253756138258,1.6915705500935019,-0.8814719904683612,0.0,0.005062500111604347,3.5999755859375,25.5999755859375,0
2019-11-05,1480.800048828125,1507.0999755859375,1480.800048828125,1507.0999755859375,31,1496.9142892020088,1494.009989420573,1495.4365527762998,46.407216997222356,0.16986750319028943,-0.6712040917366311,-0.018037102899121304,0.007003627522001691,26.2999267578125,-0.89990234375,1
2019-11-06,1490.199951171875,1491.0,1483.199951171875,1483.199951171875,567,1496.9428536551338,1493.5299886067708,1494.738339229043,49.00280309476501,-0.2744360360863993,-0.5918504806065849,0.006347853885599886,0.007184320764672358,7.800048828125,0.2999267578125,0
2019-11-08,1461.300048828125,1469.0999755859375,1461.300048828125,1469.0999755859375,21,1489.1285749162946,1490.8266560872396,1486.7510201112036,41.51247465050846,-4.7893852294794215,-1.767618745084376,-0.0019805371127277205,0.008516741388985236,7.7999267578125,-38.199951171875,0
2019-11-12,1452.0999755859375,1454.9000244140625,1447.0999755859375,1454.9000244140625,6,1473.1571393694196,1489.489990234375,1478.5196518505402,34.831423247466006,-8.63913287814853,-3.953434635440162,-0.00233598379530231,0.008327831326619791,7.800048828125,-34.9000244140625,1
2019-11-13,1461.699951171875,1463.300048828125,1456.800048828125,1456.800048828125,56,1466.5428466796875,1488.1799886067708,1476.2770250933847,35.14372043910272,-9.184780913378063,-4.9997038910277425,0.006611098235205004,0.008370437901493324,6.5,-31.5,1
2019-11-14,1471.800048828125,1471.800048828125,1463.699951171875,1463.800048828125,83,1465.2571323939733,1487.0033243815103,1475.6800949246833,39.71790600854403,-8.70190727138288,-5.74014456709877,0.006909829646058796,0.008674976516439899,8.10009765625,-39.5999755859375,0
2019-11-20,1473.300048828125,1474.5,1467.300048828125,1472.5999755859375,31,1467.2000209263392,1482.9233357747396,1473.881666068313,32.409971674708885,-6.846783995849364,-6.828544769408389,0.0,0.007669287713167174,7.199951171875,-16.89990234375,0
2019-11-22,1463.0999755859375,1468.5999755859375,1463.0999755859375,1468.5999755859375,19,1468.9714529854912,1481.2133341471354,1471.198223103811,30.495206803697954,-7.238592639929266,-6.955893705287933,0.0,0.007791368988193592,5.5,1.7999267578125,0
2019-11-26,1459.800048828125,1459.800048828125,1459.800048828125,1459.800048828125,346362,1465.7285853794642,1479.4500040690104,1467.9915579316541,32.7665334322442,-7.849376273388543,-7.265466158208882,0.0021969472029548243,0.006088640795734812,0.0,7.7000732421875,0
2019-11-27,1453.4000244140625,1461.9000244140625,1452.0,1461.0999755859375,88364,1463.2285853794642,1478.2966715494792,1466.0460201293088,42.1283584798558,-8.329626598329924,-7.478298246233091,-0.00438417879160935,0.004137406125658402,9.9000244140625,-8.2999267578125,1
2019-12-02,1462.300048828125,1464.4000244140625,1453.300048828125,1462.800048828125,2172,1460.5571463448662,1476.543339029948,1465.4950143641393,54.509307438503555,-7.271885524206937,-7.462528158461062,-0.0022515876178922367,0.004645416974647752,11.0999755859375,-5.0,1
2019-12-05,1476.9000244140625,1478.0,1472.300048828125,1474.699951171875,907,1467.1714390345983,1475.7133382161458,1469.2708566045735,53.38644126596602,-3.544382581743548,-5.990297318328299,0.001967452112661139,0.004918667772194272,5.699951171875,3.5999755859375,0
2019-12-10,1462.5999755859375,1467.199951171875,1460.699951171875,1460.699951171875,367,1467.4857177734375,1472.1333374023438,1466.210628671092,43.786250710659246,-4.4031601209082964,-5.179842604820435,0.002261307919822597,0.005845720813539574,6.5,6.0,1
2019-12-12,1466.699951171875,1483.9000244140625,1463.699951171875,1475.0999755859375,955,1466.857142857143,1470.6633382161458,1466.644424068162,52.10771344073802,-3.471006780134985,-4.614725796693029,-0.001837534502059257,0.005713403154111909,20.2000732421875,13.2999267578125,1
2019-12-18,1472.5999755859375,1472.5999755859375,1472.5999755859375,1472.5999755859375,250,1470.9285539899554,1466.9833333333333,1469.971898882335,61.82263714126791,-0.8238176717263741,-2.709676606180331,-0.0013563000360183874,0.005597279411286962,0.0,-1.4000244140625,1
2019-12-20,1474.699951171875,1478.0999755859375,1474.699951171875,1476.699951171875,118,1473.9142543247767,1466.9333333333334,1471.5531030077316,58.28869936451673,0.14504625964286788,-1.7251551258892277,-0.0023677446323991935,0.005256535488132398,3.4000244140625,15.5999755859375,1
2019-12-23,1482.5,1482.5,1479.9000244140625,1482.300048828125,391,1476.1714041573662,1467.639998372396,1473.0126892733674,53.22341546975887,0.9770538412005862,-1.184713332471265,0.00528924465070113,0.004587680303473994,2.5999755859375,23.199951171875,1
2019-12-24,1499.0999755859375,1499.0999755859375,1488.699951171875,1488.699951171875,52,1479.5285470145088,1469.093330891927,1476.4909941150436,65.86593290935494,2.941991692966212,-0.3593723273837697,0.011197285386804312,0.005340242024441375,10.4000244140625,36.5,1
2019-12-30,1514.5,1515.0999755859375,1510.0,1512.5999755859375,446,1496.0142822265625,1474.160001627604,1489.1558961830003,87.49991707190861,9.007915483820398,3.4715555836661793,0.0004623802016765488,0.003908319768157417,5.0999755859375,38.9000244140625,1
2019-12-31,1519.5,1523.4000244140625,1513.800048828125,1513.800048828125,301,1501.9142892020088,1475.9,1493.2017766919337,87.78213497736111,10.581106869726682,4.89346584087828,0.003301419610432399,0.003909989906474016,9.5999755859375,44.5,1
2020-01-02,1524.5,1528.699951171875,1518.0,1518.0999755859375,214,1509.0285818917412,1477.6866658528645,1497.3748731330093,87.48291433667767,12.09194220774748,6.333161114252119,0.0032905561039815456,0.0038755817102614073,10.699951171875,49.9000244140625,1
2020-01-03,1549.199951171875,1552.699951171875,1530.0999755859375,1530.0999755859375,107,1518.5571463448662,1480.2166625976563,1504.2848835381915,93.19371727748691,15.10821167195627,8.08817122579295,0.01620200142464734,0.005083168614388015,22.5999755859375,76.5999755859375,1
2020-01-06,1566.199951171875,1580.0,1560.4000244140625,1580.0,416,1528.142857142857,1483.3133260091147,1512.5402258893494,93.72586724732558,18.655337757339566,10.201604532102273,0.010973405974574524,0.005401118883681334,19.5999755859375,88.0,1
2020-01-07,1571.800048828125,1576.300048828125,1558.300048828125,1558.300048828125,47,1537.0714285714287,1486.936661783854,1520.4415356145196,94.56720155746292,21.66856014145924,12.494995653973668,0.003575595601353454,0.00523777795241437,18.0,97.10009765625,0
2020-01-08,1557.4000244140625,1604.199951171875,1552.300048828125,1579.699951171875,236,1543.2999965122767,1490.0799967447917,1525.3693341211253,83.76834538104626,22.63369185505894,14.522734894190723,-0.009161486173001832,0.006300161914973643,51.89990234375,74.9000244140625,0
2020-01-09,1551.699951171875,1555.699951171875,1543.300048828125,1555.699951171875,54,1548.6142752511162,1493.2499959309896,1528.8800830612254,81.3142789211048,22.677208672831966,16.153629649918972,-0.0036599930350791343,0.006476419823849578,12.39990234375,52.5999755859375,1
2020-01-10,1557.5,1558.800048828125,1545.4000244140625,1551.199951171875,16,1554.0428466796875,1496.506660970052,1532.6960719863955,81.34383232492836,22.915555275064662,17.50601477494811,0.0037378675070167677,0.00647641288996352,13.4000244140625,48.199951171875,0
2020-01-13,1548.4000244140625,1558.0,1548.4000244140625,1557.4000244140625,48,1557.4571358816963,1499.6733276367188,1534.7899323100846,77.89551500926385,22.115224158561887,18.427856651670865,-0.005842680954052937,0.006788360309181366,9.5999755859375,34.5999755859375,0
2020-01-14,1542.4000244140625,1546.699951171875,1534.9000244140625,1546.699951171875,32,1556.4857177734375,1502.233329264323,1535.8046112572817,72.98539748683507,20.75752628485111,18.893790578306916,-0.0038749676475047234,0.007040825165170792,11.7999267578125,27.9000244140625,1
2020-01-16,1549.0,1556.0999755859375,1548.5,1555.699951171875,98,1551.2142857142858,1507.5866617838542,1539.4470163009555,67.06789961479117,19.340697492486697,19.197131092948975,-0.001997278290509108,0.006686416931310277,7.5999755859375,24.5,1
2020-01-22,1555.300048828125,1557.0999755859375,1549.800048828125,1549.800048828125,42,1551.771449497768,1516.269999186198,1545.4579386107398,64.99162684562111,17.98170944268645,18.87344749596996,-0.000706743490544226,0.006870212304310521,7.2999267578125,-16.5,1
2020-01-23,1564.5999755859375,1564.5999755859375,1552.199951171875,1553.0999755859375,15,1554.085728236607,1519.7799967447916,1548.010210207433,66.20854965357512,17.965703629267864,18.69189872262954,0.005979506504111276,0.0069555601316497635,12.4000244140625,7.199951171875,1
2020-01-24,1571.0999755859375,1571.0999755859375,1556.300048828125,1556.300048828125,43,1558.1857212611608,1523.3966634114583,1551.0888455912336,60.37914648073431,18.266944617281524,18.606907901559936,0.004154416529097649,0.0056744429331050525,14.7999267578125,19.4000244140625,1
2020-01-27,1576.800048828125,1584.5,1576.800048828125,1584.300048828125,22,1561.7143031529017,1526.9766642252605,1554.517006022819,55.62636713283088,18.749496024734526,18.635425526194854,0.0036280779904294125,0.004980277306079323,7.699951171875,19.300048828125,0
2020-01-29,1569.800048828125,1569.800048828125,1569.800048828125,1569.800048828125,251274,1566.1714390345983,1533.5333333333333,1558.2514409474174,57.52426213625313,17.80065501452259,18.416022267649772,0.000382422683483874,0.004366604553558956,0.0,27.4000244140625,1
2020-01-31,1582.9000244140625,1589.0,1570.0,1573.4000244140625,1095,1573.9857177734375,1540.7600016276042,1564.4555300112686,64.90610479985213,18.423260109238754,18.39786286317392,-0.00037889206563779254,0.004660883624616595,19.0,33.9000244140625,0
2020-02-03,1577.199951171875,1593.300048828125,1568.199951171875,1592.9000244140625,1062,1575.7857142857142,1544.2466674804687,1566.1547861660163,67.60383043305023,17.860282330628706,18.290346756664878,-0.003601031748229011,0.004434592706480387,25.10009765625,18.39990234375,0
2020-02-04,1550.4000244140625,1577.699951171875,1547.800048828125,1577.699951171875,978,1572.828578404018,1546.6533365885416,1564.054151265756,53.89863176680547,15.07778099826669,17.64783360498524,-0.01699209205395924,0.0065155092747940626,29.89990234375,-6.0,1
2020-02-05,1557.800048828125,1560.699951171875,1547.699951171875,1553.199951171875,1305,1570.114292689732,1549.42333984375,1563.2202709407386,52.84150724327246,13.316247360663283,16.78151635612085,0.004772977488090024,0.0064218501004624,13.0,2.5,1
2020-02-07,1568.5999755859375,1571.9000244140625,1560.5,1564.9000244140625,431,1569.357142857143,1554.493339029948,1564.1547752079882,54.989775686645004,11.761035641393846,15.071050659684646,0.0022362788669072486,0.006307064596355074,11.4000244140625,-2.5,1
2020-02-10,1574.699951171875,1574.699951171875,1568.5999755859375,1569.300048828125,128,1568.0999930245537,1556.6733357747396,1565.5607986698396,58.979353470737266,11.639085918752926,14.384657711498303,0.003888802550604975,0.006341028340464073,6.0999755859375,-2.10009765625,0
2020-02-12,1567.4000244140625,1568.699951171875,1561.0,1565.199951171875,36,1564.2285679408483,1560.1633341471354,1565.8105558793743,51.36720938604919,9.959285289087802,12.907634493996882,0.001149750163640162,0.006391617111601013,7.699951171875,-2.4000244140625,1
2020-02-13,1575.0999755859375,1575.0999755859375,1570.199951171875,1570.199951171875,74,1567.7571323939733,1562.0166666666667,1567.0491451735827,51.930500110758665,9.891467512364898,12.304401097670485,0.004912562876061788,0.006431272494936127,4.9000244140625,-8.4000244140625,1
2020-02-14,1582.699951171875,1582.699951171875,1574.800048828125,1575.800048828125,68,1571.3142613002233,1563.9566650390625,1569.1359193066885,52.79616224822275,10.331876508826326,11.909896179901654,0.004825075045227001,0.006488044876459319,7.89990234375,-0.2000732421875,1
2020-02-18,1600.0,1604.300048828125,1579.800048828125,1579.800048828125,310,1576.2999790736608,1565.65,1573.2511300657966,63.36808241445008,11.939244985120013,11.915765940945327,0.0109307192530812,0.006887761537782999,24.5,22.800048828125,1
2020-02-19,1607.5,1610.5,1599.699951171875,1600.5999755859375,542,1581.8571254185267,1567.0266682942708,1577.8176460570237,65.43816396432064,13.660810087798836,12.26477477031603,0.004687499999999956,0.006934228016712017,10.800048828125,57.0999755859375,1
2020-02-20,1616.5999755859375,1621.0,1603.0,1606.5,117,1587.8428431919642,1568.519999186198,1582.9886233275456,64.08511062698494,15.579859886350732,12.927791793522971,0.0056609490425738596,0.006741595069093975,18.0,58.7999267578125,1
2020-02-21,1644.5999755859375,1645.0,1619.300048828125,1619.300048828125,186,1599.1285574776787,1571.4266642252603,1591.203470295331,71.29054270357702,19.139458903605373,14.170125215539452,0.017320302129691267,0.007918890760673904,25.699951171875,79.5,1
2020-02-24,1672.4000244140625,1686.5999755859375,1650.0,1657.0,435,1614.1285574776787,1575.45,1602.029677511162,78.50303677535318,23.927872753514748,16.12167472313451,0.01690383633759951,0.008524152573135413,36.5999755859375,103.800048828125,0
2020-02-25,1646.9000244140625,1653.699951171875,1632.300048828125,1645.0999755859375,409,1624.385707310268,1578.430000813802,1608.0123904315487,79.11889814014,25.372608701409035,17.971861518789417,-0.015247548210802098,0.008196526623050504,21.39990234375,72.2000732421875,0
2020-02-27,1640.0,1658.0,1638.5,1641.0999755859375,707,1638.2857142857142,1584.7366658528647,1615.9737510352522,73.71754681229547,25.60151159688985,20.728685450476064,0.0,0.008556261430809045,19.5,72.5999755859375,0
2020-02-28,1564.0999755859375,1642.5,1564.0999755859375,1640.300048828125,289,1632.0857107979912,1585.1366658528646,1609.0572476420102,49.023013667843735,19.205352403889492,20.424018841158748,-0.046280502691501524,0.015807270071639214,78.4000244140625,-11.0,1
2020-03-02,1592.300048828125,1608.300048828125,1574.300048828125,1583.9000244140625,537,1628.614292689732,1586.5800008138021,1606.8229544668256,53.4865466406018,16.22483064631274,19.584181202189548,0.01802958486181372,0.016516719077331186,34.0,9.60009765625,1
2020-03-04,1641.0999755859375,1645.9000244140625,1631.300048828125,1645.4000244140625,83,1623.7857142857142,1592.1799967447917,1615.4696797231381,62.606900249820214,18.534245642174028,19.069110602180558,-0.0006089763198755538,0.018263217068864256,14.5999755859375,33.5999755859375,1
2020-03-09,1674.5,1701.5999755859375,1657.699951171875,1696.0999755859375,161,1635.9000069754463,1602.869999186198,1634.83470033975,62.70896881231581,24.70679710215768,21.084886617791366,0.0022144787309947844,0.018442131607084647,43.9000244140625,2.0999755859375,0
2020-03-10,1659.0999755859375,1674.5999755859375,1643.0,1671.5999755859375,48,1649.471435546875,1605.613330078125,1638.070070372575,58.571421039803425,24.482404675215776,21.76439022927625,-0.009196789736675148,0.018739410886303452,31.5999755859375,12.199951171875,0
2020-03-11,1641.4000244140625,1666.5,1635.0,1656.5999755859375,47,1656.4857177734375,1608.019999186198,1638.5140642447734,54.00517458099457,22.61563496318604,21.93463917605821,-0.010668405420007354,0.019028406942053048,31.5,1.4000244140625,0
2020-03-12,1589.300048828125,1647.5,1566.4000244140625,1637.0,256,1648.94287109375,1608.6699991861979,1631.9521955225537,41.7141272669608,16.73921465815124,20.895554272476815,-0.031741181193497225,0.020316795119019213,81.0999755859375,-50.699951171875,0
2020-03-13,1515.699951171875,1589.800048828125,1513.800048828125,1574.9000244140625,89,1631.0285818917412,1606.4099975585937,1616.4518962757966,29.354410693291598,6.073188513159494,17.93108112061335,-0.04630975611591981,0.02262645077746696,76.0,-48.4000244140625,0
2020-03-16,1485.9000244140625,1569.0999755859375,1452.0999755859375,1569.0999755859375,193,1605.2428676060267,1603.1766642252603,1599.0449800275653,29.02553680079133,-4.72979693739353,13.398905509011975,-0.019660835071461547,0.02278396330589956,117.0,-106.4000244140625,1
2020-03-17,1524.9000244140625,1537.699951171875,1469.300048828125,1469.300048828125,122,1584.4000069754463,1601.4333333333334,1589.158985945765,36.16254281926345,-10.028662496232528,8.713391907963075,0.026246718728858642,0.024470371536662636,68.39990234375,-117.199951171875,0
2020-03-19,1478.5999755859375,1491.5999755859375,1471.0,1481.5,262,1530.44287109375,1596.3566650390626,1561.491862941972,39.00745416947595,-23.693851042047754,-2.0202886095489405,0.0008799341466505517,0.0227965317878064,20.5999755859375,-187.800048828125,1
2020-03-20,1484.0,1484.0,1483.5,1483.5,14,1507.9571533203125,1593.6533325195312,1551.1596145497092,35.208946713836525,-27.561349896986485,-7.12850086703645,0.003652119912907814,0.022050874012479883,0.5,-186.800048828125,1
2020-03-23,1567.0,1567.0,1490.199951171875,1505.300048828125,51,1504.7714320591517,1593.6,1553.2716659430814,40.59604440755535,-23.656269513853204,-10.4340545963998,0.055929919137466255,0.02581585871472003,76.800048828125,-107.5,1
2020-03-24,1660.199951171875,1685.5,1592.699951171875,1592.699951171875,442,1525.4142892020088,1596.45,1567.528770640254,51.94302953506226,-12.892392544538097,-10.92572218602746,0.059476675923340716,0.030768759370729655,92.800048828125,1.0999755859375,0
2020-03-25,1632.300048828125,1676.5,1631.0999755859375,1676.5,476,1546.328578404018,1598.6733357747396,1576.1649410653035,46.549282116973615,-6.537866985806659,-10.0481511459833,-0.016805145864542737,0.030833562654131907,45.4000244140625,-9.0999755859375,1
2020-03-26,1650.0999755859375,1660.5,1650.0999755859375,1660.5,3,1564.2142857142858,1601.430000813802,1586.0229456680547,47.96058244538643,-0.06480731112560534,-8.051482379011762,0.010904812978834055,0.030988164515907607,10.4000244140625,60.7999267578125,0
2020-03-30,1622.0,1652.800048828125,1607.199951171875,1641.199951171875,16389,1605.642857142857,1604.3666707356772,1595.196793122964,46.40851869402399,5.06905765635338,-3.672354449068137,-0.0011700378012791113,0.031170950317719666,45.60009765625,136.0999755859375,0
2020-03-31,1583.4000244140625,1621.0,1576.0,1618.699951171875,2874,1619.8428606305804,1603.813338216146,1593.6238906284439,44.60364375798716,3.6178681129340475,-2.2143099366677,-0.023797765466052723,0.0316722277077215,45.0,58.5,0
2020-04-01,1578.199951171875,1600.0,1570.0,1570.0,2158,1621.4428536551338,1602.836669921875,1591.567365367568,48.86849101109111,2.024846324691225,-1.366478684395915,-0.0032841184552284686,0.030516080357580553,30.0,100.89990234375,1
2020-04-02,1625.699951171875,1631.199951171875,1586.0,1590.9000244140625,1294,1616.5142822265625,1603.1400024414063,1596.1183768081423,61.84324730401576,4.542850948436126,-0.18461275782950692,0.03009758045216593,0.028367800681937543,45.199951171875,147.0999755859375,1
2020-04-03,1633.699951171875,1636.0,1619.800048828125,1624.5,643,1616.7142682756696,1602.7766682942708,1601.1292533899734,66.69679354246,7.102052850818154,1.2727203639000253,0.004920957273962578,0.02744410147433663,16.199951171875,149.699951171875,1
2020-04-06,1677.0,1696.699951171875,1625.9000244140625,1629.0999755859375,1063,1620.55712890625,1602.930000813802,1611.245352937977,67.01723544067022,12.480325440388697,3.5142413791977596,0.026504284827250757,0.027457978117218115,70.7999267578125,110.0,0
2020-04-08,1665.4000244140625,1677.0,1662.5,1669.699951171875,747,1632.5999930245537,1604.3733357747396,1624.65451843765,72.73614138767981,17.876404289434277,8.316976198526348,0.0003603889766581325,0.025577386359733407,14.5,33.0999755859375,1
2020-04-09,1736.199951171875,1736.199951171875,1662.699951171875,1662.699951171875,825,1654.4285539899554,1607.5800008138021,1639.5272428022136,76.48048155511829,25.12079221549925,11.677739401920928,0.04251226475316172,0.02703894632545276,73.5,86.0999755859375,1
2020-04-13,1744.800048828125,1756.800048828125,1710.699951171875,1722.0,696,1678.2285679408483,1613.6033365885417,1653.5636169390018,72.12545237128836,31.196365563592735,15.58146463425529,0.004953402775092375,0.023856120670163062,46.10009765625,120.9000244140625,1
2020-04-14,1756.699951171875,1775.0,1739.5,1756.800048828125,675,1696.9428536551338,1619.0833333333333,1667.3151281700516,65.05461365192757,36.55019597412365,19.775210902228963,0.006820209772313124,0.018704947880713044,35.5,134.699951171875,0
2020-04-15,1727.199951171875,1744.9000244140625,1722.699951171875,1739.4000244140625,642,1710.2999965122767,1621.9199991861979,1675.2997712369615,64.73144140053861,37.97498964648685,23.41516665108054,-0.016792850697309403,0.018703885819959847,22.2000732421875,143.7999267578125,0
2020-04-16,1720.4000244140625,1750.5999755859375,1715.0,1731.0,162,1716.5,1624.5633341471355,1681.3131383272416,61.29863097550353,38.11607327068987,26.355347975002406,-0.0039369655801569925,0.01871556968376291,35.5999755859375,142.2000732421875,0
2020-04-17,1689.199951171875,1725.0,1684.9000244140625,1715.699951171875,223,1719.9857003348213,1625.323331705729,1682.364713373193,60.328999019498426,35.30334293676333,28.144946967354592,-0.018135359683463026,0.018900890359751708,40.0999755859375,63.5,1
2020-04-20,1701.5999755859375,1701.5999755859375,1680.0,1686.0,106,1725.1571219308037,1626.3499959309895,1684.929415001559,62.18615761423909,33.686495272993625,29.2532566284824,0.007340767684405947,0.018893869003085473,21.5999755859375,67.9000244140625,0
2020-04-21,1678.199951171875,1707.0999755859375,1659.9000244140625,1697.0,666,1716.8714076450892,1626.4733276367188,1684.0321531576012,65.221567007933,30.16917398461078,29.43644009970808,-0.013751777591560432,0.01794032089752148,47.199951171875,1.199951171875,1
2020-04-23,1733.300048828125,1745.0999755859375,1733.300048828125,1734.0,482,1711.228550502232,1631.8566609700522,1695.762818128654,67.14469103145119,31.83849102132035,30.182719021743196,0.002661015668526945,0.0178160485583988,11.7999267578125,67.9000244140625,0
2020-04-24,1723.5,1744.0,1714.5,1744.0,221,1710.699986049107,1636.3299926757813,1699.4611090448336,64.22687278853994,31.27395193079883,30.400965603554322,-0.005653982895085452,0.018030388604448066,29.5,-12.699951171875,0
2020-04-28,1710.5,1716.5999755859375,1707.0999755859375,1716.5999755859375,1255,1712.528564453125,1650.3566609700522,1702.370346948189,58.36688664047959,27.750707419029823,29.734742947545136,-0.0008178190280367925,0.016821806411716492,9.5,-46.199951171875,0
2020-04-29,1703.4000244140625,1713.5,1702.0,1710.0,373,1712.7857142857142,1656.306660970052,1702.5076372769722,56.795419658028614,25.458458963926887,28.879486150821485,-0.004150818816683666,0.01690001161934391,11.5,-23.7999267578125,0
2020-04-30,1684.199951171875,1719.300048828125,1680.800048828125,1719.300048828125,327,1713.642857142857,1663.2033243815104,1700.0666124629593,38.59650343884552,21.84078314686053,27.471745550029294,-0.011271617334156159,0.012445627096972512,38.5,-36.2000732421875,1
2020-05-01,1694.5,1701.5,1670.5,1686.5999755859375,337,1708.7571498325892,1670.399991861979,1699.324397467898,39.05093468473256,19.579180254857192,25.893232490994876,0.006115692392080874,0.012500041918418326,31.0,5.300048828125,1
2020-05-05,1704.4000244140625,1704.4000244140625,1697.199951171875,1701.5,82,1702.2571498325892,1682.4099934895833,1700.8765535078326,44.38979056443614,17.374161472268497,23.01823234189993,-0.0014646434848216705,0.011781136467669505,7.2000732421875,26.2000732421875,0
2020-05-06,1684.199951171875,1704.0,1684.199951171875,1704.0,469,1698.2999965122767,1683.2099934895834,1698.653006529705,41.64358362953825,14.62525154847799,21.339636183215546,-0.01185172081250807,0.012123788750994697,19.800048828125,-44.5,1
2020-05-07,1721.800048828125,1721.800048828125,1685.5999755859375,1686.199951171875,853,1699.9142892020088,1686.1933268229166,1701.739278836161,57.309422931651724,15.304315648588272,20.132572076290096,0.022325198163132498,0.012651403808047952,36.2000732421875,-11.5,0
2020-05-08,1709.9000244140625,1728.9000244140625,1703.800048828125,1726.199951171875,330,1700.8428606305804,1688.186661783854,1702.827378246548,51.865175418768835,14.712648074064873,19.048587275845055,-0.006911385803573311,0.012713320498095664,25.0999755859375,-13.5999755859375,0
2020-05-11,1695.300048828125,1704.5,1690.199951171875,1702.300048828125,749,1702.4285888671875,1690.5666625976562,1701.8237343240917,54.00095051278566,12.916754935328527,17.82222080774175,-0.008538496624058811,0.012337012867899103,14.300048828125,-16.5999755859375,1
2020-05-12,1704.4000244140625,1713.0999755859375,1699.300048828125,1699.300048828125,324,1703.8428780691963,1693.313330078125,1702.1672396694212,42.948384148609435,12.0884406433413,16.67546477486166,0.005367766957965925,0.009188362887659668,13.7999267578125,-6.0999755859375,1
2020-05-13,1713.9000244140625,1721.300048828125,1701.9000244140625,1702.0,431,1704.8428780691963,1697.663330078125,1703.7316109687067,44.52596228364764,12.0595512049656,15.752282060882447,0.005573808885191767,0.00930913144618922,19.4000244140625,10.5,1
2020-05-14,1738.0999755859375,1743.0999755859375,1720.5,1724.300048828125,672,1709.6571568080358,1702.9933308919271,1708.3140595843374,53.810010136411506,13.829966682000759,15.36781898510611,0.01411981494086767,0.009985571448744417,22.5999755859375,53.9000244140625,1
2020-05-15,1753.4000244140625,1753.4000244140625,1739.699951171875,1739.699951171875,719,1719.5428815569196,1707.25,1714.325521561634,60.62466404150259,16.279954592667536,15.550246106618397,0.00880274382546209,0.00996551829608212,13.7000732421875,58.9000244140625,0
2020-05-18,1731.800048828125,1770.5,1731.800048828125,1755.699951171875,229,1720.9714529854912,1710.5200032552084,1716.6554585304996,54.94200108985158,16.29085926690277,15.698368738675272,-0.01231890913949063,0.010645091453304625,38.699951171875,24.9000244140625,1
2020-05-19,1744.199951171875,1749.5,1744.199951171875,1744.199951171875,167,1725.8714425223213,1712.7600016276042,1720.3280575493498,59.239106698105644,17.102917996168117,15.979278590173841,0.007160123567464316,0.01065847829866952,5.300048828125,39.7999267578125,1
2020-05-20,1750.5999755859375,1752.0999755859375,1745.5999755859375,1751.5999755859375,16,1733.7714320591517,1715.619999186198,1724.3643132875616,65.96153496285368,18.054784555019978,16.39437978314307,0.0036693180789062474,0.009981424229051643,6.5,66.4000244140625,0
2020-05-21,1720.5,1746.800048828125,1720.5,1746.800048828125,528,1736.0714285714287,1717.4566650390625,1723.8490715158869,55.70675909284308,16.193658768860132,16.35423558028648,-0.017194091172006765,0.011251292986525038,26.300048828125,-1.300048828125,1
2020-05-22,1734.5999755859375,1734.5999755859375,1726.5999755859375,1726.5999755859375,6,1739.028564453125,1717.4033325195312,1725.2825253918936,56.03484774986383,15.675753042754195,16.218539072780025,0.008195277876162477,0.01129068767281538,8.0,24.699951171875,0
2020-05-26,1704.800048828125,1726.4000244140625,1704.800048828125,1726.4000244140625,39,1734.2714320591517,1716.069999186198,1722.5515285167244,50.07788639566859,12.714143253384464,15.517659908900914,-0.017179711274783238,0.012312004856710149,21.5999755859375,9.5,1
2020-05-28,1713.300048828125,1727.800048828125,1705.0,1709.300048828125,23355,1725.471435546875,1714.0600056966146,1719.902271349784,47.95180481904746,9.217460596474893,13.484818400295357,0.0017540781818112805,0.010167898666603468,22.800048828125,-0.5999755859375,1
2020-06-01,1737.800048828125,1747.0,1727.0999755859375,1740.4000244140625,871,1722.6000279017858,1716.2300089518228,1724.2528264787684,60.340644888425814,10.293039735603088,12.263800514983853,0.0005181785948595863,0.01025942205708065,19.9000244140625,-15.5999755859375,0
2020-06-02,1725.199951171875,1745.5,1721.800048828125,1743.0,741,1723.271449497768,1717.0166748046875,1724.3791097711826,54.976061939330435,9.523058391681161,11.715652090323315,-0.007250602659809369,0.01047569046154488,23.699951171875,-6.60009765625,0
2020-06-03,1697.800048828125,1726.300048828125,1684.5,1726.300048828125,2755,1718.0143171037946,1717.670011393229,1720.835234978775,46.45218352205203,6.625524577520764,10.697626587762805,-0.015882160398357326,0.011280696700853179,41.800048828125,-46.39990234375,1
2020-06-04,1718.9000244140625,1718.9000244140625,1694.5,1694.5,807,1720.028599330357,1717.3433471679687,1720.57720690348,45.710462929428246,5.963061384363982,9.750713547083041,0.012427833065796756,0.011118594738094786,24.4000244140625,-31.699951171875,0
2020-06-05,1676.199951171875,1711.800048828125,1668.5999755859375,1711.800048828125,1502,1715.1571568080358,1715.440010579427,1714.6602394725994,34.63373292921813,1.9698087506410502,8.194532587794644,-0.02484151063802742,0.012454128877385616,43.2000732421875,-44.300048828125,1
2020-06-08,1698.300048828125,1699.4000244140625,1675.9000244140625,1679.0999755859375,587,1713.0142996651787,1714.6000122070313,1712.478880720003,43.345250993488605,0.5817148050532523,6.671969031246365,0.013184642823070858,0.012866425486375493,23.5,-36.2999267578125,1
2020-06-10,1713.300048828125,1740.800048828125,1711.9000244140625,1716.0999755859375,718,1706.3428606305804,1714.7866780598958,1712.84502683108,42.5608392132765,0.8427918707448043,4.565946858621503,-0.0008164124241055726,0.012936971245050841,28.9000244140625,3.0,1
2020-06-12,1729.300048828125,1743.0,1724.9000244140625,1724.9000244140625,318,1711.8142961774554,1717.2433471679688,1717.2524933302059,48.837224250182786,3.309498452018488,3.9619835844682636,-0.0015588632632073107,0.012291349419367893,18.0999755859375,-7.5999755859375,0
2020-06-15,1720.300048828125,1730.0,1703.300048828125,1730.0,188,1712.0142996651787,1718.1033487955729,1717.6588340632618,53.742156195883204,3.2963828738334087,3.8288634423412926,-0.005204417825639296,0.011399224659086707,26.699951171875,-17.5,1
2020-06-18,1724.800048828125,1734.0999755859375,1717.300048828125,1730.5,110,1725.5000174386162,1721.0400146484376,1721.1405194413987,46.800636496557686,4.420401203488382,4.068317745381085,-0.00254447285912085,0.010834483393172575,16.7999267578125,5.9000244140625,1
2020-06-19,1745.9000244140625,1750.699951171875,1723.5,1723.699951171875,1329,1730.1571568080358,1721.8433471679687,1724.4417867710874,51.93501860219074,6.024706572925879,4.459595510890044,0.012233287910835555,0.011354473461691874,27.199951171875,69.7000732421875,1
2020-06-22,1756.699951171875,1767.5999755859375,1750.5,1755.199951171875,1356,1733.6857212611608,1723.4033447265624,1728.7428753578592,57.590379307180214,8.074515973274629,5.182579603366961,0.006185879263869598,0.011225886208974857,17.0999755859375,58.39990234375,1
2020-06-23,1772.0999755859375,1776.300048828125,1754.199951171875,1755.4000244140625,666,1739.7999965122767,1725.9633422851562,1734.5238220549363,69.00257440839496,10.816966699190743,6.309457022531718,0.00876645121085673,0.01020113751148158,22.10009765625,57.4000244140625,0
2020-06-25,1762.0999755859375,1764.800048828125,1759.800048828125,1761.699951171875,207,1750.9428536551338,1729.6166748046876,1741.8147842861938,80.31061256733486,13.097083890093245,8.631834375585287,-0.002095408959039924,0.006521725772619259,5.0,30.0999755859375,1
2020-06-29,1774.800048828125,1780.199951171875,1774.300048828125,1779.800048828125,584,1764.2714320591517,1731.4766764322917,1749.7586667076023,75.92764231923746,15.388415623569017,10.901383320962552,0.0012976298043019252,0.005666184735674957,5.89990234375,54.5,1
2020-06-30,1793.0,1793.199951171875,1774.4000244140625,1777.300048828125,986,1771.0,1733.5166748046875,1755.5241778132554,80.03019108139634,17.46218305274556,12.213543267319153,0.010254648789249421,0.0059370355008787476,18.7999267578125,63.4000244140625,0
2020-07-01,1773.199951171875,1798.0,1765.800048828125,1793.5999755859375,331,1773.357142857143,1734.4833414713542,1757.8809475944047,65.39611782995526,17.308439302389615,13.232522474333246,-0.01104297201791693,0.006622713413311908,32.199951171875,44.0,1
2020-07-06,1788.5,1790.0999755859375,1788.199951171875,1788.199951171875,172,1778.2999965122767,1737.8633422851562,1764.9816895264642,74.81804936121821,18.43389555783665,15.011958292300157,0.002522421524663754,0.00629364840517343,1.9000244140625,42.5999755859375,1
2020-07-07,1804.199951171875,1804.199951171875,1783.300048828125,1789.300048828125,751,1784.3142787388392,1740.1833414713542,1770.2107910791856,75.9388086169121,19.931922150054106,15.995951063850947,0.008778278541724971,0.006463336373290104,20.89990234375,47.5,1
2020-07-08,1815.5,1817.9000244140625,1801.5,1801.5,209,1790.4571358816963,1743.87333984375,1776.2493522686275,77.8927201251162,21.779873692638148,17.15273558960839,0.006263190962168652,0.0064435075082009035,16.4000244140625,43.4000244140625,0
2020-07-10,1798.199951171875,1805.5,1797.699951171875,1805.5,236,1794.6856863839287,1749.6666666666667,1781.828167995658,67.84978948096412,21.273507612465437,18.701125338415018,-0.0005558025940077815,0.006638213099805029,7.800048828125,36.0999755859375,1
2020-07-15,1811.4000244140625,1813.5,1806.0999755859375,1806.0999755859375,167,1807.1571219308037,1757.4366658528645,1792.0173293485348,67.81243950145864,21.69474160017853,20.18643318896493,0.00044186945703783564,0.0062765414530662,7.4000244140625,18.4000244140625,0
2020-07-16,1798.699951171875,1810.9000244140625,1794.300048828125,1810.9000244140625,146,1806.3714076450892,1760.7999959309896,1792.9083455916468,63.357619617448705,20.339601618627967,20.21706687489754,-0.007011191934976124,0.006640642808080895,16.5999755859375,25.5,1
2020-07-17,1808.300048828125,1810.0999755859375,1798.5,1798.5,24,1805.3428431919642,1763.7799967447916,1794.960572689844,63.14241311256782,19.811911684080997,20.13603583673423,0.005337242406658893,0.0066134360074895935,11.5999755859375,24.300048828125,1
2020-07-20,1815.9000244140625,1817.300048828125,1807.0,1807.0,89,1807.7285679408483,1768.4366658528645,1797.7524995864064,64.52292198476326,19.77896848655837,20.06462236669906,0.004202828834110051,0.006653755260856983,10.300048828125,27.4000244140625,1
2020-07-21,1842.4000244140625,1842.4000244140625,1822.0,1822.0,117,1814.0428641183037,1773.2399983723958,1803.7055028967607,66.48861400056228,21.641717052754757,20.380041303910197,0.014593314413633873,0.007166291924189992,20.4000244140625,38.2000732421875,1
2020-07-22,1864.0999755859375,1867.0,1854.699951171875,1858.0999755859375,213,1821.6285749162946,1778.2199991861978,1811.7580992553176,79.96039361759483,24.585556426844505,21.221144328497058,0.011778088842989476,0.006548161338194531,12.300048828125,48.5999755859375,1
2020-07-23,1889.0999755859375,1890.300048828125,1868.5,1868.699951171875,133,1832.8428606305804,1784.0799967447917,1822.0703494327336,81.6756496241874,28.6061079999713,22.698137062791908,0.0134112978528107,0.007036668749472985,21.800048828125,89.9000244140625,1
2020-07-24,1897.300048828125,1897.300048828125,1884.300048828125,1884.300048828125,474,1845.114292689732,1789.589998372396,1832.1009760187858,82.07542145122308,32.084254157780606,24.575360481789648,0.004340730161538575,0.007021677043176929,13.0,99.10009765625,1
2020-07-27,1931.0,1938.0,1901.5,1901.699951171875,364,1864.0142996651787,1796.313330078125,1845.2875125496143,83.79526060923126,37.13198011099735,27.08668440763119,0.017762056767294032,0.007831190968272205,36.5,120.0,1
2020-07-28,1944.699951171875,1944.699951171875,1928.5999755859375,1931.5,825,1883.5,1803.7933268229167,1858.5425043659159,83.99994346224369,41.756468286219615,30.02064118334888,0.007094744263011377,0.007845534390792183,16.0999755859375,134.0999755859375,1
2020-07-29,1953.5,1953.5,1952.5999755859375,1953.199951171875,209835,1903.1571393694196,1811.256660970052,1871.2035037837938,92.27392942806958,45.605783791145086,33.13766970490812,0.004525144777641543,0.006755699255189243,0.9000244140625,142.0999755859375,0
2020-07-30,1942.300048828125,1965.0999755859375,1930.0,1963.4000244140625,28853,1917.4285714285713,1818.3599975585937,1880.683043123038,87.38971240339541,47.20846184207767,35.95182813234203,-0.005733274211351391,0.007260086398993885,35.0999755859375,143.60009765625,1
2020-08-03,1966.0,1984.300048828125,1955.5,1984.300048828125,683,1942.5142996651787,1833.6299967447917,1901.5477135881097,88.2381812010585,51.095442201326705,41.15809216494484,0.0016302991095733521,0.007274348155870086,28.800048828125,150.0999755859375,1
2020-08-04,2001.199951171875,2016.199951171875,1968.800048828125,1971.0,2010,1957.357142857143,1841.7799967447916,1914.8346785992785,89.94106613221511,54.52296859208286,43.831067450372444,0.01790434952791209,0.007744101422414892,47.39990234375,158.7999267578125,1
2020-08-05,2031.0999755859375,2050.199951171875,2011.0,2024.0,1422,1971.6571393694196,1850.413330078125,1930.3367181974995,95.60441350419988,58.97219527779043,46.859293015856046,0.014941047943037189,0.0068188320734872175,39.199951171875,167.0,1
2020-08-06,2051.5,2063.0,2040.0,2045.5,294,1986.9142892020088,1859.936661783854,1946.491822437833,95.78314858851527,63.413361206713944,50.170106654027634,0.010043830761298445,0.006753944192452128,23.0,162.4000244140625,0
2020-08-07,2010.0999755859375,2055.0,2009.5999755859375,2040.0999755859375,808,1995.0,1868.2033284505208,1954.972909524247,82.43153215008537,62.86768172532766,52.709621668287646,-0.02018036773778331,0.010313070864809091,45.4000244140625,112.7999267578125,1
2020-08-10,2024.4000244140625,2043.800048828125,2017.5,2026.4000244140625,233,2006.7285679408483,1876.5999959309895,1964.2298581762223,81.68524215574848,62.864458884600936,54.74058911155031,0.007114098304466854,0.010099568720644754,26.300048828125,93.4000244140625,0
2020-08-12,1934.9000244140625,1946.5999755859375,1871.5999755859375,1923.0,404,1997.9714181082588,1886.5899943033853,1956.6642050197238,56.84399812626138,48.08045135712155,53.421659136238354,0.0011901318727005616,0.016789787247412234,75.0,-18.5999755859375,1
2020-08-13,1956.699951171875,1957.4000244140625,1916.9000244140625,1921.5,71,1991.6142752511162,1892.706660970052,1956.668971173344,58.529567873837756,43.98935962864539,51.53519923471976,0.011266694135483313,0.01697002637433414,40.5,14.39990234375,0
2020-08-14,1937.0,1947.4000244140625,1937.0,1938.699951171875,201,1978.171421595982,1897.806660970052,1954.0464416835648,50.89766619937569,38.71127901138607,48.970415190053025,-0.010067946881726408,0.016651597867760555,10.4000244140625,-25.800048828125,1
2020-08-17,1985.0,1985.0,1949.5999755859375,1949.5999755859375,97,1968.671421595982,1904.3566609700522,1958.173582792423,55.46812060083108,37.96393631682258,46.769119415406934,0.0247805885389778,0.01783150225803163,35.4000244140625,19.0,1
2020-08-18,1999.4000244140625,2002.800048828125,1972.0999755859375,2001.0999755859375,92,1967.142857142857,1910.863330078125,1963.6704416753084,56.13472699940319,38.09449385904895,45.03419430413534,0.007254420359729119,0.017880607032780493,30.7000732421875,-1.7999267578125,0
2020-08-19,1958.699951171875,1980.0,1938.699951171875,1980.0,347,1957.7571323939733,1915.6366617838542,1963.0077096081839,52.03170197913554,34.51592775618542,42.93054099454536,-0.020356143215570333,0.018760631966186034,41.300048828125,-72.4000244140625,0
2020-08-21,1934.5999755859375,1945.0,1908.9000244140625,1941.0,184,1957.885707310268,1924.6699991861979,1955.8449042706332,46.12918807888222,25.00103143419983,37.168960039011075,0.00041365536126503066,0.018847418368281247,36.0999755859375,-75.5,0
2020-08-24,1927.699951171875,1940.0,1922.199951171875,1930.199951171875,85,1953.7428501674108,1928.5599975585938,1952.0922438574655,40.25974152027183,20.77205256676484,33.88957854456183,-0.00356664142517249,0.018049000666893685,17.800048828125,-96.7000732421875,0
2020-08-25,1911.800048828125,1928.5,1911.800048828125,1927.5,176,1950.142857142857,1931.9333333333334,1946.7199511868869,33.58106925282402,15.953663209395245,30.302395477528513,-0.008248120945422155,0.017375172674594156,16.699951171875,-20.7999267578125,1
2020-08-26,1940.699951171875,1950.800048828125,1909.699951171875,1909.699951171875,287,1943.8142787388392,1936.2433308919271,1945.9172845182188,35.09950147482553,14.302169019967096,27.10235018601623,0.015116592533547024,0.01774343462170984,41.10009765625,5.7999267578125,0
2020-08-27,1921.5999755859375,1972.5,1921.5999755859375,1948.9000244140625,2303,1932.699986049107,1940.339998372396,1942.6749766605813,37.33904694977686,11.321630858773688,23.946206320567725,-0.00984179732390067,0.017217043102062516,50.9000244140625,-35.0999755859375,1
2020-09-01,1968.199951171875,1986.300048828125,1961.699951171875,1961.699951171875,186,1943.1714041573662,1954.7999918619792,1951.154276733986,55.78727403488152,13.712578484564574,18.678790231691856,0.0003049276242030885,0.013464082308461495,24.60009765625,-31.2000732421875,0
2020-09-02,1934.4000244140625,1967.300048828125,1934.4000244140625,1967.300048828125,71,1944.1285574776787,1957.1433268229166,1948.920376424663,46.27962001336788,11.305681020042357,17.204168389361957,-0.017173014732414726,0.013980753880485548,32.9000244140625,-24.2999267578125,0
2020-09-04,1923.9000244140625,1939.699951171875,1917.699951171875,1927.9000244140625,607,1943.9857003348213,1959.3133260091147,1943.1206387263303,37.40204786472273,6.350410426911594,13.680532484328381,-0.0019194600636733838,0.011712162883522321,22.0,-10.699951171875,1
2020-09-08,1933.0,1937.9000244140625,1903.0999755859375,1930.9000244140625,271,1945.6142752511162,1959.3799926757813,1941.7712202294863,36.00334304442451,5.125009136908602,11.969427814844426,0.004729962820551936,0.011574578187991316,34.800048828125,5.300048828125,1
2020-09-09,1944.699951171875,1946.199951171875,1924.5999755859375,1926.9000244140625,219,1942.7714146205358,1959.3799926757813,1942.1617176884715,46.637839549241605,5.039861676834562,10.583514587242453,0.006052742458290128,0.010517576606605064,21.5999755859375,32.89990234375,1
2020-09-10,1954.199951171875,1962.699951171875,1944.0999755859375,1944.0999755859375,722,1940.8571254185267,1959.4033243815104,1943.7668154862588,55.29044316436349,5.673551140573181,9.601521897908599,0.004885072370303334,0.009978503312254729,18.5999755859375,13.5,0
2020-09-11,1937.800048828125,1949.5,1937.800048828125,1944.0,73,1936.5142822265625,1959.2533243815103,1942.9712465985078,50.76777360006889,4.797121318182462,8.640641781963371,-0.008392131180801399,0.010277504292315384,11.699951171875,16.2000732421875,1
2020-09-16,1960.199951171875,1961.4000244140625,1956.699951171875,1961.300048828125,124,1948.4714181082588,1957.239990234375,1947.8229978060094,55.443897970534024,6.5383716856458705,7.342548415167457,0.0019935093014418204,0.009303874386060665,4.7000732421875,-8.0,0
2020-09-17,1940.0,1946.0,1933.699951171875,1939.0,67,1949.4714181082588,1954.2033243815104,1946.779931431875,55.10545693489004,5.394242784240305,6.952887288982026,-0.010305046258060946,0.00934519093855897,12.300048828125,5.5999755859375,1
2020-09-18,1952.0999755859375,1952.0999755859375,1949.0,1950.5,38,1950.528564453125,1950.889990234375,1947.4892706524165,45.813785400903626,5.401612862254069,6.642632403636435,0.006237100817493513,0.007222645403465166,3.0999755859375,24.5,0
2020-09-22,1898.5999755859375,1913.0999755859375,1898.5999755859375,1913.0999755859375,331,1937.3571254185267,1943.0666544596354,1935.6217099480234,32.530090210884254,-2.1615547311062073,4.02464251053894,-0.0013675445259373475,0.009887897311809522,14.5,-34.4000244140625,0
2020-09-23,1859.9000244140625,1875.5,1859.9000244140625,1875.5,5,1924.0428466796875,1940.6433227539062,1925.525485210162,31.749107646963125,-7.924725884236523,1.6347688315838478,-0.020383414973937142,0.010283127850079595,15.5999755859375,-84.7999267578125,1
2020-09-24,1868.300048828125,1868.300048828125,1851.5,1851.5,365,1911.4714181082588,1938.4233235677084,1917.8954270258905,35.58579328950188,-11.679633234607081,-1.0281115816543378,0.004516384915210114,0.010459780020402043,16.800048828125,-85.89990234375,0
2020-09-25,1857.699951171875,1857.699951171875,1856.300048828125,1856.300048828125,4,1896.8285609654017,1935.1233235677084,1909.8693635786885,34.430819175513335,-15.334002815201302,-3.8892898283637307,-0.005673659144257326,0.010500682492294973,1.39990234375,-80.10009765625,1
2020-09-28,1872.800048828125,1872.800048828125,1872.800048828125,1872.800048828125,10455,1887.2285679408483,1932.9833251953125,1904.9267882786135,36.23056003841923,-16.817800219838546,-6.474991906658694,0.00812838351356171,0.010716400966843228,0.0,-80.2999267578125,1
2020-09-29,1894.300048828125,1895.4000244140625,1872.4000244140625,1876.5,3283,1878.971435546875,1929.9599934895834,1903.509889685215,38.966741704666674,-16.07356399589503,-8.394706324505961,0.01148013639440748,0.011128303024906836,23.0,-62.0,0
2020-09-30,1887.5,1899.699951171875,1879.800048828125,1893.0,600,1877.0142996651787,1926.2299926757812,1901.3752377271865,35.22375595883898,-15.849752456349279,-9.885715550874625,-0.003589742201786761,0.010965059978094108,19.89990234375,-72.699951171875,1
2020-10-01,1908.4000244140625,1909.5999755859375,1882.5,1884.0999755859375,730,1878.414306640625,1924.553328450521,1902.3118759521035,43.614245208529645,-13.826539160639413,-10.673880272827583,0.011072860616721858,0.011376077115524177,27.0999755859375,-31.5999755859375,0
2020-10-02,1900.199951171875,1913.0,1893.9000244140625,1893.9000244140625,530,1884.1714390345983,1923.4333251953126,1902.0302859814065,38.14433610175325,-12.737970037615014,-11.086698225785069,-0.004296831449006722,0.011103588717193524,19.0999755859375,-51.9000244140625,1
2020-10-05,1912.5,1915.5999755859375,1884.699951171875,1898.9000244140625,1360,1890.4857177734375,1922.696659342448,1903.4262478505523,40.568472871183864,-10.758739963057678,-11.021106573239592,0.006473028704447437,0.01129567580604686,30.9000244140625,11.300048828125,0
2020-10-06,1901.0999755859375,1918.0,1874.4000244140625,1906.5999755859375,968,1896.6857212611608,1921.8099934895833,1903.1160782152704,37.6721115284232,-9.994858063451375,-10.815856871281948,-0.005960797079248348,0.011303429029463092,43.5999755859375,2.5,0
2020-10-08,1888.5999755859375,1893.0,1882.699951171875,1893.0,348,1897.414271763393,1919.1333251953124,1898.925403783081,36.18967113814577,-10.69353756677856,-10.769413506703083,0.0026544914338537673,0.011082468512406718,10.300048828125,20.2999267578125,1
2020-10-12,1922.5,1926.5,1921.5999755859375,1924.0,96,1903.9999825613838,1917.6599934895833,1904.4461921748477,55.68235312555687,-5.769199880480755,-9.345225903707748,0.0015629070070330986,0.009793678495861123,4.9000244140625,49.699951171875,0
2020-10-13,1888.5,1922.199951171875,1887.0,1921.9000244140625,191,1902.3285609654017,1915.0233276367187,1902.3200332182014,56.95523128887791,-6.575078689316115,-8.791196460829422,-0.01768530559167747,0.009358712718040294,35.199951171875,-5.800048828125,1
2020-10-20,1910.4000244140625,1910.4000244140625,1896.0999755859375,1901.300048828125,329,1904.7285853794642,1909.523331705729,1903.7162542778215,56.73926460370982,-3.462166206628126,-6.0133833978949,0.002098195524955271,0.008519542720270881,14.300048828125,9.300048828125,1
2020-10-21,1924.5999755859375,1927.300048828125,1913.5999755859375,1913.5999755859375,1202,1905.0285818917412,1908.8533325195312,1906.500750452237,54.96322181947651,-1.53112165935363,-5.116931050186646,0.007432972670857296,0.008235885052671126,13.7000732421875,41.0,0
2020-10-26,1902.699951171875,1907.0,1893.5,1895.5,242,1906.857142857143,1904.2099975585938,1904.9330128945053,50.51150186500909,-2.1110552848740554,-3.610441302590281,0.0003680079768006994,0.008507355356362906,13.5,-19.800048828125,1
2020-10-27,1908.800048828125,1908.800048828125,1904.4000244140625,1904.5999755859375,176,1908.0,1902.6266642252604,1905.4486176856547,58.68968774387775,-1.6466897137406704,-3.217690984820359,0.00320602187039154,0.008100753982502108,4.4000244140625,20.300048828125,0
2020-10-28,1876.199951171875,1876.199951171875,1870.9000244140625,1870.9000244140625,277,1903.6857038225446,1899.8266642252604,1901.5487954838175,46.40787190960855,-3.864682430146331,-3.3470892738855538,-0.017078843683110856,0.009399686624786031,5.2999267578125,-25.10009765625,0
2020-10-29,1865.5999755859375,1879.800048828125,1858.800048828125,1876.0999755859375,240,1897.2856968470983,1897.3466634114584,1896.7556194974334,32.30464532666048,-6.403966144383276,-3.9584646479850987,-0.005649704648652554,0.008130318812066196,21.0,-37.5999755859375,1
2020-10-30,1877.4000244140625,1886.5999755859375,1862.800048828125,1862.800048828125,725,1890.5428466796875,1894.8566650390626,1894.1748734863174,36.002488385890764,-7.379139334269894,-4.642599585242058,0.006325069137299355,0.00838649806127774,23.7999267578125,-23.4000244140625,1
2020-11-02,1890.4000244140625,1894.699951171875,1872.9000244140625,1872.9000244140625,190,1889.0142822265625,1894.4966674804687,1893.6715602766835,50.67809591190722,-7.022034120257558,-5.118486492245158,0.0069244699216712835,0.007274931543984819,21.7999267578125,-16.0,1
2020-11-03,1908.5,1908.5,1891.5,1891.5,712,1889.9428536551338,1894.8266682942708,1895.6486855731257,52.47591334513179,-5.2183549557546485,-5.138460184947057,0.009574680148212389,0.007507207479014234,17.0,-1.9000244140625,0
2020-11-04,1894.5999755859375,1907.0,1885.300048828125,1893.800048828125,782,1888.7857142857142,1895.9833333333333,1895.508857574834,47.268114913593,-4.854581433054818,-5.08168443456861,-0.007283219499115812,0.0077693248442336545,21.699951171875,-30.0,1
2020-11-06,1950.300048828125,1958.800048828125,1940.800048828125,1940.800048828125,304,1904.585728236607,1901.636669921875,1908.5679985089869,60.70209102471698,3.3697833657797673,-2.6534894505502926,0.0025702975759509528,0.010593533053183625,18.0,48.300048828125,0
2020-11-09,1853.199951171875,1963.199951171875,1847.0999755859375,1955.5999755859375,745,1902.8142961774554,1900.9833333333333,1901.185592197372,40.40911932217072,-1.406274455171797,-2.4040464514745934,-0.04978726104970077,0.01735432838003442,116.0999755859375,-49.5,1
2020-11-10,1875.4000244140625,1885.300048828125,1871.199951171875,1879.300048828125,276,1902.5285818917412,1900.3533325195312,1897.7475164929308,41.96605477448918,-3.361228165028706,-2.595482794185416,0.01197931892246662,0.017585947757476,14.10009765625,-33.4000244140625,0
2020-11-11,1860.699951171875,1878.800048828125,1855.5,1878.800048828125,222,1898.2857142857142,1899.4599975585938,1892.80784111679,43.207808546138516,-6.027237875375704,-3.281833810423474,-0.007838366775525851,0.017423054644521194,23.300048828125,-15.5,1
2020-11-12,1872.5999755859375,1878.5,1866.5999755859375,1869.0,220,1893.1571393694196,1898.2666625976562,1890.11345904601,45.23346700089495,-7.098015753581194,-4.045070199055019,0.006395455864105282,0.01754324157277143,11.9000244140625,7.0,1
2020-11-17,1884.5,1888.4000244140625,1884.5,1888.4000244140625,59,1874.199986049107,1896.389998372396,1888.5978880187101,51.44852263218083,-6.194621772905293,-5.202764962420485,-0.0014836267449171991,0.017008883660675756,3.9000244140625,-24.0,0
2020-11-18,1873.5,1873.5,1873.5,1873.5,152,1877.0999930245537,1896.0533325195313,1886.5848362828822,51.376788131161746,-6.855541073048471,-5.533320184546082,-0.005837092066861227,0.01701412777387371,0.0,-21.0999755859375,0
2020-11-19,1861.0999755859375,1865.800048828125,1856.0,1865.800048828125,59,1875.05712890625,1895.1366658528646,1883.1868548566229,47.165213713971276,-8.284405252082706,-6.083537198053407,-0.00661864126718037,0.017021346511338225,9.800048828125,-84.2000732421875,1
2020-11-20,1872.5999755859375,1872.5999755859375,1871.199951171875,1871.199951171875,1900,1876.7571323939733,1893.573331705729,1881.775270953865,46.8881086645872,-8.392097640191196,-6.545249286480965,0.006179141449066616,0.01699753584926837,1.4000244140625,-77.7000732421875,0
2020-11-23,1837.800048828125,1837.800048828125,1829.199951171875,1834.800048828125,843,1871.7857142857142,1890.75,1875.9119080037663,38.321795749684846,-11.156898111381679,-7.467579051461108,-0.018583748377398956,0.017370634885504527,8.60009765625,-15.39990234375,0
2020-11-25,1805.699951171875,1805.699951171875,1801.4000244140625,1801.4000244140625,205754,1848.5714285714287,1884.773331705729,1858.3329433658846,24.338240375976227,-19.236217539902782,-11.159035992301074,0.0004986160900950498,0.015665487354790664,4.2999267578125,-55.0,0
2020-11-27,1781.9000244140625,1817.0,1770.699951171875,1806.0999755859375,71804,1833.9142892020088,1880.730000813802,1848.1418875056418,21.045404840412473,-23.585523883816677,-13.644333570604195,-0.013180443817571552,0.015630964008217615,46.300048828125,-90.699951171875,0
2020-11-30,1775.699951171875,1787.199951171875,1762.300048828125,1785.0,3145,1819.9428536551338,1876.5599975585938,1838.4829626611397,30.615321858691658,-27.21891191749819,-16.359249239982994,-0.0034794731226440723,0.009369103798770111,24.89990234375,-110.0,1
2020-12-01,1814.0999755859375,1815.9000244140625,1774.9000244140625,1775.0,1859,1813.2285679408483,1873.483329264323,1835.2318977177795,35.81674661581252,-26.692146612651186,-18.425828714516634,0.02162528888324866,0.01080111014705172,41.0,-73.2000732421875,1
2020-12-02,1825.699951171875,1830.0,1807.800048828125,1811.300048828125,771,1806.528564453125,1870.6599934895833,1833.960971511659,41.78403755868545,-25.049900567951227,-19.750643085203553,0.006394341955817895,0.010910680468781322,22.199951171875,-58.800048828125,1
2020-12-04,1835.9000244140625,1847.5999755859375,1828.199951171875,1840.699951171875,1213,1810.8285609654017,1865.5599975585938,1834.5475830552157,37.55002590940801,-20.48115307567241,-20.351409187003348,-0.0004899958569996032,0.010634815348210584,19.4000244140625,-25.199951171875,1
2020-12-07,1861.800048828125,1866.9000244140625,1820.800048828125,1836.5,1427,1818.8428606305804,1864.2199991861978,1838.1812451582703,44.31564992222985,-16.527623227346794,-19.58665199507204,0.014107535306737917,0.011453217107534646,46.0999755859375,-10.7999267578125,1
2020-12-08,1870.800048828125,1875.800048828125,1861.800048828125,1863.0,121,1831.5428641183037,1863.156669108073,1842.5304189809176,47.02821015794469,-12.523830631338342,-18.1740877223253,0.004834031455560828,0.011552916068271505,14.0,33.0,0
2020-12-10,1833.5999755859375,1849.0999755859375,1828.0,1833.199951171875,177,1842.7428676060267,1859.2633341471353,1840.4232864026117,44.3716752960317,-11.766507259137597,-15.925835914778174,-0.000545077953399975,0.012468941089718988,21.0999755859375,27.9000244140625,1
2020-12-11,1839.800048828125,1846.0,1829.0999755859375,1838.5,109,1844.7571672712054,1858.4033365885416,1840.340188059347,43.138094141189825,-10.851476782802592,-14.910964088383059,0.0033813663420267925,0.012367199397688117,16.9000244140625,57.9000244140625,0
2020-12-14,1828.699951171875,1835.699951171875,1822.699951171875,1835.5,258,1843.6000104631696,1856.7800008138022,1838.7881564743507,47.88664995974464,-10.896386886083747,-14.108048647923198,-0.006033317404964933,0.011428676609990198,13.0,53.0,1
2020-12-16,1856.0999755859375,1864.699951171875,1850.5,1856.5,1090,1845.1285749162946,1853.7633341471353,1842.6577732501096,62.06894737365192,-6.975218668687603,-11.852157851199618,0.0020514639408537594,0.010706112060217684,14.199951171875,30.4000244140625,1
2020-12-18,1885.699951171875,1889.5,1882.300048828125,1882.4000244140625,276,1854.7714146205358,1851.5299967447916,1853.5438264217491,76.0169812540998,0.22856416484887632,-8.001651243123277,-0.0007948283376483234,0.01029461213107983,7.199951171875,49.7999267578125,0
2020-12-21,1879.199951171875,1908.0,1869.0999755859375,1884.800048828125,136,1861.2856968470983,1849.1599934895833,1856.9646430550993,68.13366093900781,2.1487187464426825,-5.971577245210086,-0.0034469958998304406,0.009178826333862314,38.9000244140625,17.39990234375,0
2020-12-22,1866.5999755859375,1882.199951171875,1861.0,1882.199951171875,233,1865.1142578125,1849.6066609700522,1858.249354059211,61.32962366576743,2.6235002807623005,-4.252561740015609,-0.006704968025398328,0.00942239330325916,21.199951171875,-4.2000732421875,1
2020-12-29,1879.699951171875,1881.300048828125,1879.699951171875,1881.300048828125,343,1877.5713936941963,1850.17666015625,1866.8953855857635,52.92566809469618,6.02078356919742,1.3036868792280423,0.0013317707569933113,0.008593118419671763,1.60009765625,51.0,1
2020-12-31,1893.0999755859375,1901.300048828125,1892.699951171875,1897.0,127,1880.3142613002233,1850.5866577148438,1873.1747530292098,73.18778804912486,8.472122602329364,3.7045091903205254,0.0011105106218600724,0.0065060917383233455,8.60009765625,37.0,1
2021-01-04,1944.699951171875,1945.0999755859375,1912.199951171875,1912.199951171875,154,1891.471400669643,1852.9599894205728,1882.7114461148985,80.19567771787102,13.372313720493366,5.638070096355094,0.027256867704499754,0.009327737311728713,32.9000244140625,57.5,1
2021-01-05,1952.699951171875,1952.699951171875,1941.300048828125,1941.699951171875,113,1902.6142578125,1856.013321940104,1892.0432467891621,86.34230041586885,17.69728039460506,8.049912156005087,0.004113745153939696,0.008870451712663478,11.39990234375,67.0,0
2021-01-07,1912.300048828125,1926.699951171875,1912.0,1922.5999755859375,122,1911.4857003348213,1859.639990234375,1896.4609369199013,64.45474953297436,17.099295393171133,11.32869137498571,0.002831834047367865,0.01128882223292577,14.699951171875,45.7000732421875,0
2021-01-08,1834.0999755859375,1908.0,1834.0999755859375,1908.0,60,1904.9714181082588,1860.6166544596354,1888.146142075373,39.006221791789095,10.563411812030381,11.175635462394643,-0.040893202554750374,0.015351111639358126,73.9000244140625,-40.5999755859375,1
2021-01-11,1849.5999755859375,1849.5999755859375,1826.5,1826.5,20,1899.05712890625,1862.079988606771,1883.006653210115,42.935428896585236,6.5587917776661016,10.252266725448935,0.008451011507727868,0.015600368290062692,23.0999755859375,-30.300048828125,0
2021-01-12,1842.9000244140625,1859.699951171875,1839.4000244140625,1849.0,176,1891.885707310268,1864.1133219401042,1877.659102703975,42.90185444659008,2.812055853525635,8.764224551064276,-0.00362237849281577,0.015602325202213562,20.2999267578125,-34.2999267578125,1
2021-01-14,1850.300048828125,1850.699951171875,1836.699951171875,1836.699951171875,149,1864.2428676060267,1867.916658528646,1871.231063053555,45.10042121611446,-1.229348289075233,5.47492847530929,-0.001780279888474512,0.015569034425420588,14.0,-40.699951171875,0
2021-01-15,1829.300048828125,1829.4000244140625,1825.0,1829.4000244140625,31,1853.1571568080358,1868.0366617838542,1865.6402611568312,40.445621302566195,-4.4006536209158185,3.4998120560642683,-0.011349510590620282,0.015774372189397718,4.4000244140625,-63.7999267578125,1
2021-01-19,1839.5,1842.9000244140625,1802.0,1802.0,13,1842.7571498325892,1868.12666015625,1862.1548930025872,43.07749206519985,-6.021473333052882,1.5955549782408385,0.0055758765099303,0.015898677696084457,40.9000244140625,-105.199951171875,1
2021-01-21,1865.300048828125,1868.0,1865.300048828125,1865.300048828125,6,1849.5428815569196,1869.2433268229167,1863.0070178535407,45.49912904574711,-4.397455446932099,-0.6770144144521982,-0.0003215475524342981,0.016334791116975594,2.699951171875,-41.5999755859375,0
2021-01-26,1850.699951171875,1855.800048828125,1850.699951171875,1855.800048828125,59,1851.614292689732,1869.9866577148437,1859.6974783019707,28.607373787233,-5.065283275585898,-2.6909673036330624,-0.002264312462616047,0.01401815065415584,5.10009765625,1.0999755859375,0
2021-01-27,1844.9000244140625,1844.9000244140625,1844.9000244140625,1844.9000244140625,195540,1853.8428606305804,1870.1566569010417,1857.7244844502497,34.3749923090743,-5.771464738721534,-3.3070667906507563,-0.0031339098237614937,0.012819718949433874,0.0,2.0,0
2021-01-28,1837.9000244140625,1862.9000244140625,1831.5,1843.4000244140625,27283,1853.614292689732,1870.4633260091146,1855.0812231120915,31.399982543934655,-6.817373694298112,-4.009128171380228,-0.0037942435402282815,0.012738516703776763,31.4000244140625,-15.699951171875,1
2021-01-29,1847.300048828125,1876.0,1838.699951171875,1842.0,1634,1850.9571533203125,1870.2966593424478,1854.0437332075626,55.03052226995252,-6.809267666983715,-4.5691560705009255,0.005114546106532281,0.006596069333539585,37.300048828125,-3.0,1
2021-02-01,1860.800048828125,1871.9000244140625,1850.0,1866.5999755859375,1494,1850.3142961774554,1870.4533284505208,1854.9445752903043,54.33439940287508,-5.648395222028057,-4.785003900806352,0.0073079627798224855,0.006496842376811928,21.9000244140625,31.5,0
2021-02-03,1832.199951171875,1842.4000244140625,1829.800048828125,1834.800048828125,1195,1843.471435546875,1866.7799967447916,1849.0872522631898,42.55909759602855,-8.00590647891454,-5.798241153834474,0.0009286813285305229,0.007654756064865815,12.5999755859375,-33.7000732421875,0
2021-02-04,1788.9000244140625,1832.199951171875,1782.800048828125,1832.199951171875,2375,1834.6428745814733,1863.769999186198,1841.062288549973,33.29704872652985,-12.085126606736367,-7.055618244414854,-0.023632751834819055,0.009797651321463466,49.39990234375,-76.4000244140625,1
2021-02-05,1810.9000244140625,1813.5,1790.9000244140625,1794.300048828125,1278,1829.7857317243304,1861.9133341471354,1837.0406533318514,45.021636443022935,-13.388388796833397,-8.322172354898562,0.012298060092657215,0.01016084455468097,22.5999755859375,-44.7999267578125,1
2021-02-10,1840.5999755859375,1851.0999755859375,1837.0,1842.5999755859375,543,1824.328578404018,1857.7800048828126,1836.7992686455323,43.03438143098412,-10.16076360194188,-9.74916368664021,0.002887771272711781,0.009790455863351546,14.0999755859375,-4.300048828125,0
2021-02-12,1821.5999755859375,1827.5,1809.199951171875,1825.0,259,1822.0142996651787,1853.6400065104167,1833.3976724597278,41.04355397493716,-10.41441266107904,-9.957657251121569,-0.0018083449964250153,0.009942873735460971,18.300048828125,-25.7000732421875,0
2021-02-16,1797.199951171875,1823.4000244140625,1787.300048828125,1820.9000244140625,1141,1823.2000034877233,1850.443339029948,1828.5713096213474,37.02085443356611,-12.393949760598389,-10.444915753016934,-0.013394831324706202,0.010461932903113327,36.0999755859375,-63.60009765625,0
2021-02-19,1775.800048828125,1787.5999755859375,1764.300048828125,1764.300048828125,118,1800.6571393694196,1834.310009765625,1809.4041453274929,33.34885508596095,-19.71509206091855,-14.24527751728407,0.0013533463296615533,0.010879150133456528,23.2999267578125,-13.0999755859375,1
2021-02-23,1804.4000244140625,1811.300048828125,1796.4000244140625,1809.5999755859375,569,1792.885707310268,1829.8000081380208,1808.4244445477198,43.60607302099002,-16.932262183568582,-15.410305004422856,-0.0012729987380144525,0.011156394556799988,14.9000244140625,-27.5,0
2021-02-24,1796.4000244140625,1805.800048828125,1796.4000244140625,1805.800048828125,1500,1789.2857142857142,1828.0266764322917,1806.821188529899,41.49240395800638,-16.409332610945967,-15.61011052572748,-0.004433606679094204,0.01117832312332329,9.4000244140625,-38.9000244140625,0
2021-02-25,1774.4000244140625,1802.0,1766.699951171875,1801.5,1049,1786.0285818917412,1825.7433430989583,1802.4983666477876,46.166046739216036,-17.567614767883242,-16.001611374158635,-0.012246715487089666,0.009756172307146831,35.300048828125,-66.199951171875,0
2021-02-26,1728.0999755859375,1768.199951171875,1718.800048828125,1768.0999755859375,1593,1779.8857247488838,1821.560009765625,1792.5785811728742,30.599792240122824,-21.96835123874871,-17.19495934707665,-0.026093354480996478,0.011164805076424407,49.39990234375,-96.800048828125,0
2021-03-01,1722.5,1747.0,1720.300048828125,1737.0999755859375,407,1772.614292689732,1817.3000081380208,1783.2347703498244,22.373714176502673,-25.61259181122523,-18.878485839906368,-0.003240539126816877,0.010316076624168039,26.699951171875,-99.0999755859375,1
2021-03-02,1733.0999755859375,1733.0999755859375,1708.699951171875,1709.4000244140625,867,1766.5142822265625,1814.0933390299479,1776.5501310479729,25.097427300584116,-27.330302562734914,-20.56884918447208,0.006153831980225011,0.010575301216543988,24.4000244140625,-64.0999755859375,0
2021-03-03,1715.300048828125,1732.4000244140625,1703.5,1730.0,501,1753.4571533203125,1809.9533406575522,1768.3834534186599,21.221859182223582,-29.7845680773587,-22.411992963049403,-0.010270571235681092,0.010497432100050956,28.9000244140625,-55.7999267578125,0
2021-03-05,1698.0,1701.0,1685.0,1690.5999755859375,302,1724.5142822265625,1798.8533365885417,1751.1200104809882,21.388878370993368,-34.5611932526233,-26.467524801572587,-0.0012939367339462882,0.01051769316940186,16.0,-77.800048828125,0
2021-03-08,1677.699951171875,1705.4000244140625,1673.699951171875,1704.699951171875,1290,1710.699986049107,1792.9200032552083,1741.3306692397732,21.802724145161775,-37.34475144603948,-28.64297013046597,-0.011955270216799208,0.010435547508411438,31.7000732421875,-129.0,1
2021-03-12,1719.5,1722.5,1699.0,1715.9000244140625,80,1707.9714181082588,1775.9700032552084,1732.0883125437297,27.935245932021203,-30.593128691264155,-31.063854772482856,-0.0016257613358544587,0.011122227945182386,23.5,-8.5999755859375,1
2021-03-17,1726.800048828125,1750.0999755859375,1725.5999755859375,1735.300048828125,488,1723.7428676060267,1764.226668294271,1730.891923959022,36.79246497254096,-24.074649162083233,-28.472525205466404,-0.0021957279622206727,0.011064312314980363,24.5,11.5,1
2021-03-18,1732.199951171875,1750.300048828125,1721.800048828125,1745.800048828125,138,1725.971435546875,1760.8933349609374,1731.0663275874026,51.4716359445995,-21.94955232128109,-27.167930628629342,0.003127115005246095,0.008635557582410254,28.5,32.0,1
2021-03-22,1737.800048828125,1737.800048828125,1737.800048828125,1737.800048828125,51,1731.0285818917412,1756.8733357747396,1733.158273163913,51.72923929280073,-17.292338599144387,-23.93403037559111,-0.002067288121894273,0.008563861792477222,0.0,60.10009765625,0
2021-03-23,1724.699951171875,1724.699951171875,1724.699951171875,1724.699951171875,6,1731.7714320591517,1753.3,1732.0304968983078,53.58227452381484,-16.566916581036594,-22.460607616680207,-0.00753832275760602,0.008334279529763974,0.0,8.0999755859375,1
2021-03-24,1732.9000244140625,1732.9000244140625,1727.5,1727.5,26,1732.3428606305804,1749.8866658528646,1732.1464339004085,63.15367187584396,-15.155632330081971,-20.99961255936056,0.00475449265051342,0.007959064895406279,5.4000244140625,11.4000244140625,0
2021-03-25,1724.9000244140625,1733.199951171875,1724.5,1732.699951171875,15,1731.5285818917412,1746.0300008138022,1731.1802459688959,60.3381933061295,-14.515388175287399,-19.702767682545932,-0.004616538685031757,0.008093680024839539,8.699951171875,2.5999755859375,1
2021-03-26,1732.199951171875,1732.199951171875,1721.300048828125,1721.300048828125,33,1732.2999965122767,1742.9399983723958,1731.3162066626264,73.27068938916942,-13.26602451577628,-18.415419049192003,0.004232086877204555,0.007181811625857811,10.89990234375,12.699951171875,0
2021-03-29,1712.0999755859375,1712.0999755859375,1712.0999755859375,1712.0999755859375,135457,1729.4285714285713,1739.2899983723958,1728.7540425190678,47.71108964153816,-13.739415433091153,-17.480218325971833,-0.011603727140356623,0.0051276985489762715,0.0,-16.800048828125,0
2021-03-30,1683.9000244140625,1712.5999755859375,1676.5,1711.0,25316,1721.2142857142858,1735.5133341471353,1722.7735067717338,34.53948061882433,-16.203299972526565,-17.22483465528278,-0.016470972241106496,0.006630396221867747,36.0999755859375,-46.699951171875,1
2021-03-31,1713.800048828125,1713.800048828125,1676.5,1683.699951171875,762,1717.7857142857142,1733.6033365885417,1721.577045712586,47.179826558037284,-15.563853718569135,-16.892638467940053,0.017756413077116395,0.00840797968177192,37.300048828125,-13.0,1
2021-04-05,1727.0,1729.699951171875,1721.9000244140625,1727.9000244140625,275,1717.2000034877233,1730.4133341471354,1722.868981001898,49.37375525558752,-12.349203269128793,-15.500712583936526,0.0002896032435564244,0.0085165150507409,7.7999267578125,-14.4000244140625,1
2021-04-07,1740.0999755859375,1742.699951171875,1733.699951171875,1742.699951171875,557,1720.7000034877233,1726.0966674804688,1727.3193646973284,54.1023839484669,-7.906238333641113,-13.079046452415366,-0.0008039186988587632,0.008785951088154624,9.0,15.4000244140625,1
2021-04-08,1756.800048828125,1758.0,1734.5999755859375,1736.0,1298,1727.085728236607,1724.7766682942708,1731.2501225814347,57.093447772394676,-4.954473994797354,-11.454131960891763,0.009597191814547434,0.009094747687954437,23.4000244140625,23.9000244140625,0
2021-04-09,1743.300048828125,1750.800048828125,1733.300048828125,1750.800048828125,484,1735.5714460100446,1723.7400024414062,1732.8567794143266,50.53461554049923,-3.662299951603245,-9.895765559034059,-0.007684426015928891,0.009287119645075814,17.5,18.4000244140625,0
2021-04-12,1731.199951171875,1740.800048828125,1726.699951171875,1740.800048828125,40,1738.0571463448662,1723.8433349609375,1732.6358689819997,48.227687773051734,-3.5734272242248153,-8.631297892072212,-0.006940915113484825,0.009464968783104448,14.10009765625,-1.0,1
2021-04-13,1746.199951171875,1746.9000244140625,1722.0999755859375,1733.800048828125,367,1740.8714250837054,1724.6333333333334,1734.4444132739832,55.71504222163959,-2.266493580561246,-7.358337029770018,0.008664510410739235,0.009493186403139089,24.800048828125,34.0999755859375,0
2021-04-14,1734.9000244140625,1745.9000244140625,1732.699951171875,1741.300048828125,1037,1742.0,1724.6933349609376,1734.5051614259937,50.52301268586678,-2.118132392210782,-6.310296102258172,-0.006471152831168725,0.009618304528874423,13.2000732421875,51.0,1
2021-04-15,1765.4000244140625,1767.9000244140625,1740.0999755859375,1740.0999755859375,368,1745.4142892020088,1726.3633341471354,1738.6244764910696,59.475902960648455,0.45529169999781516,-4.957178541806975,0.017580263744765956,0.010559901798118826,27.800048828125,51.5999755859375,1
2021-04-16,1779.0,1779.5,1770.0999755859375,1770.4000244140625,625,1750.971435546875,1728.9900024414062,1744.0078796255937,60.63637473366477,3.551216984794337,-3.255499436486713,0.007703622633885132,0.01066390726711892,9.4000244140625,52.5,0
2021-04-19,1769.4000244140625,1788.5,1769.4000244140625,1782.0999755859375,144,1752.7714320591517,1731.3700032552083,1747.393498930723,63.67542931458831,5.170519745403226,-1.5702956001087252,-0.005396276327114924,0.010174435677189873,19.0999755859375,42.4000244140625,1
2021-04-20,1777.300048828125,1777.300048828125,1765.5,1769.300048828125,1464,1757.6285749162946,1734.6900065104167,1751.3810389170433,74.68287216107598,7.010482320273695,0.1458599839677588,0.004464804060731575,0.008604560883845144,11.800048828125,35.800048828125,1
2021-04-21,1792.300048828125,1794.0999755859375,1777.699951171875,1783.0,250,1766.3571602957588,1737.2133422851562,1756.8369069051876,72.51863970428599,9.568738100354267,2.0304356072450602,0.00843976795583301,0.007770082659411162,16.4000244140625,52.2000732421875,0
2021-04-30,1767.300048828125,1771.800048828125,1763.9000244140625,1771.800048828125,18,1774.8571254185267,1748.6200032552083,1767.3822929919345,63.6432921203174,8.946998929716528,8.50836056177346,-0.00045242167799219857,0.006993976878923846,7.9000244140625,-11.699951171875,1
2021-05-03,1791.4000244140625,1793.0,1788.5,1788.5,18,1776.3142787388392,1750.286669921875,1770.5846571815516,65.9830776097318,10.067321424261536,8.820152734271076,0.013636606642951188,0.007494238529403781,4.5,22.0,0
2021-05-04,1775.800048828125,1788.5,1774.800048828125,1788.199951171875,182,1776.142857142857,1751.5533365885417,1771.280042734428,64.03571461485808,9.585897161858611,8.973301619788582,-0.008708259112053973,0.007706231668348421,13.699951171875,-1.5,1
2021-05-05,1784.0999755859375,1784.0999755859375,1779.199951171875,1781.5,57,1776.8428606305804,1753.5333374023437,1772.9893671146294,57.57084540036176,9.761574336817148,9.130956163194297,0.004673908395987247,0.006303879159652907,4.9000244140625,-8.2000732421875,1
2021-05-06,1815.5,1815.5,1787.5999755859375,1788.9000244140625,13,1782.2000034877233,1756.286669921875,1778.6574514993456,62.915799876979214,12.29281538912528,9.763328008380494,0.017599924244015464,0.007568941581897119,27.9000244140625,34.300048828125,1
2021-05-07,1831.0999755859375,1842.9000244140625,1831.0999755859375,1842.9000244140625,2,1790.471435546875,1759.8266682942708,1785.6497880442246,70.94366360592701,15.38033488836868,10.886729384378132,0.008592660746867153,0.00751477994834227,11.800048828125,54.0999755859375,1
2021-05-11,1835.9000244140625,1838.0999755859375,1831.5999755859375,1837.199951171875,420,1810.1857212611608,1767.4633382161458,1798.341399608426,66.46527490298436,19.958205296049982,13.860683934567973,-0.0008707350127551416,0.007334494652036518,6.5,57.9000244140625,0
2021-05-13,1823.800048828125,1826.800048828125,1814.0999755859375,1814.699951171875,100,1821.5,1775.7533365885417,1804.5390993951205,67.7811933592192,20.07517631223459,16.101639229117502,0.0006584402821587787,0.007344308690431708,12.7000732421875,55.7000732421875,1
2021-05-14,1837.9000244140625,1842.9000244140625,1824.5,1824.5,41,1829.1857212611608,1779.466670735677,1808.9872227309795,70.45300459103859,20.952879609475076,17.07188730518902,0.007731097274066512,0.00750370147161688,18.4000244140625,70.5999755859375,1
2021-05-18,1867.800048828125,1870.5,1867.800048828125,1870.5,3,1841.8571602957588,1788.3600056966145,1823.590409361686,78.25572068196071,25.71781330514682,19.871652335842235,0.0001606687165327525,0.008151840354094095,2.699951171875,92.0,1
2021-05-21,1876.699951171875,1876.699951171875,1872.0999755859375,1872.0999755859375,5,1862.4000244140625,1801.6800048828125,1843.177642353139,77.25235150918569,30.026079503710207,24.498576839714833,-0.00271022293756773,0.007687961348486151,4.5999755859375,45.5999755859375,1
2021-05-24,1884.5999755859375,1884.5999755859375,1882.0999755859375,1882.0999755859375,39,1871.085728236607,1806.793339029948,1848.7006201175122,86.55907318549826,30.67326264497933,25.733514000767734,0.004209529823416602,0.006859229818940816,2.5,47.0999755859375,1
2021-05-27,1895.699951171875,1903.9000244140625,1888.199951171875,1896.800048828125,35794,1888.5,1821.746671549479,1865.992607767862,77.89280831340122,32.61918900376054,29.02621771574734,-0.0029454044666445967,0.005805255731953499,15.7000732421875,71.89990234375,1
2021-06-02,1907.5,1908.800048828125,1896.0,1899.199951171875,1267,1898.9428536551338,1834.6533365885416,1879.447931492586,89.93400420067225,32.142615701149225,30.65267034697318,0.0024173501113669005,0.005030354957519798,12.800048828125,39.699951171875,0
2021-06-03,1871.199951171875,1908.800048828125,1865.0,1908.800048828125,1021,1897.028564453125,1837.2833333333333,1878.3482007831578,66.76088097573104,28.696630535740496,30.261462384726645,-0.019030169765727356,0.0078038945023109875,43.800048828125,-10.10009765625,1
2021-06-04,1889.800048828125,1895.5,1854.0,1869.300048828125,367,1895.8428606305804,1840.9033365885416,1879.8751138558202,67.78610076663904,27.15352595381637,29.63987509854459,0.009940197809753748,0.007952595822328866,41.5,8.0,1
2021-06-10,1894.199951171875,1899.800048828125,1871.5,1887.699951171875,186,1892.1285574776787,1856.536669921875,1886.028161552472,55.36325237592397,22.24614576378781,26.197274006304802,0.0005282062253282316,0.006704772649729812,28.300048828125,-7.10009765625,0
2021-06-11,1877.4000244140625,1902.300048828125,1875.199951171875,1900.9000244140625,349,1887.8285609654017,1860.1800048828125,1884.8777432673508,50.27496895511798,19.699364019542145,24.897692008952273,-0.00886914116295856,0.007120109184759451,27.10009765625,-18.2999267578125,0
2021-06-14,1864.0,1866.5999755859375,1846.5,1866.199951171875,41,1886.7999965122767,1863.4033365885416,1882.0940441650373,42.24400933540828,16.41058020375999,23.200269647913817,-0.007137543538833557,0.007254797128536613,20.0999755859375,-38.5,0
2021-06-16,1859.5,1860.0999755859375,1809.199951171875,1859.4000244140625,117,1876.4285539899554,1868.2966674804688,1875.892859839517,33.99696040109245,10.38198912217399,18.986818048724594,0.0026961445133459883,0.0070008925788867145,50.9000244140625,-48.0,0
2021-06-17,1773.800048828125,1823.300048828125,1769.5999755859375,1811.800048828125,1135,1859.5142822265625,1867.9533365885416,1862.2804850379982,21.072665081550085,1.462992744691519,15.48205298791798,-0.04608763171383434,0.013824963339399194,53.7000732421875,-97.39990234375,0
2021-06-18,1767.9000244140625,1792.4000244140625,1767.9000244140625,1775.699951171875,354,1841.614292689732,1866.3666707356772,1849.6964236214735,17.921862263139857,-6.012154430180772,11.18321150429823,-0.0033262060275397465,0.01363039208770122,24.5,-121.9000244140625,1
2021-06-21,1781.800048828125,1785.199951171875,1766.800048828125,1768.800048828125,38,1825.557163783482,1864.72333984375,1840.6435736490273,22.884038758524554,-10.691402782817022,6.808288646875178,0.007862449359187895,0.014009559981243277,18.39990234375,-115.0,0
2021-06-22,1776.300048828125,1786.9000244140625,1775.9000244140625,1783.4000244140625,101,1811.1143101283483,1862.6833414713542,1832.0644370062405,20.740446726863283,-14.674387642770625,2.511753388946018,-0.0030867661069026164,0.01387428695349355,11.0,-115.89990234375,1
2021-06-23,1782.300048828125,1793.199951171875,1780.5999755859375,1780.699951171875,136,1799.4428885323662,1860.8966756184896,1825.4291852491585,27.075854774840565,-17.149097859056155,-1.420416860654417,0.003377807709884495,0.013414346418794012,12.5999755859375,-110.89990234375,0
2021-06-28,1779.5999755859375,1779.5999755859375,1779.5999755859375,1779.5999755859375,888,1777.1571568080358,1855.813338216146,1808.6858344392995,17.717901426836562,-21.595256185974222,-10.87865225256138,0.0016886187331002223,0.012831576179040207,0.0,-84.4000244140625,0
2021-06-29,1762.800048828125,1777.0999755859375,1752.0999755859375,1776.800048828125,419,1776.4285888671875,1852.32333984375,1802.567729691143,15.720311298630776,-23.22576773642163,-13.348075349333431,-0.009440282641204889,0.012819960269695636,25.0,-91.699951171875,1
2021-07-01,1775.9000244140625,1781.199951171875,1768.800048828125,1775.699951171875,44,1774.800013950893,1845.5766723632812,1795.3411036433615,22.64150943396227,-23.21808721934258,-16.962445875264798,0.0028800403463464797,0.013087180651820806,12.39990234375,2.0999755859375,1
2021-07-02,1782.5999755859375,1787.9000244140625,1778.300048828125,1778.699951171875,23,1774.8428606305804,1842.2700032552084,1793.6422865690383,27.237120313723565,-22.119510357330455,-17.99385877167793,0.0037727074045654785,0.01320264505111771,9.5999755859375,14.699951171875,1
2021-07-06,1793.5,1809.800048828125,1786.699951171875,1786.699951171875,332,1777.4000069754463,1839.496671549479,1793.6233150264998,33.07435723392119,-20.137210180474767,-18.4225290534373,0.006114677753476183,0.013410678556435358,23.10009765625,11.699951171875,1
2021-07-08,1799.5999755859375,1818.5,1797.0,1797.0,148,1783.8142961774554,1833.443339029948,1795.3303978091405,62.97782717353261,-15.769542488392517,-17.778961568910535,-0.0010546902104149325,0.004694951117163438,21.5,17.2999267578125,1
2021-07-13,1809.4000244140625,1812.0,1800.5999755859375,1808.0999755859375,78,1800.2999965122767,1824.2900065104166,1799.8506355475586,67.8148368607571,-9.622612520440953,-14.55454579400813,0.002160079985634278,0.004286816687964704,11.4000244140625,29.800048828125,1
2021-07-15,1828.4000244140625,1833.0,1823.4000244140625,1831.5999755859375,99,1811.2428676060267,1819.033341471354,1806.4824862644025,76.61294093615179,-4.338289301177838,-11.284498307755337,0.0022474239303842403,0.004375912131904421,9.5999755859375,57.5999755859375,0
2021-07-16,1814.5,1831.4000244140625,1814.5,1830.0999755859375,78,1813.1000104631696,1817.1433430989584,1807.5514880958156,66.90456408039437,-3.4007763053011786,-9.707753907264506,-0.007602288464482521,0.005083986366218661,16.9000244140625,38.5999755859375,0
2021-07-20,1810.9000244140625,1824.0,1810.9000244140625,1812.9000244140625,128,1814.5285818917412,1811.5766723632812,1808.1306708937045,73.9780127765898,-2.6361227005531873,-7.234616520536985,0.001216383757163264,0.004258939912178739,13.0999755859375,17.4000244140625,0
2021-07-28,1799.5,1799.5,1799.5,1799.5,209783,1802.5571463448662,1795.960009765625,1803.877440123926,49.934996595059744,-3.8147603391901157,-4.449543051626588,0.0,0.004056279333345389,0.0,-24.800048828125,1
2021-07-29,1831.199951171875,1832.5999755859375,1806.0999755859375,1806.5999755859375,30496,1805.4571358816963,1795.0166748046875,1807.5204415969858,60.794251021808535,-1.3270613302820493,-3.82504670735768,0.01761597731140596,0.006081019348811342,26.5,2.7999267578125,0
2021-07-30,1812.5999755859375,1830.5,1808.9000244140625,1828.0,3100,1806.8428431919642,1796.3100056966146,1808.1977127955129,53.16115974229398,-0.8466449303832633,-3.2293663519627964,-0.010157260857305284,0.006717015464213434,21.5999755859375,-1.9000244140625,1
2021-08-02,1818.0999755859375,1818.699951171875,1804.800048828125,1812.4000244140625,1334,1808.7142682756696,1797.9833374023438,1809.5180145009028,53.819113249809774,-0.021855501056279536,-2.5878641817814936,0.00303431538898824,0.006739651359865574,13.89990234375,9.4000244140625,0
2021-08-05,1805.0999755859375,1813.699951171875,1796.0,1810.800048828125,588,1812.442836216518,1800.8266642252604,1809.1006988504305,45.042190153785135,-0.37588542472644804,-1.397906933145561,-0.0029826149760080467,0.00612842069242339,17.699951171875,0.0999755859375,0
2021-08-06,1760.0,1800.0999755859375,1758.4000244140625,1799.800048828125,859,1806.7999790736608,1800.3066650390624,1802.5539390037065,31.841940452306133,-4.2833798302467585,-1.9750015125658005,-0.024984752199831983,0.008999789018241744,41.699951171875,-41.4000244140625,0
2021-08-09,1723.4000244140625,1753.800048828125,1692.5999755859375,1753.5,1621,1791.3999895368304,1798.5333333333333,1792.0000837250875,24.035608308605347,-10.21564979777736,-3.6231311696081123,-0.020795440673828103,0.010247821647591426,61.2000732421875,-75.2999267578125,1
2021-08-10,1728.800048828125,1735.199951171875,1720.0999755859375,1728.5999755859375,1363,1779.4285714285713,1796.8400024414063,1783.5734124054925,27.667280083999657,-14.316250818535536,-5.761755099393597,0.0031333551918095726,0.010392487339163406,15.0999755859375,-70.699951171875,1
2021-08-12,1749.0,1752.4000244140625,1745.5,1749.699951171875,739,1761.0285818917412,1795.7,1775.1302548057506,35.69868901067781,-16.615446616878216,-9.513452472267993,-0.0007998311211925291,0.011156121812368068,6.9000244140625,-82.199951171875,1
2021-08-13,1775.199951171875,1777.300048828125,1757.4000244140625,1758.300048828125,436,1755.9857177734375,1795.6766642252603,1775.1395476545672,44.315431651829634,-15.09815700871809,-10.630393379558013,0.014979960647155455,0.012051903406759778,19.9000244140625,-37.4000244140625,1
2021-08-20,1781.0,1787.5,1778.199951171875,1784.0999755859375,235,1776.9857003348213,1793.2599975585938,1778.893188636089,39.04313699476605,-7.833431838670322,-9.878187041770877,0.0004494151500220589,0.010730386615196047,9.300048828125,21.0,1
2021-08-24,1805.5999755859375,1805.5999755859375,1801.0,1801.0,22,1789.0714111328125,1793.056660970052,1785.2628750113151,48.679239571549935,-2.9573175485220418,-7.751937402613788,0.0013309807448158573,0.01130846472491968,4.5999755859375,76.7999267578125,0
2021-08-26,1792.199951171875,1792.199951171875,1781.0,1787.4000244140625,61,1790.285679408482,1790.6466552734375,1786.5272139668323,60.29409239558862,-1.83498546365513,-5.731926348368233,0.002236886315413855,0.009209028443238097,11.199951171875,43.199951171875,1
2021-08-27,1816.5999755859375,1816.5999755859375,1803.0999755859375,1803.4000244140625,1219,1795.285679408482,1790.7166544596355,1790.5369155160463,82.31616676034972,0.6714551010013565,-4.451250058494315,0.013614565940651913,0.007226629445902136,13.5,41.4000244140625,0
2021-08-30,1809.0,1820.300048828125,1807.800048828125,1818.199951171875,684,1799.3999720982142,1790.7266560872397,1792.998660113907,77.39066629978905,2.0212728174410586,-3.1567454833072404,-0.004183626383395755,0.0075359870210751625,12.5,22.0999755859375,1
2021-09-02,1808.699951171875,1813.9000244140625,1806.800048828125,1813.199951171875,26,1806.1142578125,1791.3266520182292,1799.6183777114409,65.29676954737099,4.904000578059367,0.5414462460130742,-0.002426796356136185,0.0061968322544864885,7.0999755859375,28.5,1
2021-09-03,1830.9000244140625,1833.9000244140625,1818.9000244140625,1820.9000244140625,53,1812.2142682756696,1792.3099853515625,1803.7892639384572,68.33329603414707,6.91357926896103,1.8158728506026653,0.012274049782443841,0.006729527228134286,15.0,49.9000244140625,0
2021-09-08,1790.699951171875,1790.699951171875,1781.699951171875,1781.699951171875,69,1809.0428466796875,1791.923319498698,1801.132376780094,52.937365980977866,4.122729070827518,2.8854605166492227,-0.0028955249019967377,0.008765802842651075,9.0,-14.9000244140625,1
2021-09-09,1797.4000244140625,1798.699951171875,1787.9000244140625,1798.699951171875,49,1807.385707310268,1791.8533203125,1800.6347297979567,55.36830186206387,3.439323429074193,2.9962330991342165,0.0037415945858505495,0.008802139130957204,10.7999267578125,9.2000732421875,0
2021-09-13,1792.0,1796.0,1784.0,1789.800048828125,533,1800.7428501674108,1789.7799886067708,1798.2083053381737,46.20084074255655,1.4706657699878178,2.5705176929849047,0.0013410954664752062,0.008214392661525483,12.0,-24.5999755859375,1
2021-09-14,1804.699951171875,1806.199951171875,1783.0,1791.4000244140625,764,1800.171421595982,1789.333321126302,1799.0738581160006,49.7146408995875,1.8623168786557471,2.4288775301190735,0.007087026323590928,0.008449122437713692,23.199951171875,-4.300048828125,0
2021-09-15,1792.4000244140625,1803.699951171875,1792.4000244140625,1803.699951171875,59,1794.671421595982,1788.7433227539063,1798.1840136224089,51.37616880556051,1.166752314981295,2.1764524870915176,-0.006815496808666444,0.008232532513788872,11.2999267578125,-22.5999755859375,0
2021-09-17,1749.4000244140625,1763.0,1749.4000244140625,1758.800048828125,581,1782.8714250837054,1785.0233235677083,1786.643103999304,29.904344296285913,-5.59413508961984,-0.11099990773505342,-0.0029636106487113123,0.008971728396658926,13.5999755859375,-59.2999267578125,1
2021-09-20,1761.800048828125,1761.800048828125,1750.9000244140625,1751.800048828125,185,1777.7857142857142,1785.0833251953125,1783.330696643147,36.27910343740996,-7.038337470046599,-1.4964674201973627,0.0070881583634456735,0.009322535480467851,10.9000244140625,-69.0999755859375,1
2021-09-22,1776.699951171875,1784.300048828125,1767.0,1776.699951171875,17,1773.6571393694196,1788.4333211263022,1781.5994945237692,39.83240234893127,-6.757918788477582,-3.422421538604076,0.000394116650830556,0.009619479765996546,17.300048828125,-14.0,0
2021-09-27,1750.0,1754.4000244140625,1747.5,1751.699951171875,808,1758.7571323939733,1787.5266520182292,1770.3050826435099,34.56624014592607,-11.141089659345425,-6.745125689057064,0.00017148587557769268,0.008459254513446621,6.9000244140625,-42.0,0
2021-09-28,1735.800048828125,1741.699951171875,1726.800048828125,1739.5999755859375,15748,1756.8142787388392,1785.8233194986979,1765.7044114681253,32.593557595995904,-12.877793934097554,-7.971659338065162,-0.00811425781249997,0.00862395384371558,14.89990234375,-68.89990234375,0
2021-09-29,1721.5,1744.0999755859375,1721.4000244140625,1732.4000244140625,6634,1751.05712890625,1783.7066528320313,1759.8104899390419,27.041724729477153,-15.232448825858228,-9.423817235623776,-0.008238304197409896,0.008584711413661248,22.699951171875,-70.9000244140625,1
2021-10-01,1757.0,1762.5999755859375,1748.5,1754.300048828125,2220,1745.2857142857142,1782.0566569010416,1758.9145514187971,40.81846093939133,-13.106737653851496,-10.925770491196666,0.0009684675694106026,0.01047964928434448,14.0999755859375,7.5999755859375,1
2021-10-04,1766.199951171875,1768.9000244140625,1749.5,1764.5,417,1747.9285714285713,1781.563321940104,1759.885938052541,39.71137623130613,-11.361151520902013,-11.012846697137736,0.0052361702742600436,0.01037609646563822,19.4000244140625,4.39990234375,0
2021-10-12,1758.300048828125,1768.0,1749.800048828125,1751.9000244140625,139,1759.0571463448662,1772.643330891927,1758.5597246943219,42.43425675702807,-7.335876713817015,-9.050914605505657,0.002108784505683081,0.00799427684881812,18.199951171875,22.5,1
2021-10-14,1796.699951171875,1799.9000244140625,1792.0,1792.199951171875,337,1768.2857142857142,1771.3866617838542,1767.7057366176239,68.2170542635659,-0.9616043024016108,-6.61227320644581,0.0016725205339054305,0.008441236120499209,7.9000244140625,41.39990234375,0
2021-10-19,1769.699951171875,1785.0,1767.5,1777.5999755859375,51,1772.1428397042412,1766.92666015625,1767.5852100489856,67.59125440389485,-0.9353896993607123,-3.8881222135664673,0.002776463173266297,0.009059854338073943,17.5,10.0999755859375,1
2021-10-21,1781.199951171875,1785.699951171875,1781.0,1782.0,146,1779.6285400390625,1766.166658528646,1771.3088817718633,60.1851813795201,1.243655345518846,-2.1726596768272106,-0.0016254831308486484,0.0078053172600213785,4.699951171875,23.2999267578125,1
2021-10-22,1795.5,1806.9000244140625,1784.0,1787.0999755859375,532,1779.8856898716517,1766.3633260091146,1774.5343642022817,61.82408067878635,3.016484050558347,-1.1348309313500993,0.008028323164233742,0.007955944399861884,22.9000244140625,39.199951171875,1
2021-10-25,1806.0,1809.0,1794.0,1794.300048828125,140,1781.2142682756696,1766.8299926757813,1778.7297823086442,68.1533845876113,5.208683360198393,0.13387192695959915,0.005847953216374213,0.007910220140280857,15.0,51.4000244140625,0
2021-10-28,1801.5999755859375,1807.300048828125,1795.5,1795.5,452,1794.1428397042412,1768.1799926757812,1785.3934559298789,65.6314420722127,7.481871431668651,3.367660647718452,0.002057929318445284,0.008222981761956764,11.800048828125,4.9000244140625,0
2021-10-29,1783.0,1797.0,1774.5999755859375,1793.0999755859375,583,1793.9857003348213,1769.2999918619792,1785.0743284725618,58.77627851357825,6.586193337804389,4.01136718573564,-0.01032414289408956,0.008827752536473788,22.4000244140625,15.800048828125,1
2021-11-01,1795.0999755859375,1795.0999755859375,1786.699951171875,1787.5,142,1795.9714181082588,1770.4099894205729,1786.4110814210119,60.81080014946815,6.774635124819724,4.564020773552457,0.0067863015064146825,0.008953084746707186,8.4000244140625,30.2999267578125,0
2021-11-02,1788.699951171875,1795.5,1787.699951171875,1790.5,213,1794.9999825613838,1770.833321126302,1786.7162640544605,48.22946114410699,6.334527624353086,4.9181221437125835,-0.0035652746371263033,0.007239031010495095,7.800048828125,19.0,0
2021-11-03,1763.5999755859375,1768.0,1761.800048828125,1768.0,108,1788.942836216518,1770.3966552734375,1783.6340922586573,39.865281557955775,3.915248451897014,4.71754740534947,-0.014032524331145213,0.008096762412921581,6.199951171875,-20.5,1
2021-11-04,1793.0,1798.199951171875,1776.199951171875,1776.5999755859375,103,1788.9857003348213,1771.9066569010417,1784.882879957503,57.904429089244495,4.320484683694076,4.638134861018392,0.0166704608874213,0.008172078170984228,22.0,11.800048828125,1
2021-11-05,1816.4000244140625,1817.0999755859375,1794.9000244140625,1794.9000244140625,239,1791.6285574776787,1774.1299926757813,1789.0851658850443,64.00650246161777,6.455409779429601,5.001589844700634,0.013050766544373982,0.008731389730412905,22.199951171875,20.9000244140625,1
2021-11-09,1830.199951171875,1832.699951171875,1820.699951171875,1826.0999755859375,170,1802.05712890625,1779.8566569010416,1798.9946320199751,62.89870080899727,10.993913224529933,6.828919960803007,0.001532191485392076,0.00863506171958071,12.0,37.5,1
2021-11-10,1847.5999755859375,1865.0,1824.9000244140625,1825.800048828125,795,1809.55712890625,1784.059989420573,1805.475344495437,67.18426481413033,13.872122583259625,8.237560485294331,0.009507171280887183,0.008800557780343476,40.0999755859375,49.699951171875,1
2021-11-15,1866.0999755859375,1866.9000244140625,1864.5,1864.5,87,1845.5428466796875,1794.6833211263022,1826.5531596704373,70.71105927640991,21.829607530164594,13.988499752363168,-0.0009636751456704173,0.00838106388800449,2.4000244140625,71.0,0
2021-11-16,1853.5999755859375,1853.5999755859375,1853.5999755859375,1853.5999755859375,1,1850.8571254185267,1797.8166544596354,1830.159401792504,65.0948377159553,22.009201053951983,15.592640012680931,-0.006698462120752757,0.008765119210525054,0.0,64.9000244140625,1
2021-11-17,1869.699951171875,1869.699951171875,1862.5999755859375,1862.5999755859375,2,1856.8999720982142,1801.4566528320313,1835.431475043087,67.29303380956662,23.183419661450444,17.110795942434834,0.008685787547471291,0.008933226077594154,7.0999755859375,106.0999755859375,0
2021-11-18,1861.0,1861.0,1861.0,1861.0,9,1861.2999790736608,1804.8933186848958,1838.8406117040086,70.85561497326204,23.145179791375767,18.317672712223022,-0.004653126918264139,0.008410985458728386,0.0,68.0,0
2021-11-19,1851.199951171875,1851.199951171875,1851.199951171875,1851.199951171875,21,1861.8142613002233,1808.0566487630208,1840.4885236330574,65.18677675681714,22.069686769656073,19.068075523709634,-0.005266012266590514,0.00861843208404012,0.0,34.7999267578125,0
2021-11-22,1806.0,1841.5999755859375,1805.699951171875,1841.5999755859375,14,1853.6428397042412,1809.7699829101562,1835.8900538153164,53.87025700852909,17.369863519331147,18.728433122833938,-0.024416568908864678,0.011132802876552344,35.9000244140625,-21.4000244140625,0
2021-11-29,1782.300048828125,1798.9000244140625,1779.0999755859375,1791.699951171875,26926,1807.6285749162946,1810.4133219401042,1813.164885303197,36.07165880636514,0.5755730977357416,10.481019239818535,-0.0016803898044864818,0.009000554690845148,19.800048828125,-85.5999755859375,0
2021-11-30,1773.5999755859375,1808.0999755859375,1768.699951171875,1783.9000244140625,4903,1795.142857142857,1810.7066528320313,1807.8895640075625,33.134708599255504,-2.515615927923591,7.88169220627011,-0.004881374069370614,0.00898409932363111,39.4000244140625,-92.5,1
2021-12-01,1781.5999755859375,1790.5,1772.300048828125,1774.800048828125,1128,1785.2000034877233,1811.1033203125,1804.3842855513458,29.166685932796668,-4.270643045714678,5.451225155873153,0.004510599971877527,0.008572934973870365,18.199951171875,-72.0,0
2021-12-02,1760.699951171875,1780.9000244140625,1760.5999755859375,1780.9000244140625,1557,1778.7285679408483,1810.3233194986979,1798.5597076340832,18.692767957811597,-7.264234409827168,2.9081332427330886,-0.011731042153381721,0.008271268062688368,20.300048828125,-109.0,1
2021-12-08,1783.4000244140625,1789.9000244140625,1779.0,1789.9000244140625,1383,1777.3428431919642,1808.6599894205729,1791.1477892683401,23.081773314985995,-8.471897890235368,-3.7724767211036747,0.00044881007465624734,0.008733135426505391,10.9000244140625,-0.0999755859375,0
2021-12-09,1774.5999755859375,1783.5,1771.800048828125,1783.5,455,1777.4857003348213,1807.883321126302,1788.9414141106865,23.06736915324896,-8.983223297905852,-4.8146260364641105,-0.004934422287571905,0.008736726487680488,11.699951171875,-9.5,1
2021-12-13,1786.300048828125,1787.0999755859375,1783.800048828125,1784.4000244140625,206,1781.328578404018,1807.369991048177,1787.8911159302907,41.58843139585066,-7.964809612745512,-6.053418473883926,0.0019070191079164633,0.0064643940627386424,3.2999267578125,4.0,0
2021-12-14,1770.4000244140625,1787.0,1769.0,1787.0,322,1779.6714390345983,1806.5466593424478,1785.5589703947937,44.07242888185069,-8.629604573290862,-6.568655693765313,-0.008901093869696508,0.006024275088941141,18.0,-3.199951171875,0
2021-12-15,1762.5999755859375,1778.699951171875,1753.9000244140625,1767.4000244140625,283,1777.5428641183037,1805.67666015625,1782.4977710869462,40.86664412643823,-9.674338371137992,-7.18979222923985,-0.004405811523136682,0.00610581733065331,24.7999267578125,-19.0,1
2021-12-16,1796.5999755859375,1798.0999755859375,1781.0,1781.0,21,1779.5428641183037,1806.77666015625,1784.3780650201452,53.75411935608675,-7.670362419352841,-7.285906267262449,0.01928968595877656,0.008148252903535946,17.0999755859375,35.9000244140625,1
2021-12-17,1803.800048828125,1812.9000244140625,1803.800048828125,1804.0,654,1782.4571533203125,1807.1366617838542,1786.9676628612092,56.94891367988473,-5.4385194358787885,-6.916428900985718,0.004007610675737183,0.00817393342188749,9.0999755859375,21.800048828125,0
2021-12-20,1793.699951171875,1799.800048828125,1792.0,1796.800048828125,226,1785.1857212611608,1806.3799926757813,1787.8653013026312,56.438153701784906,-4.433652872277662,-6.419873695244107,-0.005599344374567328,0.00821506226219123,7.800048828125,16.199951171875,0
2021-12-21,1787.9000244140625,1796.5,1787.9000244140625,1791.4000244140625,575,1785.9000069754463,1805.0633260091147,1787.869931050822,52.046794294199024,-4.05851051540958,-5.9476010592772015,-0.0032334988658628827,0.008209356675817686,8.5999755859375,5.300048828125,1
2021-12-22,1801.5999755859375,1805.199951171875,1785.5,1786.0,567,1788.0857107979912,1804.1099934895833,1789.7006036555042,63.939991795428234,-2.6254711336064247,-5.283175074143046,0.007662593536998719,0.007642792289277567,19.699951171875,18.199951171875,1
2021-12-29,1805.0999755859375,1805.0999755859375,1791.4000244140625,1803.199951171875,623,1802.5428292410713,1797.1033243815104,1797.8313669577349,58.04296797942634,2.1839951808199203,-1.4549906360108582,-0.0028173548356554834,0.007161595196380822,13.699951171875,34.699951171875,1
2021-12-30,1812.699951171875,1816.0,1796.0,1801.699951171875,306,1805.257114955357,1795.739990234375,1799.8138448529535,64.24830019237248,3.1381240030862045,-0.5363677081914457,0.004210279590453503,0.007005024693403522,20.0,50.0999755859375,1
2021-12-31,1827.5,1827.800048828125,1821.4000244140625,1825.0999755859375,80,1810.9142543247767,1794.3333251953125,1803.5053322058932,65.90583177117662,5.030529408494658,0.577011715145775,0.008164643474810607,0.007184826512405754,6.4000244140625,30.9000244140625,0
2022-01-03,1799.4000244140625,1830.0999755859375,1798.800048828125,1830.0999755859375,116,1810.5999755859375,1792.2799926757812,1802.957957833649,53.97209631486881,4.214261751648792,1.3044617224463784,-0.015376183631156004,0.00852335330518198,31.2999267578125,-4.4000244140625,1
2022-01-04,1814.0,1815.300048828125,1800.0,1800.5,38,1810.9999825613838,1791.0399943033854,1804.4302301224961,63.32517790109169,4.691380451839677,1.9818454683250382,0.008113802038371976,0.008280805642219552,15.300048828125,20.300048828125,1
2022-01-05,1824.5999755859375,1824.5999755859375,1813.0999755859375,1813.0999755859375,8,1813.3571254185267,1791.6599934895833,1807.1195295176217,68.62981862571048,5.85731047221384,2.7569384691027987,0.0058434264531077584,0.008144652218545129,11.5,36.699951171875,0
2022-01-06,1788.699951171875,1791.300048828125,1787.0999755859375,1787.0999755859375,30,1810.2856968470983,1791.8333251953125,1804.6635857381889,47.65299231964883,3.8402188201353056,2.9735945393093,-0.01967555896877282,0.00861134212870247,4.2000732421875,-12.9000244140625,1
2022-01-10,1798.4000244140625,1798.699951171875,1790.4000244140625,1794.9000244140625,534,1807.0857107979912,1792.6999918619792,1802.9428743207814,51.46237655275198,2.203409310439838,2.804298421241482,0.0007790898241861743,0.008499590463465713,8.2999267578125,-9.699951171875,1
2022-01-11,1818.5999755859375,1822.5,1803.0,1803.9000244140625,743,1805.8142787388392,1793.9099894205729,1805.0304878228021,58.7664125798756,3.2609893336216373,2.895636603717513,0.011232179102341977,0.008916421770549526,19.5,8.4000244140625,1
2022-01-12,1827.199951171875,1827.199951171875,1816.9000244140625,1819.0,1547,1809.7856968470983,1795.6966552734375,1807.9864162693452,57.529409990672384,4.7384533377432945,3.264199950522669,0.004728898988996644,0.00878776880959306,10.2999267578125,22.0999755859375,0
2022-01-18,1812.300048828125,1820.0999755859375,1812.300048828125,1816.800048828125,900,1813.028564453125,1799.8866577148438,1810.8686702259265,50.617313187767415,5.0621452010841494,4.236923324950969,-0.0023121118479906277,0.00881045234745754,7.7999267578125,12.9000244140625,1
2022-01-20,1842.5,1843.0,1838.199951171875,1840.5999755859375,20,1825.914271763393,1804.0699910481771,1818.8106872596265,57.89197024791678,8.715722130075847,5.6041278207004535,-0.0003255252530437458,0.009813944380780195,4.800048828125,17.9000244140625,0
2022-01-21,1831.800048828125,1842.4000244140625,1828.9000244140625,1838.0,19,1827.7999965122767,1805.6833251953126,1820.5426021354263,51.16406487515366,8.963336125143769,6.275969481589117,-0.005807300500339174,0.009762620897053768,13.5,43.10009765625,1
2022-01-24,1841.699951171875,1842.0999755859375,1837.9000244140625,1837.9000244140625,8,1829.8714250837054,1807.919991048177,1823.3635820069528,62.70270864721602,9.844925212802082,6.989760627831711,0.005404466688426757,0.0087359926101305,4.199951171875,44.699951171875,1
2022-01-25,1852.699951171875,1852.699951171875,1842.0,1843.0,11,1834.3714250837054,1810.2466552734375,1827.2750978956092,61.87846297492495,11.300928911533674,7.851994284572104,0.005972742733147518,0.008633146213101614,10.699951171875,54.2999267578125,0
2022-01-26,1829.9000244140625,1829.9000244140625,1829.9000244140625,1829.9000244140625,55,1836.2857142857142,1811.6999877929688,1827.6250880980697,51.51343822154801,10.494089459357838,8.380413319529252,-0.012306324477091457,0.00927656264894666,0.0,11.300048828125,0
2022-01-27,1793.300048828125,1793.300048828125,1793.300048828125,1793.300048828125,196036,1833.5714285714287,1812.4633219401042,1823.0484161954105,51.30833593722876,6.822703352258031,8.068871326075008,-0.020001079347303108,0.009330590460336049,0.0,-33.89990234375,0
2022-01-28,1784.9000244140625,1798.4000244140625,1778.800048828125,1797.5,28521,1825.2571498325892,1813.2066569010417,1817.9619639578975,46.5605436341795,3.1984222227561077,7.094781505411229,-0.004684115421483281,0.009323892368593443,19.5999755859375,-36.2999267578125,1
2022-02-01,1800.300048828125,1806.0999755859375,1797.0999755859375,1797.199951171875,223,1813.971435546875,1813.0366577148438,1812.9536594387932,44.60814039055402,-0.08394960705663834,4.70437144642318,0.0029526734418523493,0.008945526622854087,9.0,-12.0,1
2022-02-02,1809.199951171875,1810.0999755859375,1795.0999755859375,1797.800048828125,1690,1809.328578404018,1813.5533243815105,1812.4531650032043,44.70586714690701,-0.32266619651704787,3.698963917835135,0.004943566129181232,0.0089556983335886,15.0,-33.9000244140625,0
2022-02-04,1806.5999755859375,1813.699951171875,1792.5,1806.0,571,1798.9000069754463,1814.2233235677083,1810.5803740138654,47.07272193078138,-1.2331656676344664,1.9606076530417833,0.001996658672178242,0.008967805672510626,21.199951171875,-25.2000732421875,1
2022-02-07,1820.5999755859375,1821.300048828125,1809.0999755859375,1812.199951171875,601,1802.7999965122767,1814.5366577148438,1811.9163208901416,52.31971723829702,-0.28451235773491135,1.5115836508864444,0.007749363549869104,0.00919889621211722,12.2000732421875,-21.0999755859375,1
2022-02-08,1826.5999755859375,1827.5999755859375,1815.0,1818.9000244140625,108,1808.7571323939733,1815.1533243815104,1813.8741415162476,44.646319978706956,0.9406093221894025,1.3973887851470361,0.003295616873810525,0.007935836558739518,12.5999755859375,-26.0999755859375,1
2022-02-11,1840.800048828125,1864.800048828125,1822.0,1822.0,181,1824.1428397042412,1817.9599934895834,1822.1798741739194,49.69411854524572,5.2729750454168425,2.724928829282435,0.0025052269788561343,0.0077938014892771365,42.800048828125,55.9000244140625,1
2022-02-14,1868.0,1870.5999755859375,1854.5999755859375,1861.800048828125,79,1833.4285539899554,1819.3099934895833,1828.2892242840635,54.68465006966912,8.452640626883294,3.870471188802607,0.014776157350273156,0.008624220063730804,16.0,73.0,0
2022-02-15,1854.800048828125,1879.699951171875,1847.4000244140625,1872.5999755859375,86,1840.3142787388392,1821.1566609700521,1831.8240008899384,58.10021213413612,9.79451766273337,5.05528048358876,-0.007066355017063652,0.00811886626086392,32.2999267578125,54.5,1
2022-02-16,1870.199951171875,1870.199951171875,1856.300048828125,1858.699951171875,34,1847.3999895368304,1823.0299926757812,1836.9407942608632,79.0188845424612,11.962709628068978,6.436766312484804,0.008302729101975048,0.005630703988519692,13.89990234375,61.0,1
2022-02-18,1898.5999755859375,1899.4000244140625,1890.699951171875,1899.4000244140625,51,1867.0428466796875,1829.2299926757812,1852.5297432361458,85.33429923934901,18.739114119425494,10.420658349417135,-0.001104843289253865,0.00635507012945952,8.7000732421875,92.0,1
2022-02-23,1909.199951171875,1910.5999755859375,1895.699951171875,1896.5999755859375,73,1886.7999790736608,1836.559989420573,1866.2761089213302,84.96509466014031,23.315673400774813,14.740782629597406,0.0016263446963136197,0.006375771035459345,14.9000244140625,82.5999755859375,1
2022-02-24,1925.0999755859375,1972.5,1911.699951171875,1911.9000244140625,2706,1894.9571184430804,1840.109989420573,1874.119291143278,89.98039038561312,25.895488063049243,16.971723716287773,0.008328108537978496,0.006109511767192339,60.800048828125,89.9000244140625,0
2022-02-25,1886.5,1920.0,1883.5999755859375,1906.9000244140625,586,1899.4856828962054,1842.0866577148438,1875.7700523241742,71.28398965425521,24.542404768083543,18.485859926646928,-0.020050894018732168,0.009013655666379523,36.4000244140625,50.300048828125,1
2022-02-28,1899.4000244140625,1928.4000244140625,1894.199951171875,1928.300048828125,390,1903.6571219308037,1844.6933268229166,1878.9207152694928,71.1147134747152,24.231673025650025,19.635022546447548,0.006838072840743337,0.008980991668644548,34.2000732421875,58.5999755859375,1
2022-03-01,1942.4000244140625,1942.4000244140625,1903.800048828125,1908.300048828125,547,1909.6142752511162,1848.8899943033855,1887.3846231554353,75.89448226539938,27.142277238550832,21.136473484868205,0.022638727728386154,0.010395137214648761,38.5999755859375,74.4000244140625,0
2022-03-02,1920.9000244140625,1948.199951171875,1919.800048828125,1945.5999755859375,109,1912.7999965122767,1852.5099934895834,1891.8533433232524,68.1184180711642,27.398251738816953,22.388829135657957,-0.011068780750497331,0.011189841632245033,28.39990234375,66.0999755859375,1
2022-03-03,1934.4000244140625,1940.300048828125,1924.800048828125,1930.5,122,1916.8428606305804,1855.553328450521,1897.5262341353605,69.71889987631182,28.363493848839653,23.583762078294296,0.007027955556467846,0.011200152113390026,15.5,64.2000732421875,1
2022-03-04,1965.0999755859375,1970.9000244140625,1935.5999755859375,1937.0,47,1924.828578404018,1859.6399943033855,1906.5360663287706,72.59179354788324,31.245505921983295,25.116110847032097,0.015870528734703848,0.011643376227840018,35.300048828125,64.4000244140625,1
2022-03-07,1993.9000244140625,2001.0999755859375,1963.0,1989.0,2516,1934.6571568080358,1865.0433268229167,1918.1845940734763,72.75028951460808,35.444858239971836,27.181860325620047,0.014655767740029413,0.01163543649937296,38.0999755859375,95.300048828125,1
2022-03-08,2040.0999755859375,2072.0,1998.0,1999.4000244140625,1813,1956.6000104631696,1871.6566609700521,1934.439978275138,79.91605247173797,42.01648526931535,30.14878531435911,0.02317064577269945,0.01207485053210999,74.0,134.0,0
2022-03-09,1985.9000244140625,2063.0,1980.800048828125,2053.60009765625,1022,1968.9571533203125,1876.0966634114584,1941.301317760328,66.5997293786041,42.36273273136567,32.59157479776042,-0.026567301514872188,0.015002909307591494,82.199951171875,76.7000732421875,1
2022-03-10,1998.0999755859375,2010.5,1978.0999755859375,1978.0999755859375,670,1976.9142892020088,1881.7033284505208,1948.874472137076,64.74864851975806,43.12445852609767,34.698151543427876,0.0061432856749545905,0.014623521968867674,32.4000244140625,73.0,0
2022-03-11,1982.699951171875,1996.0,1959.9000244140625,1985.0,865,1985.7428501674108,1888.0166585286458,1953.3845360083826,62.24163107317789,42.00131344305828,36.15878392335396,-0.007707334268670207,0.014893520621174968,36.0999755859375,96.199951171875,0
2022-03-14,1959.5999755859375,1977.699951171875,1959.5999755859375,1976.5,145,1989.3428431919642,1893.839990234375,1954.2132612853902,57.44918154048649,38.79997592734753,36.68702232415268,-0.011650767213810753,0.015408142446556276,18.0999755859375,60.199951171875,0
2022-03-15,1928.5,1939.9000244140625,1910.699951171875,1939.800048828125,71,1984.1142752511162,1898.289990234375,1950.7848264473382,52.4929031427993,33.368730807872,36.023364020896544,-0.01587057357287336,0.01614079144289846,29.2000732421875,-13.9000244140625,0
2022-03-16,1908.0,1922.4000244140625,1907.199951171875,1922.4000244140625,104,1971.8428431919642,1901.879988606771,1945.0801829210266,47.817209210282336,27.09788371075706,34.23826795886865,-0.010630023334197602,0.016259050657623425,15.2000732421875,-12.9000244140625,1
2022-03-17,1942.0999755859375,1947.199951171875,1933.9000244140625,1933.9000244140625,39,1957.8428431919642,1906.309989420573,1944.6828219430147,57.17975208240002,24.59624504937983,32.30986337697089,0.01787210460478894,0.01590910774702826,13.2999267578125,7.699951171875,0
2022-03-21,1928.5999755859375,1928.5999755859375,1925.0,1925.4000244140625,5,1939.6714041573662,1914.5499877929688,1940.6337551396284,48.00346431172589,18.412973290103082,27.760449426307577,0.0002074600270678406,0.014799657343768072,3.5999755859375,-65.300048828125,0
2022-03-22,1920.699951171875,1920.699951171875,1920.699951171875,1920.699951171875,26,1930.8142613002233,1917.8866536458333,1937.9759146105946,49.96986847654355,15.352437420299793,25.278847025106025,-0.00409624832213451,0.01452811271337718,0.0,-119.4000244140625,1
2022-03-23,1936.5999755859375,1936.5999755859375,1936.5999755859375,1936.5999755859375,204,1927.5285470145088,1921.5533203125,1937.7924560739737,50.32894016362683,14.048003145988105,23.032678249282444,0.00827824481609496,0.014577795956114208,0.0,-49.300048828125,1
2022-03-24,1961.5999755859375,1964.0,1961.5999755859375,1963.5999755859375,8,1932.257114955357,1925.7666544596354,1940.9667920089023,49.4675995558378,14.860221271288083,21.398186853683573,0.012909222511187979,0.014352354897371302,2.4000244140625,-36.5,0
2022-03-25,1953.800048828125,1953.800048828125,1953.800048828125,1953.800048828125,83,1938.7999790736608,1929.6866577148437,1942.6778929181319,43.48391325028951,14.705010872865387,20.059551657519936,-0.003976308551636554,0.01373629533842974,0.0,-28.89990234375,0
2022-03-28,1939.5999755859375,1939.5999755859375,1932.5999755859375,1932.5999755859375,7,1938.442836216518,1932.9799886067708,1942.267503940506,31.773663801386206,13.2830594374268,18.70425321350131,-0.00726792552324107,0.011831301797779154,7.0,-20.0,0
2022-03-29,1912.0,1912.0,1893.5,1893.5,128051,1936.1285574776787,1934.4466552734375,1938.2318367484386,35.16659340487017,9.815913571610508,16.926585285123153,-0.014229725682276206,0.010350752563903463,18.5,-16.5,1
2022-03-30,1933.5,1937.0,1914.5,1918.4000244140625,17765,1936.8285609654017,1937.0699869791667,1937.60092518198,37.50000590510357,8.70272620014066,15.281813468126655,0.01124476987447709,0.010765807998360442,22.5,25.5,1
2022-03-31,1949.199951171875,1949.9000244140625,1919.0999755859375,1933.5,3617,1940.8999895368304,1939.7033203125,1939.1474619806327,43.52531768014458,8.983812242470322,14.02221322299539,0.008119964402314439,0.010982129567312156,30.800048828125,7.0999755859375,0
2022-04-01,1919.0999755859375,1938.0,1917.0,1935.0,1016,1938.3999895368304,1940.3166544596354,1936.4744637946735,42.37862110599307,6.700519069434677,12.557874392283248,-0.015442220572518095,0.011302784678429753,21.0,-9.0999755859375,1
2022-04-04,1929.199951171875,1936.0999755859375,1915.5999755859375,1921.199951171875,371,1933.7714146205358,1941.3366536458334,1935.5045287783005,50.14302233582862,5.6409510282487645,11.174489719476352,0.0052628709887059255,0.010616412408869815,20.5,0.5999755859375,0
2022-04-06,1918.4000244140625,1931.800048828125,1916.699951171875,1916.699951171875,138,1926.3285609654017,1942.2033243815104,1931.7674076920903,44.101552341393585,2.7421172585482054,8.37913087616649,-0.0023402152700950918,0.008940645922440298,15.10009765625,-18.199951171875,1
2022-04-07,1933.800048828125,1934.800048828125,1919.5,1919.5,311,1929.4428536551338,1942.4933268229167,1932.0384265102284,51.38342400154397,2.7627006383177104,7.255844828596735,0.008027535559882004,0.009035816595284421,15.300048828125,-27.7999267578125,1
2022-04-11,1944.300048828125,1968.4000244140625,1941.800048828125,1946.5999755859375,163,1929.9000069754463,1945.82666015625,1934.7781996013634,55.76737892298825,4.022010225605982,5.987272308141773,0.0013906434261119482,0.008995800048877976,26.5999755859375,4.7000732421875,1
2022-04-12,1972.0999755859375,1977.0999755859375,1950.5999755859375,1952.5,246,1937.471435546875,1946.8166585286458,1939.7544363993068,58.19862356405118,6.705012411497137,6.130820328812846,0.014298166980229343,0.009504560829204681,26.5,60.0999755859375,1
2022-04-13,1981.0,1981.0,1969.5,1969.5,204,1944.8714425223213,1948.8199910481771,1945.2538448793994,54.84033075974234,9.440642710835846,6.792784805217447,0.00451296816806579,0.008968181900670898,11.5,47.5,0
2022-04-14,1970.9000244140625,1978.699951171875,1963.0,1977.199951171875,101,1951.7285853794642,1950.0366577148438,1948.6733354840212,54.21805377481832,10.670661072854273,7.568360058744812,-0.005098422809660552,0.009018454384152486,15.699951171875,21.7000732421875,1
2022-04-18,1982.9000244140625,1997.0999755859375,1972.800048828125,1973.4000244140625,196,1960.94287109375,1950.6299926757813,1953.2368940080266,60.7980303124395,12.470012654802076,8.548690577956265,0.006088588894085367,0.008819496192028223,24.2999267578125,63.800048828125,0
2022-04-20,1952.300048828125,1953.5999755859375,1945.5,1945.5,621,1965.6000104631696,1946.4299926757812,1953.396601256307,55.1648555074577,10.457976088697706,9.413612583857512,-0.001738458060354664,0.00833252261178724,8.0999755859375,29.4000244140625,0
2022-04-21,1944.9000244140625,1944.9000244140625,1942.5,1942.5,4,1965.6857212611608,1945.0633260091147,1952.2637243440076,48.76225360149942,8.878925160435529,9.306675099173116,-0.0037904134758919295,0.008124712201854314,2.4000244140625,26.5,0
2022-04-22,1931.0,1950.4000244140625,1930.199951171875,1949.5999755859375,178,1959.8142961774554,1942.82666015625,1949.42856109814,53.77778845624725,6.431758808562108,8.731691841050914,-0.007146909475848284,0.007168042097622433,20.2000732421875,-2.800048828125,0
2022-04-25,1893.199951171875,1925.0,1889.300048828125,1925.0,748,1947.2714320591517,1939.8433268229167,1941.9314131079714,40.28077497531569,1.4257783265477428,7.27050913815028,-0.019575374846258375,0.008781560295629291,35.699951171875,-48.4000244140625,1
2022-04-26,1901.4000244140625,1909.0999755859375,1894.0,1900.5,302,1937.3428606305804,1937.9033284505208,1936.5272279487835,44.25441240562554,-1.8583974429077443,5.444727821938676,0.0043313297346705415,0.008885438179582952,15.0999755859375,-42.9000244140625,0
2022-04-28,1888.699951171875,1893.0,1872.9000244140625,1883.800048828125,513,1913.9142892020088,1935.8399943033853,1924.3000030811836,37.84363944575472,-8.327141222112004,0.9157161944209697,0.0014846634082219534,0.008749823514732302,20.0999755859375,-92.300048828125,1
2022-04-29,1909.300048828125,1918.199951171875,1902.4000244140625,1902.699951171875,132,1907.7714320591517,1934.7466634114583,1922.300009180776,41.85579956601364,-8.6889473102799,-1.0052165065192042,0.010907025037761198,0.009270524098713234,15.7999267578125,-61.5999755859375,0
2022-05-02,1861.800048828125,1896.800048828125,1853.0,1896.699951171875,385,1895.9000069754463,1932.5333333333333,1914.2333478004225,33.031681024526534,-12.662568065280084,-3.3366868182713803,-0.024878226986457253,0.011177390754865462,43.800048828125,-121.0999755859375,1
2022-05-04,1867.0,1867.0,1867.0,1867.0,1,1883.271449497768,1928.7500040690104,1902.6854979902341,23.51303519161391,-16.93350738489221,-7.9338764600577765,-0.0009632110344034439,0.00999581062731697,0.0,-85.300048828125,1
2022-05-05,1874.0,1904.300048828125,1874.0,1897.0,80,1879.3571602957588,1926.6633382161458,1898.8607649248697,27.157019323462976,-17.639715359925503,-9.875044240031322,0.003749330476700674,0.010210517697903035,30.300048828125,-70.9000244140625,1
2022-05-06,1881.199951171875,1890.300048828125,1871.5,1874.699951171875,214,1878.6857212611608,1923.9833374023438,1896.5059897578037,25.470335407486616,-17.417634729959445,-11.383562338016947,0.003842023037286646,0.010064059250246832,18.800048828125,-49.800048828125,0
2022-05-09,1857.0999755859375,1867.5,1854.0,1866.5999755859375,304,1874.1714390345983,1920.7600016276042,1891.2518545348883,25.857017575847067,-18.967653545474377,-12.900380579508434,-0.012810959074778139,0.009997400833321301,13.5,-36.0999755859375,0
2022-05-10,1839.9000244140625,1839.9000244140625,1839.9000244140625,1839.9000244140625,1540,1864.2571498325892,1917.436669921875,1884.4049438521115,24.22019232222962,-21.33797603236144,-14.587899670079036,-0.009261726023365169,0.010089013688508845,0.0,-61.5,1
2022-05-11,1852.5999755859375,1852.5999755859375,1841.0,1841.5,892,1862.9428536551338,1915.456669108073,1880.1642814166216,29.33272981521631,-21.93879696384829,-16.058079128832887,0.006902522421520896,0.010516384296440726,11.5999755859375,-33.300048828125,0
2022-05-12,1823.800048828125,1851.9000244140625,1822.199951171875,1849.800048828125,153,1856.5142822265625,1911.8000040690104,1872.6490504048222,27.497906560332567,-24.4569408884131,-17.73785148074893,-0.015545680199366085,0.010975189547731006,29.7000732421875,-64.89990234375,0
2022-05-13,1807.4000244140625,1825.0,1807.4000244140625,1825.0,335,1848.0,1907.07333984375,1863.9491802727212,30.212187328444145,-27.459398151362848,-19.682160814871715,-0.008992227204183023,0.01015480213032363,17.5999755859375,-101.9000244140625,1
2022-05-18,1815.9000244140625,1819.699951171875,1805.0,1815.0,311,1824.471435546875,1896.2866739908854,1847.2036565933415,32.10422679416246,-29.770676495253156,-24.468687059672828,-0.001264947101296654,0.01005823079338785,14.699951171875,-51.0999755859375,1
2022-05-20,1841.800048828125,1841.800048828125,1836.300048828125,1839.0999755859375,110,1823.114292689732,1890.6466715494792,1845.7894140426101,43.796514780227604,-25.549376007115825,-25.18695897082077,0.00032592747782111964,0.008181668088878378,5.5,-39.39990234375,1
2022-05-23,1847.800048828125,1863.0,1845.800048828125,1846.300048828125,216,1826.5428641183037,1887.5200073242188,1846.057498680679,43.44568089756134,-23.167464140780567,-24.783060004812732,0.003257682615340096,0.008161500798495305,17.199951171875,-9.2999267578125,1
2022-05-24,1865.0999755859375,1867.0,1852.5,1852.5,33,1834.7857142857142,1884.8800048828125,1848.5964956013802,49.45929740969937,-19.65722605239307,-23.757893214328803,0.009362445232526273,0.008598147885774503,14.5,25.199951171875,0
2022-05-27,1851.300048828125,1860.699951171875,1845.9000244140625,1848.300048828125,30091,1848.6857212611608,1872.243339029948,1848.57870098562,48.203242052750475,-15.099234408357233,-20.1904945296394,0.0021110882118231533,0.008205054687903758,14.7999267578125,43.9000244140625,0
2022-06-01,1843.300048828125,1847.9000244140625,1825.300048828125,1831.0,1623,1849.114292689732,1863.82333984375,1847.1955584972545,46.69512369698469,-13.513877083250009,-17.91728691314823,0.00032566216538310044,0.007658238193128697,22.5999755859375,25.10009765625,1
2022-06-02,1866.5,1868.699951171875,1842.0999755859375,1845.4000244140625,551,1851.7857142857142,1860.9633382161458,1849.7694840309541,65.80307931402136,-10.870755729248003,-16.507980676368184,0.012586095891780724,0.007023763735310456,26.5999755859375,50.5999755859375,0
2022-06-03,1845.4000244140625,1871.800048828125,1845.4000244140625,1867.5999755859375,53,1848.971435546875,1857.6466715494792,1849.1868894153686,63.59083931605721,-10.359239835056314,-15.278232508105813,-0.011304567686009959,0.007315107617571413,26.4000244140625,4.2000732421875,0
2022-06-06,1839.199951171875,1854.0999755859375,1839.199951171875,1849.0,142,1847.971435546875,1854.586669921875,1847.8552976495696,59.18510516883031,-10.335018241148418,-14.289589654714334,-0.0033597448575715116,0.007404080154822958,14.9000244140625,-2.60009765625,1
2022-06-09,1848.800048828125,1850.0999755859375,1837.9000244140625,1846.0999755859375,159,1848.94287109375,1850.1766723632813,1848.4130727200725,53.079446352542696,-7.751058449913899,-11.439202496889367,-0.0016739432718125835,0.006519663683655829,12.199951171875,2.60009765625,1
2022-06-10,1871.5,1875.5999755859375,1823.9000244140625,1842.699951171875,1490,1852.971435546875,1849.603340657552,1851.4913296907296,60.20615166225088,-5.303843032284931,-10.212130603968479,0.012278207795517693,0.007261679884862181,51.699951171875,24.0999755859375,0
2022-06-13,1828.0,1873.800048828125,1818.699951171875,1873.800048828125,127,1847.471435546875,1846.8933390299478,1848.3591523986324,44.59015781068854,-6.7961518300710395,-9.52893484918899,-0.023243387656959658,0.009714726521405358,55.10009765625,-23.300048828125,0
2022-06-14,1809.5,1825.5,1805.300048828125,1825.0,536,1842.3428606305804,1845.1500040690105,1843.1779320788148,34.907741643466494,-9.363674086683204,-9.495882696687834,-0.010120350109409149,0.009552618790447767,20.199951171875,-33.199951171875,1
2022-06-15,1815.300048828125,1839.0,1810.800048828125,1814.0999755859375,108,1838.9285888671875,1843.3666707356772,1839.4608809787228,40.970239445683454,-10.805875103874314,-9.757881178125132,0.0032053323172838155,0.009354684637080394,28.199951171875,-28.0,1
2022-06-16,1845.699951171875,1850.5999755859375,1814.9000244140625,1819.199951171875,136,1838.6714390345983,1842.656669108073,1840.2927570044765,49.575618624147474,-9.387597365091324,-9.68382441551837,0.01674648902443132,0.010512340569191233,35.699951171875,-20.800048828125,0
2022-06-22,1834.300048828125,1842.699951171875,1821.5999755859375,1829.5,115,1829.0,1839.063338216146,1838.3659233594235,47.7341373015434,-8.284216519317852,-9.144490508686161,-0.00016348346331829244,0.010522890560013218,21.0999755859375,-13.199951171875,0
2022-06-24,1826.5,1826.5,1815.800048828125,1820.5,61,1831.0999930245537,1837.7200032552084,1835.3201767920502,44.2272400861725,-8.695098079038416,-8.968352791718564,0.0004382148488373261,0.009486809670486358,10.699951171875,-22.300048828125,0
2022-06-29,1813.699951171875,1830.300048828125,1812.800048828125,1818.300048828125,173,1824.7428501674108,1837.9666666666667,1828.9341080567203,37.88068554574191,-10.18916582839961,-9.333352680592709,-0.0020908109095598704,0.009312218445517023,17.5,4.199951171875,0
2022-07-01,1798.9000244140625,1806.0999755859375,1791.5999755859375,1795.5,77,1815.3285609654017,1836.930000813802,1822.0598415966313,25.238749087178704,-12.446267124620363,-10.269688974777127,-0.0028822965701699177,0.008460509944671294,14.5,-46.7999267578125,0
2022-07-05,1761.800048828125,1805.4000244140625,1761.800048828125,1805.4000244140625,64,1806.2000034877233,1834.2833374023437,1814.0252025608304,26.390879376727227,-16.166500898182676,-11.449051359458236,-0.020623700640629905,0.007989155286992684,43.5999755859375,-73.7999267578125,0
2022-07-08,1740.5999755859375,1749.300048828125,1732.0999755859375,1738.0999755859375,370,1770.2714320591517,1822.906669108073,1787.514244981705,5.503811467996599,-26.508860663345786,-17.75864863802996,0.00155357105353926,0.006370713109738425,17.2000732421875,-85.0999755859375,0
2022-07-11,1730.0,1736.699951171875,1730.0,1732.5,75,1758.3142961774554,1819.0333374023437,1779.8456789841443,5.480608210825551,-28.7169419462482,-19.95030729967361,-0.006089840132491808,0.006382627348372656,6.699951171875,-96.5,0
2022-07-12,1723.300048828125,1735.5,1723.300048828125,1734.199951171875,451,1746.771449497768,1814.8966715494792,1772.3062616300083,5.229287071636563,-30.654130601022416,-22.09107195994337,-0.0038728041455924345,0.00629725988606437,12.199951171875,-97.5999755859375,1
2022-07-13,1734.199951171875,1734.199951171875,1710.0,1710.0,368,1737.5285818917412,1810.9933349609375,1767.2254202355907,12.89838023708262,-30.953028299124526,-23.863463227779604,0.006325017138577804,0.006850796585898528,24.199951171875,-83.300048828125,0
2022-07-15,1702.4000244140625,1709.699951171875,1701.0999755859375,1705.4000244140625,721,1724.7000034877233,1801.6900024414062,1751.3337633432743,10.553011448868105,-34.756164432663354,-27.536440267222964,-0.0012320185309108167,0.007627439762189775,8.5999755859375,-101.699951171875,1
2022-07-19,1710.0,1714.4000244140625,1706.0999755859375,1712.300048828125,1684,1716.2285679408483,1791.9333333333334,1740.9537988243649,15.522695418633973,-34.78854083355213,-30.18646387181588,0.00046808381171348223,0.00807173005046613,8.300048828125,-51.800048828125,0
2022-07-20,1699.5,1708.5,1699.5,1707.0999755859375,130,1711.8714250837054,1787.2766682942708,1735.4266256477829,14.883079482528728,-35.03741545374555,-31.15665418820182,-0.0061403508771930015,0.0080584450067796,9.0,-35.4000244140625,1
2022-07-21,1712.699951171875,1715.5,1679.800048828125,1687.0,183,1710.3571254185267,1782.7833333333333,1732.3964023843284,22.502932412393022,-33.78012834812057,-31.68134902018557,0.007766961560385477,0.008702732508653234,35.699951171875,-25.2000732421875,1
2022-07-22,1727.0999755859375,1735.0,1713.0,1713.300048828125,61,1709.3428431919642,1778.6233317057292,1731.6902121445432,29.532443345763085,-31.261395724094882,-31.597358360967437,0.008407791688327837,0.009285081782515844,22.0,-13.5,0
2022-07-27,1719.0999755859375,1719.0999755859375,1719.0999755859375,1719.0999755859375,144865,1715.0142647879463,1765.5399943033854,1727.1239603117824,42.11405409612446,-26.378337830074543,-29.72358660614501,0.0008150576083485461,0.00673371906479138,0.0,-15.0999755859375,1
2022-07-28,1750.300048828125,1755.0,1732.0,1732.300048828125,37236,1720.7714146205358,1763.5666625976562,1730.2141054472947,53.283711735210424,-22.298240431925933,-28.238517371301196,0.01814907433266244,0.008420836156757129,23.0,45.800048828125,1
2022-07-29,1762.9000244140625,1765.699951171875,1750.0,1754.0,3485,1729.8285609654017,1761.8199951171875,1734.5722279761972,60.98866465363222,-17.8423456666128,-26.159283030363518,0.007198751776515966,0.00837823373130482,15.699951171875,60.5,1
2022-08-02,1771.0999755859375,1786.5999755859375,1759.4000244140625,1772.0999755859375,1078,1744.1571393694196,1757.113330078125,1743.4209146469132,63.15040758280644,-10.06238492112766,-20.94022943736637,0.0011870975612988666,0.008154806896868722,27.199951171875,61.0999755859375,0
2022-08-03,1758.0,1770.5,1753.0,1756.699951171875,399,1749.7285679408483,1754.5599975585938,1745.3647926939916,71.62490748507426,-8.173047127953396,-18.386792975483775,-0.0073965195452072585,0.006732642821671146,17.5,58.5,1
2022-08-04,1788.5,1792.0999755859375,1767.699951171875,1769.4000244140625,285,1759.8428606305804,1753.033329264323,1751.1161536681261,78.30374405198062,-4.166608148937257,-15.542756010174474,0.017349260523321863,0.007751836129608464,24.4000244140625,75.800048828125,0
2022-08-05,1772.9000244140625,1791.4000244140625,1764.199951171875,1791.199951171875,645,1767.5285818917412,1751.273331705729,1754.0206697675842,69.79492342346101,-2.2246200138406493,-12.879128810907709,-0.00872237941623566,0.008413595149888622,27.2000732421875,45.800048828125,1
2022-08-08,1786.800048828125,1786.800048828125,1771.800048828125,1771.800048828125,127,1772.7428676060267,1749.95,1758.391253642323,72.06897954831177,0.4310663132268928,-10.21708978608079,0.007840275380816442,0.008496836763739342,15.0,67.800048828125,1
2022-08-10,1795.5999755859375,1804.9000244140625,1787.800048828125,1804.4000244140625,601,1780.9857177734375,1748.323331705729,1767.4672050361366,76.0528086534131,5.249991044533999,-4.99595127312702,0.000891848152696495,0.008018477889617055,17.0999755859375,76.5,0
2022-08-11,1789.699951171875,1794.300048828125,1785.699951171875,1794.300048828125,1235,1783.642857142857,1747.523331705729,1770.4315711875684,70.78352780018075,6.41871981100644,-2.7130170563003286,-0.0032858233984645047,0.008066914758872225,8.60009765625,39.39990234375,1
2022-08-12,1798.5999755859375,1800.4000244140625,1784.300048828125,1786.300048828125,187,1789.4428536551338,1747.339998372396,1774.1873584406844,76.28796656209258,7.971216150407145,-0.5761704149588338,0.004972914263217554,0.007806556152594024,16.0999755859375,35.699951171875,0
2022-08-15,1781.4000244140625,1799.0,1774.699951171875,1799.0,64,1788.4285714285713,1746.7566650390625,1775.149047237135,69.03768712774193,7.724643489213349,1.083992365875603,-0.009562966421297614,0.008481315438451794,24.300048828125,12.4000244140625,0
2022-08-16,1773.199951171875,1777.4000244140625,1771.4000244140625,1777.4000244140625,308,1788.4714181082588,1747.1366617838542,1774.8891677617669,65.53704284100637,6.789292758254987,2.22505244435148,-0.004603162192548305,0.008691884892112747,6.0,2.0999755859375,0
2022-08-18,1755.300048828125,1762.9000244140625,1753.4000244140625,1762.9000244140625,321,1779.1571393694196,1748.563330078125,1770.5914314938382,47.43590271594403,3.0537681345563215,2.8267944257012028,-0.002840424848779999,0.007502363445344693,9.5,-33.199951171875,0
2022-08-19,1747.5999755859375,1754.300048828125,1747.5,1753.699951171875,49,1772.2999965122767,1748.7966634114584,1767.5259040394515,42.857131215871426,0.9190293298552206,2.4452414065320065,-0.004386756126012914,0.0074943559087686925,6.800048828125,-25.300048828125,0
2022-08-22,1734.0,1740.5,1726.5,1740.5,347,1764.3428606305804,1748.9299967447917,1763.055783500858,38.49969236450983,-1.848858433730129,1.5864214384795794,-0.007782087305979513,0.007688318996055872,14.0,-52.800048828125,1
2022-08-24,1747.800048828125,1751.800048828125,1743.5999755859375,1745.0,187,1752.1428745814733,1750.1666666666667,1759.1432450934221,34.524733394724336,-3.7441173565196095,-0.2095578050600465,0.0005724753675562244,0.0059570986360141355,8.2000732421875,-47.7999267578125,1
2022-08-25,1757.699951171875,1761.800048828125,1755.0,1761.5999755859375,172,1749.9285888671875,1751.9399983723958,1758.9508059038826,43.95863191897942,-3.514082654300182,-0.8704627749080737,0.0056642076136728114,0.005879218164311785,6.800048828125,-32.0,0
2022-08-29,1736.5999755859375,1741.199951171875,1732.0999755859375,1732.4000244140625,950,1743.7999965122767,1753.9766642252605,1753.3301548025274,27.36590789847365,-6.097234814586727,-2.579244656505441,0.00028800184726174294,0.005905995977199629,9.0999755859375,-44.800048828125,0
2022-08-30,1723.199951171875,1739.0,1720.699951171875,1736.4000244140625,385,1740.3142787388392,1754.4166625976563,1749.3127943184406,23.881660473608235,-7.943126794333239,-3.652021084071001,-0.007716241277465952,0.005995121258578476,18.300048828125,-50.0,0
2022-08-31,1712.800048828125,1720.9000244140625,1708.5,1718.300048828125,2133,1737.2857142857142,1754.8599975585937,1744.4444282530653,23.13068446455351,-10.128440335296318,-4.947304934316064,-0.006035226693615781,0.006052826781744682,12.4000244140625,-47.5,0
2022-09-01,1696.5999755859375,1707.9000244140625,1693.9000244140625,1707.9000244140625,683,1730.1142752511162,1754.323331705729,1738.0651678974482,16.09040351406894,-13.01747028744694,-6.56133800494224,-0.009458239596192963,0.005792711638302022,14.0,-58.7000732421875,1
2022-09-02,1709.800048828125,1715.699951171875,1703.0999755859375,1703.4000244140625,182,1724.6857038225446,1753.7466674804687,1734.2964853548717,25.546460503506594,-14.079610757277123,-8.064992555409216,0.0077803096971216235,0.006370761500707339,12.5999755859375,-37.7999267578125,0
2022-09-06,1700.4000244140625,1717.4000244140625,1699.699951171875,1709.699951171875,697,1716.5,1753.1266682942708,1729.7769572294305,25.3387741194354,-15.50118018681519,-9.55223008169041,-0.0054977331533621054,0.006393527166683825,17.7000732421875,-33.5999755859375,1
2022-09-07,1715.300048828125,1715.300048828125,1694.699951171875,1694.800048828125,651,1713.5285818917412,1753.0466715494792,1727.8467027759232,34.95990286603934,-15.249687847162704,-10.69172163478487,0.008762658315767169,0.006973498110551174,20.60009765625,-31.5,0
2022-09-08,1708.0,1718.199951171875,1705.300048828125,1718.199951171875,1193,1709.44287109375,1752.6766723632813,1725.2004757391335,34.43054535401963,-15.461204150280764,-11.64561813788405,-0.004255843654357938,0.006999557024272831,12.89990234375,-39.800048828125,1
2022-09-09,1716.199951171875,1720.0,1712.800048828125,1719.199951171875,635,1708.44287109375,1751.5400024414062,1724.0004057968324,39.6981563701229,-14.79659883388149,-12.275814277083539,0.004800908180254693,0.007179541506480311,7.199951171875,-41.5,1
2022-09-12,1728.0999755859375,1728.0999755859375,1727.4000244140625,1727.4000244140625,68,1710.6285749162946,1750.380000813802,1724.5470151020465,48.04246133159449,-13.157984757131999,-12.45224837309323,0.006933938208037338,0.007229917571820964,0.699951171875,-8.0,0
2022-09-13,1705.0,1720.5,1697.300048828125,1720.5,432,1711.828578404018,1748.2466674804687,1721.9407464217736,37.018618376358695,-13.566954860469878,-12.67518967056856,-0.013367268047154046,0.007665507245875488,23.199951171875,-31.5999755859375,0
2022-09-14,1696.5,1701.800048828125,1696.5,1698.699951171875,532,1709.9285714285713,1745.7600016276042,1718.5486468988706,34.77743358215875,-14.410826538464562,-13.022317044147762,-0.004985337243401777,0.0076825956009100495,5.300048828125,-26.699951171875,0
2022-09-15,1665.4000244140625,1686.0,1662.300048828125,1685.5,1125,1704.9285714285713,1742.6733357747396,1711.4621639008963,25.672142561596573,-17.388663352427102,-13.89558630580363,-0.01833184532032861,0.008455481030530409,23.699951171875,-47.4000244140625,1
2022-09-16,1671.699951171875,1674.9000244140625,1651.699951171875,1660.4000244140625,464,1698.699986049107,1738.7800008138022,1706.1605355370268,31.536692832919783,-19.02100671770131,-14.920670388183167,0.0037828309507974556,0.008305787065663659,23.2000732421875,-24.9000244140625,0
2022-09-19,1666.199951171875,1669.4000244140625,1658.5,1661.800048828125,580,1692.728550502232,1735.2233317057292,1700.8324576216733,30.37903711440518,-20.52189104413901,-16.040914519374336,-0.003290064102798196,0.008262896115888985,10.9000244140625,-43.60009765625,0
2022-09-21,1664.5999755859375,1680.0999755859375,1664.5999755859375,1665.5,2337,1675.585693359375,1726.6733276367188,1691.2483703827097,35.56885089524255,-22.485362315897873,-18.28044949670123,0.002952355581262056,0.008221016014781826,15.5,-50.7000732421875,1
2022-09-22,1670.800048828125,1670.800048828125,1668.300048828125,1668.300048828125,973,1670.699986049107,1722.513330078125,1688.521927508765,41.78346920448317,-22.12854702180516,-19.05006900172202,0.0037246625814739698,0.008055000569762157,2.5,-37.199951171875,0
2022-09-23,1645.300048828125,1667.0,1645.300048828125,1667.0,1224,1663.385707310268,1717.7,1682.7590103513464,30.950980095262395,-23.63100173986004,-19.966255549349622,-0.01526214942229942,0.008453194532713324,21.699951171875,-70.89990234375,0
2022-09-27,1626.699951171875,1636.5999755859375,1626.699951171875,1632.199951171875,888,1650.9428536551338,1706.7,1668.4136557958448,24.002303863556264,-27.809220914358548,-22.54725976918896,0.002094438638256868,0.00837210282956021,9.9000244140625,-78.300048828125,1
2022-09-30,1662.4000244140625,1672.699951171875,1658.0,1661.699951171875,548,1649.6285923549108,1696.45,1665.6637099323711,32.00001337756849,-22.60362917514044,-23.299371752162894,0.0023515371806226426,0.010195652308627083,14.699951171875,-9.2999267578125,1
2022-10-03,1692.9000244140625,1700.0,1661.9000244140625,1667.199951171875,410,1652.7857317243304,1694.6266682942708,1669.29521852993,46.81411952861195,-18.488105268633717,-22.33711845545706,0.018346967969246952,0.011127771830581492,38.0999755859375,26.7000732421875,1
2022-10-04,1721.0999755859375,1728.0,1696.0,1701.199951171875,291,1663.614292689732,1694.1966674804687,1676.202519470731,55.86831547025905,-12.80343253878641,-20.43038127212293,0.016657777048373124,0.011924293779219651,32.0,61.4000244140625,0
2022-10-06,1711.699951171875,1723.300048828125,1709.0999755859375,1721.0,133,1688.3428606305804,1691.813330078125,1685.002777602113,60.976951350076575,-5.853752256582993,-15.682595478837502,0.00017525228090087275,0.010756332789355809,14.2000732421875,40.89990234375,0
2022-10-07,1700.5,1710.0999755859375,1693.699951171875,1710.0999755859375,179,1694.0714285714287,1689.9066650390625,1687.0690739218312,59.12721305340952,-4.233100554674593,-13.39269649400492,-0.006543174324569634,0.010907520563068377,16.4000244140625,55.199951171875,0
2022-10-10,1667.300048828125,1693.4000244140625,1667.0,1693.4000244140625,195,1695.328578404018,1687.6133341471354,1684.433203909337,51.77076021528986,-5.5635478839308234,-11.826866771990101,-0.019523640794986807,0.01222359517086273,26.4000244140625,44.0,1
2022-10-11,1678.699951171875,1678.699951171875,1661.0,1661.800048828125,167,1697.6571393694196,1685.6833333333334,1683.6687702110087,53.188600794258555,-5.633124973346185,-10.588118412261318,0.006837343015591246,0.012329739356907819,17.699951171875,52.0,0
2022-10-13,1670.0,1675.300048828125,1641.5,1675.199951171875,729,1687.1285749162946,1682.4933349609375,1680.3014374897411,56.23422510771293,-6.7631370499514105,-9.135986307667915,-0.00017963768146656012,0.011579550531089151,33.800048828125,11.5,0
2022-10-14,1641.699951171875,1667.0,1640.0,1665.300048828125,82,1677.171421595982,1680.6633341471354,1675.154572647359,54.50096211155717,-9.31155202382115,-9.171099450898563,-0.016946137022829322,0.01195710058637612,27.0,-20.7000732421875,1
2022-10-17,1657.0,1657.0,1646.800048828125,1650.199951171875,238,1669.357142857143,1678.9033325195312,1672.7339629610444,57.00417849935212,-9.981542173483149,-9.33318799541548,0.00931963774330602,0.012168001321618372,10.199951171875,-35.9000244140625,0
2022-10-18,1649.0,1655.199951171875,1649.0,1651.4000244140625,597,1662.0,1677.1899983723958,1669.5694345662387,47.00943324326418,-11.030890100728584,-9.672728416478101,-0.004828002414001165,0.010895293021602083,6.199951171875,-72.0999755859375,0
2022-10-20,1630.800048828125,1641.4000244140625,1622.800048828125,1622.800048828125,477,1649.471435546875,1671.6899983723958,1659.5388262512804,42.461828226582824,-14.915354178134294,-11.324404279127961,0.0020276797715053085,0.011398805692558644,18.5999755859375,-80.89990234375,1
2022-10-25,1652.800048828125,1652.800048828125,1637.300048828125,1648.199951171875,880,1645.2571498325892,1665.130000813802,1656.5326827270374,32.53873624435025,-12.96368010258675,-12.430434612200381,0.0024868670938793525,0.009385648752538195,15.5,-25.89990234375,1
2022-10-27,1660.699951171875,1660.699951171875,1660.699951171875,1660.699951171875,2298,1647.9285714285713,1663.889998372396,1657.9512085156691,38.34893517267798,-10.049237940968169,-11.765941348568756,-0.0019832024207482313,0.009599083019805003,0.0,-9.300048828125,0
2022-10-31,1635.9000244140625,1641.800048828125,1633.4000244140625,1641.800048828125,522,1650.385707310268,1661.8100016276042,1652.8904637191304,35.82785027886172,-11.337216014398791,-11.505505375804976,-0.0022566182160088655,0.008451595914859441,8.4000244140625,-21.0999755859375,1
2022-11-02,1645.699951171875,1664.699951171875,1634.0,1650.800048828125,612,1649.0999930245537,1660.6900024414062,1651.0199417941747,42.01182339703564,-10.557460075411655,-11.23527308215484,0.0004255022321428825,0.008620901184774491,30.699951171875,18.199951171875,0
2022-11-03,1627.300048828125,1629.199951171875,1615.0999755859375,1629.199951171875,1427,1645.4571358816963,1659.2400024414062,1647.8572893987014,44.936741459796615,-11.556964777451867,-11.299611421214248,-0.011180593601310962,0.007909518732524226,14.0999755859375,-3.5,1
2022-11-07,1676.5,1677.9000244140625,1672.9000244140625,1676.9000244140625,42,1648.9285714285713,1661.9199991861979,1654.5239195928025,58.17966209513795,-5.870900725705496,-9.78235626977209,0.0023916292974588416,0.010612295543451868,5.0,27.800048828125,1
2022-11-09,1710.0999755859375,1720.199951171875,1706.0,1707.4000244140625,497,1669.885707310268,1666.4233317057292,1668.587293528872,71.91819322222155,2.9802393230015696,-5.796475890097661,-0.001168156082307914,0.01108206592078952,14.199951171875,46.0999755859375,1
2022-11-10,1750.300048828125,1750.300048828125,1708.199951171875,1708.199951171875,325,1684.9285714285713,1669.4833333333333,1679.4823275687725,74.7138121197833,9.133530530843473,-2.8104746059094348,0.023507440393017776,0.012121435170539143,42.10009765625,89.60009765625,1
2022-11-11,1766.0,1766.0,1757.5999755859375,1763.800048828125,257,1702.114292689732,1672.9366658528645,1691.0180172262696,77.36821179076115,15.102817120147165,0.7721837393018851,0.008969862728614109,0.012066735403373737,8.4000244140625,126.4000244140625,1
2022-11-16,1773.0,1778.9000244140625,1773.0,1776.5999755859375,303,1751.2714320591517,1679.4366658528645,1719.7853021147052,77.48413024669819,26.635600516442764,12.150426763184178,-0.0004510366479320016,0.01205074064109195,5.9000244140625,127.300048828125,0
2022-11-17,1760.800048828125,1763.0,1756.0,1763.0,18,1758.2285853794642,1681.0733357747397,1725.2539350098277,81.0133596549042,27.420900362239763,15.204521482995297,-0.006880965127961103,0.01148915435631079,7.0,133.5,0
2022-11-18,1751.9000244140625,1763.300048828125,1747.5999755859375,1763.300048828125,414,1764.2000209263392,1682.786669921875,1728.8067469303924,78.91328133272157,27.013701423640214,17.56635747112428,-0.005054534397580079,0.011651420127104321,15.7000732421875,79.4000244140625,0
2022-11-22,1738.300048828125,1741.699951171875,1738.300048828125,1741.699951171875,15,1758.4000244140625,1687.1100056966145,1731.0655214704252,72.45395722210054,23.6170141853313,20.002691988221443,0.0005180294701365717,0.01217044130358654,3.39990234375,26.2000732421875,1
2022-11-23,1744.9000244140625,1750.9000244140625,1736.5,1736.5,39,1754.3000313895088,1689.5966715494792,1732.9101218629103,80.2469035022998,22.610533132111414,20.524260216999437,0.0037967988267542108,0.01136643795057635,14.4000244140625,34.800048828125,1
2022-11-25,1753.300048828125,1757.9000244140625,1749.199951171875,1753.0,216,1751.3714599609375,1692.37333984375,1735.6287787916056,75.63451737332115,22.234397124788757,20.8662875985573,0.004814043381587529,0.009305619019725105,8.7000732421875,3.0,0
2022-11-28,1740.0999755859375,1741.300048828125,1740.0999755859375,1741.300048828125,132767,1746.6714564732142,1695.653340657552,1736.2249383641831,69.06472134991478,20.633322933067575,20.819694665459355,-0.007528701804925042,0.009756368267300591,1.2000732421875,-25.9000244140625,1
2022-11-30,1746.0,1769.4000244140625,1745.0999755859375,1748.0999755859375,3339,1744.057163783482,1701.9333414713542,1738.9351787480557,62.83057737663636,18.740461487948096,20.24164002752403,-0.0013726975409227293,0.008228394821842145,24.300048828125,-27.800048828125,1
2022-12-02,1795.9000244140625,1802.300048828125,1779.4000244140625,1802.0,1725,1761.3857247488838,1713.22333984375,1753.7139791381232,60.360356549787795,24.04346906227147,21.297358396720615,-0.002887097463972421,0.009852241884066857,22.9000244140625,35.0999755859375,0
2022-12-06,1769.300048828125,1779.4000244140625,1767.9000244140625,1768.5999755859375,105,1766.8857247488838,1721.1233439127604,1757.3736203286765,48.65188854090632,22.122159707374294,21.739276714943706,0.001075039259825994,0.010805196319882733,11.5,31.9000244140625,1
2022-12-08,1788.699951171875,1790.9000244140625,1782.0,1782.0,713,1779.1285749162946,1729.7033406575522,1764.8006238697892,58.04959448436754,22.710505715049067,22.047619666348076,0.0017921877187763169,0.010877214658457559,8.9000244140625,43.7999267578125,1
2022-12-09,1798.0999755859375,1804.300048828125,1791.0999755859375,1794.9000244140625,125,1786.5714285714287,1734.283341471354,1769.2405374319424,63.29112145922445,23.403788213119014,22.318853375702265,0.005255227075901647,0.010771287945257396,13.2000732421875,44.7999267578125,0
2022-12-12,1780.5,1793.9000244140625,1777.699951171875,1787.300048828125,85,1783.6285749162946,1738.9800089518228,1770.7417991076836,62.18201516045447,22.27626176784952,22.310335054131716,-0.009788096226519438,0.01088822332631951,16.2000732421875,40.4000244140625,1
2022-12-13,1813.9000244140625,1819.800048828125,1780.5,1780.699951171875,205,1786.2000034877233,1744.9133422851562,1776.4962291485342,68.05156799706192,23.803400981733603,22.608948239652094,0.018758789336738246,0.01177726994356581,39.300048828125,65.5,0
2022-12-14,1807.5,1812.800048828125,1797.9000244140625,1810.800048828125,1074,1791.9285714285713,1750.330008951823,1780.630065262063,64.96174800891836,24.21807048685423,22.93077268909252,-0.0035283225800329943,0.011906383147373769,14.9000244140625,61.5,0
2022-12-15,1777.199951171875,1801.0,1774.800048828125,1801.0,421,1793.05712890625,1754.7133422851562,1780.1727167167046,55.17089836528324,21.849866682789525,22.71459148783192,-0.016763512491355437,0.012946905426668069,26.199951171875,-23.9000244140625,1
2022-12-19,1787.699951171875,1796.300048828125,1785.5999755859375,1791.5999755859375,79,1793.55712890625,1763.9766723632813,1782.311945156797,58.744974176188634,19.49761165801806,21.759504329968838,-0.0012849434793994474,0.012799266918411007,10.7000732421875,20.2999267578125,1
2022-12-21,1815.9000244140625,1821.4000244140625,1814.4000244140625,1817.4000244140625,35,1801.1571393694196,1772.083341471354,1790.6716448830498,53.78711303302642,21.106370807409576,21.432290529923886,0.0,0.010428770767072172,7.0,30.4000244140625,0
2022-12-22,1787.0,1818.0999755859375,1785.0,1818.0999755859375,411,1797.3142787388392,1774.6466756184896,1790.1820922319764,47.96896040880978,19.01134569322221,20.948101562583552,-0.015914986522117425,0.011311155771658202,33.0999755859375,-1.699951171875,1
2022-12-23,1795.9000244140625,1802.800048828125,1794.0999755859375,1794.300048828125,49,1795.6571393694196,1776.1666748046875,1790.944483189588,57.1428484017069,17.863264195841793,20.331134089235203,0.004980427763884965,0.010442069959250119,8.7000732421875,-2.199951171875,1
2022-12-27,1814.800048828125,1826.300048828125,1803.4000244140625,1803.4000244140625,69,1801.0285818917412,1777.7933430989583,1794.1252252747263,60.50807129123745,18.267894438094572,19.91848615900708,0.010523984719154278,0.010735052086808134,22.9000244140625,34.300048828125,0
2022-12-28,1807.9000244140625,1807.9000244140625,1803.0999755859375,1803.199951171875,434,1803.585728236607,1778.936678059896,1795.9618651599712,55.40540301699379,17.826302002976036,19.500049327800873,-0.003802085204107186,0.010616381443076701,4.800048828125,-6.0,1
2022-12-30,1819.699951171875,1822.300048828125,1816.800048828125,1817.0,95,1808.6714390345983,1782.0166748046875,1801.8469055430728,55.23254541701684,18.305810623029856,19.053598568144988,0.00010989347176426634,0.010657295820775313,5.5,42.5,1
2023-01-03,1839.699951171875,1839.699951171875,1836.199951171875,1836.199951171875,29,1812.0714285714287,1784.6466715494792,1806.89397829358,64.17621362742415,19.77355649792844,19.19759015410168,0.010990822957993807,0.010499129126255035,3.5,49.699951171875,1
2023-01-04,1852.800048828125,1859.0999755859375,1845.5999755859375,1845.5999755859375,25,1821.471435546875,1788.0100056966146,1813.014787698186,60.31828881715069,21.74318220727423,19.70670856473619,0.00712077947705847,0.00951834699589941,13.5,65.10009765625,0
2023-01-05,1834.800048828125,1855.199951171875,1834.800048828125,1855.199951171875,24,1827.0285818917412,1791.2566731770833,1815.9194891821778,56.82158975416387,21.602653264940955,20.085897504777144,-0.00971502565070892,0.009908326832923779,20.39990234375,18.9000244140625,1
2023-01-06,1864.199951171875,1868.199951171875,1835.300048828125,1838.4000244140625,26,1834.0857107979912,1795.4533365885416,1822.3568841141375,71.83732798643011,23.59165951401087,20.78704990662389,0.016023491149636415,0.009206928143184674,32.89990234375,48.2999267578125,1
2023-01-11,1874.5999755859375,1877.800048828125,1873.0999755859375,1873.0999755859375,1236,1858.6285574776787,1808.139998372396,1840.054707373938,67.4183831370549,27.56730875384028,23.703484861833136,0.0016029066248843815,0.008395343105808228,4.7000732421875,59.7999267578125,1
2023-01-12,1895.5,1897.4000244140625,1877.199951171875,1877.199951171875,59,1866.5999930245537,1813.043330891927,1847.447413057413,71.01371840689885,29.582890416891132,24.879365972844735,0.011149058298440373,0.008683437986670033,20.2000732421875,87.5999755859375,1
2023-01-13,1918.4000244140625,1920.9000244140625,1898.300048828125,1899.0,512,1875.9714181082588,1818.7899983723958,1856.9077612382998,85.82333885556102,32.65170545753267,26.433833869782326,0.012081257934087208,0.007033461407047078,22.5999755859375,98.9000244140625,0
2023-01-18,1904.4000244140625,1911.0999755859375,1903.0999755859375,1911.0999755859375,1027,1892.05712890625,1825.9433308919272,1869.0516049429482,76.41509094455516,34.07427685954508,29.138988309724816,-0.001468082439962326,0.007542010257773519,8.0,64.7000732421875,1
2023-01-23,1927.0999755859375,1927.0999755859375,1915.0,1926.5,218,1914.4428536551338,1841.056660970052,1888.7310122497365,80.93319110546075,36.598081210715236,32.557688537939484,0.0003633467415926628,0.00736735904355182,12.0999755859375,62.9000244140625,1
2023-01-24,1933.9000244140625,1936.800048828125,1931.800048828125,1931.800048828125,201,1919.9285714285713,1845.8966634114583,1894.7535472049801,79.36410813723319,37.006378575925055,33.4474265455366,0.0035286435131927085,0.007097781746933014,5.0,61.2000732421875,1
2023-01-25,1941.199951171875,1941.199951171875,1939.800048828125,1941.199951171875,7,1923.1857038225446,1850.6666625976563,1900.9464010672327,78.5899049493005,37.486874901702095,34.2553162167697,0.003774717754618351,0.007025954256105948,1.39990234375,69.5999755859375,0
2023-01-30,1922.9000244140625,1933.5999755859375,1920.300048828125,1928.300048828125,27220,1929.885707310268,1863.2899943033854,1909.8886033652152,71.45304513580598,33.38280035797152,34.51865740759585,-0.0029554864896974564,0.005713724606491583,13.2999267578125,4.5,1
2023-02-01,1927.800048828125,1955.0,1922.0,1927.199951171875,2290,1930.4285714285713,1872.9599975585938,1914.543001926956,71.94725588169234,30.575717878953128,33.341475495241625,-0.0008810319626199048,0.005738031587857414,33.0,23.4000244140625,0
2023-02-02,1916.300048828125,1959.0999755859375,1911.300048828125,1952.300048828125,748,1927.9142892020088,1877.2466674804687,1914.777274847112,59.302363669715156,28.123537557002464,32.2978879075938,-0.005965348951511129,0.005458910773130967,47.7999267578125,-5.7999267578125,0
2023-02-07,1871.699951171875,1875.699951171875,1868.0,1870.0,297,1899.614292689732,1883.313330078125,1898.2248415038323,38.07434817797905,12.817532344098481,24.514841957174937,0.0029471654398802727,0.008692078943416184,7.699951171875,-62.2000732421875,1
2023-02-08,1877.4000244140625,1880.4000244140625,1872.0999755859375,1872.0999755859375,230,1893.114292689732,1886.0299967447916,1895.4481992251965,32.1342911619429,10.205776883293765,21.653028942398706,0.003045399044124819,0.008261467374547542,8.300048828125,-63.7999267578125,0
2023-02-10,1862.800048828125,1863.5,1852.4000244140625,1861.5999755859375,27,1874.7857142857142,1889.5733276367187,1887.715314952759,26.132142413732794,4.402769026046371,15.882455758999868,-0.001821831761176007,0.008223401199679365,11.0999755859375,-65.7999267578125,0
2023-02-14,1854.0,1862.0,1846.199951171875,1854.0999755859375,656,1864.3142787388392,1891.7966634114584,1879.0812838301417,17.365251953035767,-0.9235400572069921,10.193002479637327,0.0011339573185662477,0.007942970973562878,15.800048828125,-75.5,0
2023-02-15,1834.199951171875,1842.0,1828.199951171875,1842.0,368,1859.7428501674108,1891.613330078125,1873.097106142373,16.41894069176668,-4.258780212000147,7.302645941309833,-0.010679637987122459,0.008157522951954698,13.800048828125,-93.60009765625,1
2023-02-17,1840.4000244140625,1842.199951171875,1818.4000244140625,1827.4000244140625,35,1850.2142857142858,1891.4399943033854,1865.1440518688128,21.45328719723183,-7.779827651226924,2.1255517313634753,-0.0008686078099552352,0.00840818040763091,23.7999267578125,-22.5,0
2023-02-22,1832.0,1836.199951171875,1825.0999755859375,1835.699951171875,278,1841.0714285714287,1889.043330891927,1857.010421181464,16.874141034169526,-10.85179094830778,-2.332945590127418,-0.0005455537370431252,0.008205586914665513,11.0999755859375,-39.699951171875,0
2023-02-23,1818.0,1827.5,1818.0,1826.4000244140625,291,1836.2285679408483,1887.2566650390625,1851.8090316906023,16.587361125402893,-12.889629546429887,-4.444282381387913,-0.007641921397379958,0.008254810660570419,9.5,-59.4000244140625,0
2023-02-24,1808.800048828125,1808.800048828125,1808.800048828125,1808.800048828125,404,1829.7714320591517,1885.0633341471355,1846.0745006422721,23.712360179700752,-15.073235612271219,-6.5700730275645745,-0.005060479192450451,0.004536636648833556,0.0,-57.39990234375,1
2023-02-27,1817.0,1817.5,1808.9000244140625,1811.5999755859375,829,1827.3142961774554,1882.4466674804687,1842.197900556636,27.179995878147167,-15.958136161686753,-8.44768565438901,0.004533365187151306,0.004771595836784887,8.5999755859375,-45.800048828125,1
2023-02-28,1828.9000244140625,1830.0,1808.0999755859375,1808.0999755859375,618,1825.44287109375,1879.4633341471354,1840.4248504042928,31.260989795056688,-15.520285514531906,-9.862205626417591,0.006549270453529266,0.005136034058091809,21.9000244140625,-23.0,1
2023-03-02,1833.5,1836.300048828125,1830.0,1830.0,154,1825.1285749162946,1874.7833333333333,1839.186659772419,35.17678645736497,-13.513145079671858,-11.302181788969893,-0.002285439018049007,0.005130350481051029,6.300048828125,-0.699951171875,1
2023-03-06,1847.9000244140625,1853.800048828125,1844.199951171875,1853.300048828125,5,1831.642857142857,1869.6866658528645,1841.3321998419087,48.18840419462271,-9.972746373214704,-11.085733638796386,0.0001082823226037366,0.005450380580440567,9.60009765625,7.5,0
2023-03-08,1812.699951171875,1812.9000244140625,1811.5,1811.5999755859375,75,1831.7571323939733,1861.8733317057292,1834.3446264142422,41.30961661814773,-12.284993463648334,-11.357896750843803,-0.0006615983384062885,0.006797473033759387,1.4000244140625,-19.300048828125,1
2023-03-09,1829.300048828125,1829.300048828125,1815.5999755859375,1816.4000244140625,332,1831.8142787388392,1858.1433349609374,1833.6720160694267,45.207565595518865,-11.60214149659987,-11.406745699995017,0.009157664314779934,0.007193909846424471,13.7000732421875,11.300048828125,1
2023-03-10,1862.0,1868.5,1852.0,1852.300048828125,248,1835.2857142857142,1855.906669108073,1837.4490805935031,56.60146051629184,-8.32638226657923,-10.79067301331186,0.01787566298531673,0.008700510587465194,16.5,53.199951171875,1
2023-03-14,1906.199951171875,1912.199951171875,1901.0999755859375,1912.199951171875,107,1854.8142787388392,1854.7866658528646,1855.1959639374536,67.63307642858302,3.071619743841893,-6.563762495049151,-0.0028770205264839754,0.011029630606381242,11.0999755859375,77.2999267578125,1
2023-03-15,1926.5999755859375,1926.5999755859375,1898.5,1903.9000244140625,564,1866.05712890625,1854.6899983723958,1864.7164988239183,75.04612829211301,8.402689244820067,-3.5704721470753076,0.010701933132209573,0.010767931027177517,28.0999755859375,88.9000244140625,0
2023-03-16,1919.0,1931.699951171875,1909.9000244140625,1909.9000244140625,394,1881.0714111328125,1854.3966634114583,1871.9542989807292,75.60408368398303,11.877430097764545,-0.480891698107337,-0.003944760553433624,0.010697971506182688,21.7999267578125,85.5,1
2023-03-17,1969.800048828125,1985.0999755859375,1946.0,1946.0,82,1903.5142822265625,1856.1799967447917,1885.000398960382,79.63538011778978,18.516875628693697,3.31866176725287,0.026472146340867697,0.012233572007770843,39.0999755859375,122.10009765625,1
2023-03-20,1979.199951171875,2003.9000244140625,1968.9000244140625,1988.300048828125,389,1924.9285539899554,1860.056660970052,1897.5603392552478,79.43595179727429,24.257551651814993,7.506439744165295,0.004772008381938253,0.012235014572985233,35.0,131.2999267578125,0
2023-03-21,1938.0,1973.800048828125,1938.0,1973.800048828125,47,1935.7856968470983,1862.4499959309896,1902.9522940212146,67.4313635472612,25.192187170158604,11.043589229363956,-0.020816467354640267,0.014149770864173268,35.800048828125,124.0999755859375,1
2023-03-22,1946.800048828125,1974.0,1946.800048828125,1946.800048828125,50,1940.7999965122767,1864.9533325195312,1908.7986613288026,69.38077829312071,26.339359210191105,14.102743225529387,0.004540788869001444,0.014037558675724017,27.199951171875,134.10009765625,1
2023-03-23,1993.800048828125,1994.5999755859375,1990.5,1990.5,33,1953.3142961774554,1868.8333333333333,1920.1321796620457,72.47001749761567,30.687264834602047,17.41964754734392,0.02414218143681035,0.014991277925439871,4.0999755859375,164.5,0
2023-03-24,1982.0999755859375,1995.4000244140625,1982.0999755859375,1991.699951171875,19,1961.2428676060267,1872.6966674804687,1928.394552451898,69.93462748619366,32.810692004383554,20.49785643875185,-0.0058682279845786445,0.01524130444602057,13.300048828125,120.0999755859375,0
2023-03-27,1952.4000244140625,1957.199951171875,1952.4000244140625,1957.199951171875,877,1966.0142996651787,1875.6833333333334,1931.5952820468535,70.83959970641415,31.73120787577932,22.744526726157346,-0.014984083314513619,0.014858302281754764,4.7999267578125,40.7000732421875,1
2023-03-28,1972.4000244140625,1972.4000244140625,1972.4000244140625,1972.4000244140625,21,1966.3857247488838,1879.7,1937.0359143624814,72.74282032855031,32.11929059125123,24.619479499176123,0.010243802371392663,0.014803439496206851,0.0,66.2000732421875,0
2023-03-29,1966.0999755859375,1966.0999755859375,1966.0999755859375,1966.0999755859375,88563,1964.5142996651787,1883.4366658528645,1940.911122525609,70.0704161029689,31.554744201514268,26.006532439643752,-0.003194102996422643,0.01497748372041402,0.0,39.5,1
2023-03-30,1980.300048828125,1984.4000244140625,1954.9000244140625,1965.9000244140625,10119,1970.557163783482,1888.3066691080728,1946.1629793659445,68.35247144055067,31.885606927433173,27.182347337201637,0.007222457361536483,0.01455226896977491,29.5,61.300048828125,0
2023-03-31,1969.0,1986.800048828125,1968.0,1981.300048828125,957,1973.7285853794642,1892.5400024414062,1949.2079154504852,60.09158493535307,30.880032724385956,27.921884414638505,-0.005706230646619459,0.013272837573863864,18.800048828125,-0.800048828125,1
2023-04-03,1983.9000244140625,1991.699951171875,1950.0,1968.0999755859375,737,1972.3142961774554,1897.3233357747397,1953.8335299789624,63.24582815689751,30.928886419138962,28.5232848155386,0.007567305441372518,0.01325945104851179,41.699951171875,4.7000732421875,1
2023-04-05,2020.9000244140625,2033.800048828125,2013.5999755859375,2022.0999755859375,525,1987.828578404018,1909.926668294271,1970.6758490192678,66.71039951700357,35.33012539270635,30.70812111671027,-0.0006428280037585887,0.013723867617474036,20.2000732421875,74.0999755859375,0
2023-04-06,2011.9000244140625,2023.300048828125,2005.0,2022.199951171875,0,1993.471435546875,1916.3900024414063,1976.1724057385738,58.00075626996517,35.51025277992244,31.668547449352705,-0.004453461275309434,0.012195882564471459,18.300048828125,18.0999755859375,0
2023-04-10,1989.0999755859375,2006.5999755859375,1984.0,2000.0,652,1996.7571498325892,1922.4,1977.8960817182224,51.790238705852175,33.42789566646752,32.02041709277567,-0.011332595333490847,0.01262370897453191,22.5999755859375,7.0,1
2023-04-11,2004.800048828125,2006.5,1991.4000244140625,1991.4000244140625,68,2000.2571498325892,1928.660001627604,1981.4832773328762,63.30676969196486,32.667902110670184,32.14991409635458,0.007893053860986932,0.011152954371791668,15.0999755859375,52.4000244140625,1
2023-04-12,2010.9000244140625,2025.699951171875,2005.199951171875,2005.199951171875,172,2006.2428676060267,1934.726668294271,1985.4055102770344,62.90775905509876,32.18678951841798,32.15728918076726,0.003042685274026846,0.011138848912026439,20.5,38.5,1
2023-04-13,2041.300048828125,2048.60009765625,2015.5999755859375,2015.5999755859375,1043,2014.44287109375,1941.513338216146,1992.85811541718,60.25031505388581,33.868121605741635,32.499455665762135,0.015117620988104763,0.009983406875441754,33.0001220703125,75.2000732421875,0
2023-04-14,2002.199951171875,2047.800048828125,1995.0,2041.0,718,2011.585728236607,1947.136669921875,1994.1036935178058,53.87880326908826,31.68034697102962,32.33563392681563,-0.019154507774933327,0.01130518088859916,52.800048828125,21.89990234375,0
2023-04-17,1994.199951171875,2007.5999755859375,1983.199951171875,2002.699951171875,554,2007.7714320591517,1952.0200032552084,1994.1165278716817,58.803681439008884,28.967072291741943,31.6619215998009,-0.0039956049321235865,0.010477671380921181,24.4000244140625,25.199951171875,1
2023-04-18,2007.4000244140625,2007.4000244140625,1996.9000244140625,1996.9000244140625,72,2007.1285749162946,1957.336669921875,1995.887660743999,57.58888727728554,27.564175496329426,30.842372379106607,0.0066192325571117205,0.010289829059023637,10.5,23.5,0
2023-04-19,1995.199951171875,2006.4000244140625,1969.800048828125,2005.699951171875,61,2008.0,1963.380000813802,1995.7959661343825,56.15220518516722,25.177692956429382,29.709436494571165,-0.00607754961333562,0.01041493520597983,36.5999755859375,-27.0,1
2023-04-20,2007.5999755859375,2007.5999755859375,1998.0,1998.0,164,2008.3999895368304,1969.8766682942708,1997.3698340612566,55.815911768300765,24.010192139607398,28.569587623578414,0.00621492818641034,0.010372773495430095,9.5999755859375,-13.300048828125,0
2023-04-21,1979.5,1996.199951171875,1974.0999755859375,1996.199951171875,132,2003.914271763393,1974.8833333333334,1994.987189519756,52.08747312271573,20.580269605160993,26.97172401989493,-0.013996800123359354,0.011004262205205197,22.0999755859375,-32.4000244140625,1
2023-04-25,1994.0,1999.0999755859375,1982.300048828125,1995.699951171875,306,1995.2856968470983,1981.8633341471354,1994.1752639736583,43.374080745270355,16.91604574273856,23.592998183924003,0.0024634379740611223,0.009460780958637328,16.7999267578125,-10.800048828125,0
2023-04-28,1990.0999755859375,1990.0999755859375,1977.699951171875,1986.9000244140625,152,1990.8428431919642,1988.9933349609375,1992.289077624112,50.25987473225796,12.191601427393834,18.574410362320688,0.00010048302398191211,0.008985330926071887,12.4000244140625,-12.0999755859375,0
2023-05-01,1983.4000244140625,2005.0,1976.9000244140625,1980.0999755859375,210,1987.385707310268,1989.4466674804687,1991.1038705294386,44.165759793399296,10.532759527625103,16.966080195381572,-0.003366640497496798,0.008731922578635323,28.0999755859375,-10.7999267578125,1
2023-05-02,2014.300048828125,2018.0,1994.699951171875,1994.699951171875,1896,1992.357142857143,1990.6166707356772,1994.1966943025968,50.81652719285028,11.578024835450833,15.888469123395424,0.015579320375974648,0.009733989827054541,23.300048828125,6.9000244140625,1
2023-05-03,2028.5999755859375,2035.0999755859375,2015.199951171875,2017.0999755859375,1349,1998.0,1993.636669921875,1998.7837984737089,46.69441470179865,13.405756486530663,15.391926596022474,0.007099203897717121,0.008994283585920167,19.9000244140625,33.4000244140625,1
2023-05-04,2048.0,2072.0,2040.0,2045.0,930,2005.7142857142858,1997.0100016276042,2005.3459586772144,63.28306551998086,16.23254811529023,15.560050899876025,0.009563257738115283,0.0075485605959182325,32.0,40.4000244140625,0
2023-05-05,2017.4000244140625,2046.4000244140625,2004.300048828125,2046.4000244140625,59,2010.2428676060267,1997.7966674804688,2006.9531674421273,55.94873300484963,15.821260904582232,15.612292900817266,-0.014941394329071045,0.00866223462737979,42.0999755859375,37.9000244140625,1
2023-05-08,2026.300048828125,2026.300048828125,2022.5,2022.5,3,2015.44287109375,1999.2700032552084,2009.5327516269272,54.95543187077322,16.028701522903475,15.695574625234508,0.004411630963793378,0.008568948777965523,3.800048828125,37.2000732421875,1
2023-05-10,2030.5,2044.300048828125,2029.5,2032.300048828125,248,2028.7571498325892,2004.0,2015.4099278018643,56.30160868265384,16.75512899133514,16.083921359721177,-0.0027993081762891503,0.008355924989233333,14.800048828125,44.800048828125,0
2023-05-15,2018.0,2018.0,2013.800048828125,2013.800048828125,3,2022.5142822265625,2008.393330891927,2015.5790207042342,57.566211275736,12.976532414100802,15.011453799048834,0.0017374038222883748,0.0075693039278239335,4.199951171875,34.5999755859375,0
2023-05-16,1988.4000244140625,1988.4000244140625,1988.4000244140625,1988.4000244140625,49,2018.3714250837054,2008.543330891927,2011.9551545322113,50.750438171209424,9.731034501747217,13.955369939588511,-0.014667976008888806,0.008563287971774296,0.0,-25.9000244140625,0
2023-05-17,1980.699951171875,1983.5999755859375,1980.699951171875,1983.5999755859375,13,2011.8571254185267,2007.1599975585937,2007.7877940841665,47.491798183053774,6.463119645093457,12.456919880689501,-0.0038724970567511896,0.008605994625117816,2.9000244140625,-47.9000244140625,0
2023-05-18,1956.5,1956.800048828125,1956.5,1956.5,23,2000.4714181082588,2005.013330078125,2000.9494215396112,41.89970800797401,1.898653271952071,10.345266558942015,-0.012217878410890615,0.009173301908876365,0.300048828125,-91.5,1
2023-05-23,1972.4000244140625,1972.4000244140625,1972.4000244140625,1972.4000244140625,1,1981.357142857143,2002.3499959309895,1991.8928867104937,34.72825387474242,-3.209583998578637,4.39662486580156,-0.001215325275835788,0.008267108235074648,0.0,-63.7999267578125,0
2023-05-24,1962.800048828125,1975.4000244140625,1962.800048828125,1975.4000244140625,189,1973.471435546875,2000.7466634114583,1988.0138416595112,25.54532305941514,-5.143939276434821,2.488512037354284,-0.004867154465174606,0.007589996354545924,12.5999755859375,-67.699951171875,0
2023-05-26,1944.0999755859375,1948.4000244140625,1944.0999755859375,1948.199951171875,166036,1961.7714320591517,1995.5366617838542,1976.9686127700886,23.552062590580775,-10.372141435502954,-1.7893574178899687,0.0005146415586252395,0.00686786511833159,4.300048828125,-70.4000244140625,1
2023-05-30,1958.0,1962.5999755859375,1931.0,1942.699951171875,37838,1961.9857177734375,1994.3299967447917,1974.4394644007434,25.47051471736954,-10.868585768248295,-3.605203087961634,0.007149850619113884,0.007089201666716825,31.5999755859375,-60.0,1
2023-05-31,1963.9000244140625,1973.0,1953.0,1958.199951171875,5959,1959.8714425223213,1992.8799967447917,1973.0342057358528,29.13534280270727,-10.663022135308665,-5.01676689743104,0.0030132913248530624,0.007255609079126942,20.0,-24.5,1
2023-06-01,1978.0,1983.0,1954.300048828125,1963.199951171875,750,1960.328578404018,1992.3066650390624,1973.6963116377392,38.37872898363839,-9.255667707941484,-5.8645470595331295,0.007179579108230971,0.007492761170227341,28.699951171875,-2.699951171875,0
2023-06-05,1958.0,1961.9000244140625,1937.800048828125,1947.5,713,1956.7857142857142,1989.75,1969.1425657846382,33.818761703349224,-10.181484716128125,-7.403963092568269,0.0028682521593483834,0.00814586303599204,24.0999755859375,-20.699951171875,1
2023-06-06,1965.5,1965.5,1958.800048828125,1960.800048828125,164,1959.9857177734375,1988.9633341471354,1968.6568903466864,42.98835435241035,-9.53905716448844,-7.830981906952303,0.003830439223697635,0.0074225826373730775,6.699951171875,-9.300048828125,0
2023-06-07,1942.699951171875,1968.4000244140625,1940.699951171875,1959.0,139,1959.7857142857142,1987.2533325195313,1965.1959651233783,39.34976995481206,-10.745830844912234,-8.41395169454429,-0.011600126597875904,0.007937963535988921,27.7000732421875,-29.7000732421875,1
2023-06-09,1962.199951171875,1969.800048828125,1960.300048828125,1965.0999755859375,49,1960.3428431919642,1985.593330891927,1964.6120711388512,44.653274537074395,-9.239028782706328,-8.816992564904801,-0.0007129886084077386,0.007223920451250405,9.5,19.0999755859375,0
2023-06-12,1955.300048828125,1963.5,1951.4000244140625,1959.699951171875,212,1957.0999930245537,1984.4333333333334,1963.3704681640877,43.80165481661521,-9.165043320775567,-8.886602716078954,-0.003516411433824196,0.007258640016413963,12.0999755859375,11.2000732421875,0
2023-06-13,1944.5999755859375,1967.5,1940.300048828125,1960.5999755859375,343,1955.9857003348213,1983.139998372396,1960.8677358203345,41.60627040032552,-9.856199661137907,-9.080522105090745,-0.005472343361623944,0.007370904943622407,27.199951171875,-13.4000244140625,1
2023-06-16,1958.4000244140625,1962.9000244140625,1953.5,1961.4000244140625,119,1956.7428676060267,1975.8266682942708,1959.626625816438,54.79545253588423,-8.143383511814818,-8.891961267950563,0.0003064539641302044,0.006923239378017828,9.4000244140625,6.0,0
2023-06-21,1933.300048828125,1936.800048828125,1920.0,1935.5999755859375,557,1948.6000279017858,1969.9966674804687,1953.3284499014303,40.09068304812052,-10.39773775400954,-9.269422128102216,-0.0011366319668689728,0.00727626019468009,16.800048828125,-32.199951171875,0
2023-06-22,1912.699951171875,1921.0,1912.0999755859375,1920.0,237,1942.5142996651787,1965.880000813802,1947.9113167374896,29.707896401925808,-12.728649807349257,-9.961267663951624,-0.010655406370437381,0.007277111335069592,8.9000244140625,-30.0,1
2023-06-26,1923.699951171875,1928.5,1922.5,1922.9000244140625,71,1934.357142857143,1959.1333333333334,1941.3538241290064,37.810944841994214,-14.291065830105936,-11.45730668826072,0.0023969442157556475,0.006718271238713297,6.0,-38.5,0
2023-06-29,1909.199951171875,1909.9000244140625,1892.5,1909.9000244140625,289,1917.7571323939733,1949.619999186198,1930.969881090886,23.846172806757053,-16.490490634279467,-13.653448129016018,-0.0016211355839005348,0.004934473672186303,17.4000244140625,-46.10009765625,1
2023-07-05,1919.5999755859375,1933.9000244140625,1914.699951171875,1923.5,193,1917.3714076450892,1944.5033325195313,1927.394249029756,37.44981150205166,-14.480149949292581,-14.323617288013025,-0.0010927697555785931,0.005246784733206852,19.2000732421875,-15.9000244140625,0
2023-07-06,1908.699951171875,1910.199951171875,1903.199951171875,1909.300048828125,81,1915.228550502232,1942.2999959309896,1924.9016759820388,26.65326910986566,-14.720453754076516,-14.402984581225724,-0.005678279096005601,0.005042429811737927,7.0,-24.60009765625,1
2023-07-10,1925.0,1926.0999755859375,1912.300048828125,1923.5999755859375,269,1918.785679408482,1939.4999918619792,1925.064808761926,35.528588670734976,-12.21093743452252,-13.795291236657679,-0.0006229629333885933,0.005775278675388294,13.7999267578125,5.9000244140625,1
2023-07-11,1931.300048828125,1937.0,1924.199951171875,1925.0,142,1921.942836216518,1939.1066609700522,1925.896174104086,47.87451968815252,-10.680734149702175,-13.17237981926658,0.0032727526379869865,0.005022037002949973,12.800048828125,7.60009765625,1
2023-07-14,1960.0999755859375,1960.5999755859375,1952.699951171875,1958.4000244140625,94,1938.0999755859375,1939.4233235677084,1937.339984584733,70.83335400921979,-2.053738319116974,-8.812389498660815,0.0004593836445965227,0.005102356669316347,7.9000244140625,50.9000244140625,0
2023-07-17,1952.4000244140625,1956.5,1946.5999755859375,1954.0,29,1944.3428431919642,1938.5699910481771,1939.3479898953103,64.13798411761098,-0.759649805152776,-7.201841559959208,-0.00392834613937143,0.005295423767435663,9.9000244140625,31.300048828125,1
2023-07-19,1977.5,1977.5,1973.0,1977.0,35,1959.1285574776787,1940.0466552734374,1948.8089289901166,78.29860191285957,4.590751584869395,-3.332430534085635,0.00015175441813419788,0.005779566472721478,4.5,57.9000244140625,0
2023-07-25,1962.0999755859375,1962.5,1953.0,1953.0,19,1966.0142996651787,1940.7466634114583,1955.152071187076,68.24038157268805,6.08872977329338,2.1776004009183456,0.0009181894164052018,0.006004597111952404,9.5,30.7999267578125,1
2023-07-26,1968.9000244140625,1972.0,1966.199951171875,1966.199951171875,51,1968.3714425223213,1941.1999959309896,1956.985131617341,76.77944436178497,6.5948066915079835,3.0610416590362735,0.003465699461157268,0.005640381064574378,5.800048828125,12.7000732421875,0
2023-07-27,1945.4000244140625,1945.4000244140625,1945.4000244140625,1945.4000244140625,194253,1963.8285958426338,1941.2266642252605,1955.440450656904,58.10815408518751,5.041507334650532,3.4571347941591255,-0.011935598409570591,0.006412174804173812,0.0,-13.7999267578125,1
2023-07-28,1960.4000244140625,1962.199951171875,1944.199951171875,1945.5,23155,1961.3857421875,1941.3966634114583,1956.1017271578585,63.38883138300672,4.963663025606365,3.758440440448574,0.007710496459214289,0.0066591836768475346,18.0,0.300048828125,1
2023-07-31,1970.5,1971.5999755859375,1950.0,1959.199951171875,1025,1961.7000209263392,1941.8199951171875,1958.0214968701441,64.41177262568328,5.651803992320538,4.137113150822967,0.005151997276145792,0.006720169680546613,21.5999755859375,18.0999755859375,0
2023-08-03,1932.0,1936.5,1928.0,1934.199951171875,773,1950.7571498325892,1941.2499918619792,1950.434317523344,40.35689480241258,0.09225960863545879,2.9290173228234755,-0.0027872531981079085,0.007196195126632625,8.5,-36.300048828125,1
2023-08-04,1939.5999755859375,1945.0,1920.0,1934.9000244140625,290,1946.5714285714287,1942.146659342448,1948.9897385983566,45.6043744141709,-0.7602228597183966,2.1911692863151013,0.003933734775329878,0.007257177453804513,25.0,-24.7000732421875,0
2023-08-07,1933.5,1941.0,1929.800048828125,1941.0,376,1944.8714250837054,1942.62666015625,1946.9244401185756,32.78172387654824,-1.9060664601872759,1.371722137014626,-0.0031449657984733426,0.006208926044324495,11.199951171875,-26.800048828125,0
2023-08-08,1924.0999755859375,1933.199951171875,1923.0,1931.699951171875,555,1939.6857038225446,1942.6399943033855,1943.8811781808904,30.36762046151594,-3.5319451151217436,0.390988686587352,-0.004861662484645701,0.00624600413881339,10.199951171875,-38.0,0
2023-08-14,1910.5999755859375,1912.5999755859375,1903.300048828125,1909.300048828125,46,1921.5,1942.5299967447916,1930.4391336119793,30.268199233716473,-9.283262034878362,-4.4658329346628065,-0.0012023884148516517,0.006214908574553106,9.2999267578125,-59.9000244140625,0
2023-08-15,1902.5,1907.699951171875,1895.0,1906.0,73,1916.2000034877233,1941.889998372396,1926.713915797049,24.810295404763338,-10.653262571056985,-5.703318861941643,-0.004239493190328014,0.006043912921631948,12.699951171875,-38.199951171875,0
2023-08-16,1896.0999755859375,1904.5,1890.300048828125,1904.5,22,1910.857142857143,1941.1066650390626,1922.6320571022343,28.50912388173117,-12.115763370939021,-6.985807763741119,-0.0033640075763797794,0.005407619501199924,14.199951171875,-41.300048828125,0
2023-08-18,1886.0999755859375,1891.800048828125,1886.0999755859375,1891.800048828125,19,1900.9571358816963,1938.95,1913.3085168137338,9.2663878844008,-15.300333388878244,-9.783910192294623,0.0010615147953483284,0.004349471622365273,5.7000732421875,-53.5,1
2023-08-22,1896.4000244140625,1896.800048828125,1892.800048828125,1894.5999755859375,46,1895.5857107979912,1936.730000813802,1908.7419615265517,24.628728203361774,-15.2450644193475,-11.79184945440781,0.0016373398330900013,0.0032206842505513545,4.0,-27.699951171875,1
2023-08-24,1918.199951171875,1920.800048828125,1918.199951171875,1920.0,337,1898.9571358816963,1934.106669108073,1911.1306223695267,38.137468382867404,-11.299502416313771,-11.903177174922149,-0.00015639761695329657,0.004568175768102833,2.60009765625,3.7999267578125,0
2023-08-25,1911.0999755859375,1919.800048828125,1911.0999755859375,1919.800048828125,195,1901.0999930245537,1932.4733357747396,1911.126536131715,37.71929472327405,-10.324052437072623,-11.587352227352245,-0.003701374083343034,0.004592665224594871,8.7000732421875,-1.800048828125,1
2023-08-28,1917.9000244140625,1921.5,1915.5,1915.5,99,1905.9285714285713,1931.3233357747397,1912.0296679026947,46.501160080020725,-8.899703943548047,-11.049822570591406,0.0035581858170659064,0.004574265808017277,6.0,7.300048828125,1
2023-08-29,1936.5,1936.5,1916.9000244140625,1917.9000244140625,1674,1913.1285749162946,1929.966670735677,1915.292378849002,60.71063423194322,-6.198581527879469,-10.07957436204902,0.009698094451831452,0.005094918228203691,19.5999755859375,34.0,1
2023-08-30,1944.300048828125,1946.4000244140625,1934.5999755859375,1936.0,396,1920.4142892020088,1928.8600056966145,1919.1600681795517,64.19751941471264,-3.3894523039252817,-8.741549950424272,0.004027910574812887,0.005149278827962058,11.800048828125,48.2000732421875,0
2023-09-01,1939.800048828125,1950.0,1936.5999755859375,1950.0,167,1929.4285714285713,1927.0400024414062,1924.1122298562523,63.36995804683596,-0.11691587070936293,-5.879824554265097,0.0008255586093077749,0.005217453735562386,13.4000244140625,53.7000732421875,0
2023-09-05,1926.199951171875,1934.4000244140625,1924.699951171875,1934.4000244140625,113,1930.5714285714287,1925.9033325195312,1924.3905926983355,60.33123817348604,-0.009888117766877258,-4.705837266965453,-0.0070110822321435284,0.005481406038793343,9.7000732421875,32.89990234375,0
2023-09-11,1923.300048828125,1928.300048828125,1921.800048828125,1923.0,50,1925.9285714285713,1920.5866658528646,1922.31686880383,64.76372986026841,-1.1713902255396533,-2.570872745091685,0.0025542245369596372,0.00512383967432298,6.5,12.2000732421875,0
2023-09-14,1910.0,1910.0,1903.0,1903.0,169,1915.3857247488838,1916.6466674804688,1918.0440200724258,45.50443439689258,-3.27293729476537,-2.6658343455883866,0.00047143912082781014,0.004472887653314694,7.0,-34.300048828125,1
2023-09-15,1923.699951171875,1927.300048828125,1923.5,1923.5,8,1916.1857212611608,1916.369999186198,1918.7981442190192,56.44167797289251,-2.5433331754898063,-2.6413341115686704,0.0071727493046465085,0.004770433749801838,3.800048828125,-14.5,1
2023-09-19,1932.0,1934.0,1932.0,1934.0,6,1920.1285749162946,1916.05,1922.0261616578414,47.21191109336286,-0.30749833882691746,-1.963232866420269,0.00025886616619197333,0.0040048921365041555,2.0,5.800048828125,1
2023-09-20,1945.5999755859375,1945.5999755859375,1929.199951171875,1945.5999755859375,119,1923.3142787388392,1916.7666666666667,1925.1693368482543,50.751399569016,1.5745634248389706,-1.2556736081684212,0.0070393248374418516,0.004315849782167304,16.4000244140625,27.5,0
2023-09-21,1919.199951171875,1924.0,1919.199951171875,1924.0,9,1924.442836216518,1916.893330891927,1924.3734187580703,41.10489331449707,0.9251846434001436,-0.8195019578547084,-0.0135690916659843,0.005614717416221557,4.800048828125,1.699951171875,1
2023-09-22,1925.4000244140625,1925.4000244140625,1925.4000244140625,1925.4000244140625,1,1926.7714146205358,1917.2599975585938,1924.510299512203,43.53680893193117,0.9004614163688984,-0.47550928300998707,0.0032305509586958436,0.005700743751423723,0.0,7.0,0
2023-09-25,1916.5999755859375,1916.5999755859375,1916.5999755859375,1916.5999755859375,114,1927.7142682756696,1917.3833292643228,1923.4555896553675,45.497206473606646,0.1688315010221686,-0.34664112620355597,-0.004570504163571409,0.005521373181950993,0.0,-6.7000732421875,0
2023-09-26,1900.4000244140625,1905.0999755859375,1900.4000244140625,1905.0,161,1924.385707310268,1917.043330891927,1920.3815142898602,42.284254127182784,-1.6986106230144742,-0.6170350255657396,-0.008452442543166794,0.005856448104308802,4.699951171875,-10.9000244140625,0
2023-09-27,1871.5999755859375,1871.5999755859375,1871.5999755859375,1871.5999755859375,12251,1915.8285609654017,1916.013330078125,1913.8773091293374,33.939839694389136,-5.439788710779567,-1.5815857626085053,-0.01515472977169885,0.007019377592905428,0.0,-37.5,0
2023-09-28,1860.4000244140625,1878.199951171875,1856.699951171875,1875.5,4654,1905.5999930245537,1914.823331705729,1906.7470045006341,31.07052021647533,-9.202362648399912,-3.1057411397667867,-0.005984158643926429,0.00707718646185254,21.5,-49.5999755859375,0
2023-09-29,1848.0999755859375,1872.300048828125,1846.0,1864.300048828125,1605,1891.671421595982,1913.6233317057292,1898.9274006453413,26.5878049948428,-13.026578458768654,-5.08990860356716,-0.006611507561121943,0.007030627769731422,26.300048828125,-75.5999755859375,0
2023-10-03,1824.5999755859375,1830.9000244140625,1816.800048828125,1825.0,310,1864.528564453125,1909.463330078125,1881.0521332295148,25.13245228197283,-20.913959939018014,-10.211242389562535,-0.0029508330131489124,0.007204134226004807,14.0999755859375,-107.4000244140625,0
2023-10-05,1816.5999755859375,1826.300048828125,1815.5999755859375,1826.300048828125,393,1838.5428466796875,1903.4699951171874,1865.2302657038495,17.20763517983488,-26.25946475766932,-15.623798159201966,-0.0010448305823824722,0.006491668164084686,10.7000732421875,-102.5999755859375,1
2023-10-06,1830.199951171875,1831.800048828125,1809.4000244140625,1819.0,390,1832.6285574776787,1900.5366617838542,1860.5595570995863,20.047312144653603,-26.661659019097897,-17.831370331181155,0.00748649992772954,0.006875262429693392,22.4000244140625,-95.2000732421875,1
2023-10-09,1849.5,1861.5,1842.5,1842.5,232,1831.0714111328125,1898.483329264323,1859.084949486308,28.046850536420322,-25.133326878439675,-19.29176164063286,0.01054532255656948,0.007828143783066918,19.0,-67.0999755859375,1
2023-10-10,1861.0,1861.4000244140625,1852.800048828125,1857.0,236,1832.914271763393,1896.5866617838542,1859.3402895548002,27.233612009920662,-22.732117060220617,-19.979832724550413,0.00621789672884554,0.00774911181301616,8.5999755859375,-39.4000244140625,1
2023-10-12,1869.300048828125,1881.199951171875,1867.0,1874.699951171875,46,1845.4142892020088,1891.963330078125,1862.2236074183834,33.35313503140138,-17.291317152790498,-19.389429560685844,-0.0018688594130430447,0.0073755794633607805,14.199951171875,8.9000244140625,1
2023-10-13,1927.4000244140625,1930.0999755859375,1877.5,1877.5,43,1860.971435546875,1891.6033325195312,1870.9137963511407,52.479349496530126,-10.611179952928296,-17.633779639134335,0.03108113950051017,0.011469650729833145,52.5999755859375,79.300048828125,0
2023-10-17,1922.699951171875,1925.800048828125,1914.300048828125,1914.300048828125,103,1889.114292689732,1890.863330078125,1883.6179088165932,64.13944517815706,-1.7643435629543092,-12.55994321708597,0.0008328434783564376,0.010261503247259541,11.5,98.0999755859375,1
2023-10-18,1955.300048828125,1957.9000244140625,1935.0,1935.0,67,1904.2285853794642,1892.1033325195312,1893.1755274847974,73.478456515896,3.9861331617396445,-9.250727941320847,0.016955374465152717,0.010714453056891242,22.9000244140625,136.800048828125,1
2023-10-19,1968.4000244140625,1977.699951171875,1945.699951171875,1950.0999755859375,1945,1919.5714460100446,1893.8,1903.2054604086993,79.64513602196662,9.491078697494913,-5.502366613557695,0.006699726517057414,0.010320748425656816,32.0,151.800048828125,1
2023-10-20,1982.5,1988.5999755859375,1980.4000244140625,1981.0999755859375,557,1935.2428676060267,1895.9366658528645,1913.7780656875393,88.33581892610118,14.820694150340842,-1.4377544607779877,0.007163165723966358,0.009465801313954851,8.199951171875,152.300048828125,0
2023-10-24,1975.0,1975.0,1970.300048828125,1970.300048828125,10,1957.328578404018,1899.8266642252604,1929.1657527587795,90.14876407816001,20.771890586116797,6.167469501362935,-0.0006578195597859438,0.00930558649617794,4.699951171875,114.0,1
2023-10-27,1988.5999755859375,1988.5999755859375,1988.5999755859375,1988.5999755859375,372,1980.2999965122767,1907.063330078125,1949.298050527345,90.04027545572546,26.32223642288568,15.39392648545568,0.0007045211596532486,0.009176303311477875,0.0,61.199951171875,1
2023-10-30,1996.199951171875,2004.0999755859375,1992.5,2004.0999755859375,157,1984.2714146205358,1909.2199951171874,1955.5516372799489,89.81151716532399,27.636492918720933,17.842439772108733,0.0038217719396773653,0.009178838019718395,11.5999755859375,75.0999755859375,0
2023-10-31,1985.199951171875,2001.0,1983.699951171875,1996.5,84,1984.6571219308037,1910.9933268229167,1959.5047457988726,83.25440897744083,27.473742390743382,19.768700295835664,-0.0055104700275854235,0.009589005810813338,17.300048828125,62.5,0
2023-11-01,1978.800048828125,1990.5,1977.800048828125,1990.5,41,1985.0142647879463,1912.0999959309895,1962.0774528694396,81.84993083388486,26.522606691650026,21.119481574998538,-0.0032238074255301896,0.00966168469739722,12.699951171875,23.5,1
2023-11-03,1991.5,1991.5,1989.0,1989.0,12,1987.585693359375,1916.5166625976562,1968.7186173340874,79.28457758229348,25.796112732848087,22.83850791877184,0.002971406369161267,0.005553725262155862,2.5,9.0,0
2023-11-06,1981.5999755859375,1981.5999755859375,1977.4000244140625,1981.5999755859375,130,1986.7856968470983,1918.683329264323,1970.4361317676673,72.91831920894563,24.53885878992469,23.17857809300241,-0.004971139550119297,0.005900633640331602,4.199951171875,5.2999267578125,0
2023-11-07,1966.800048828125,1966.800048828125,1960.699951171875,1966.5,20,1983.671421595982,1920.8966634114583,1969.9513207090617,55.19423235544499,22.0935647196045,22.96157541832283,-0.007468675282677251,0.004678058581336168,6.10009765625,-8.199951171875,0
2023-11-08,1951.5,1967.800048828125,1947.699951171875,1967.800048828125,43,1977.2857142857142,1923.5599975585938,1967.4911446145202,42.51547506419786,18.70544080107493,22.11034849487325,-0.007779158251110085,0.004784399943388246,20.10009765625,-32.5999755859375,1
2023-11-09,1964.199951171875,1964.199951171875,1945.300048828125,1951.699951171875,10,1974.2857142857142,1927.0199951171876,1967.0523188221675,41.79368210850378,16.85086186093963,21.058451168086528,0.00650778948084807,0.004705094319897672,18.89990234375,-23.0,0
2023-11-10,1932.5999755859375,1959.5999755859375,1932.5999755859375,1959.5999755859375,375,1967.6857038225446,1929.8366617838542,1962.458673057337,34.039392482989044,12.685015785762289,19.383764091621682,-0.016087962718400628,0.006250777140450592,27.0,-56.0,1
2023-11-13,1945.5,1947.199951171875,1934.0,1939.9000244140625,191,1961.9571358816963,1933.686661783854,1960.1975166496918,40.06732373757717,10.30567946034057,17.56814716536546,0.006674958386125196,0.006629523875467758,13.199951171875,-50.699951171875,1
2023-11-15,1960.0999755859375,1962.800048828125,1960.0,1962.800048828125,6,1954.642857142857,1942.9799967447916,1960.3696926706994,41.2184094460157,8.845286668426297,14.552571075272844,-0.0008665884391241274,0.0069133853498187636,2.800048828125,-18.7000732421875,1
2023-11-20,1977.699951171875,1979.4000244140625,1969.699951171875,1978.699951171875,182,1963.3142787388392,1957.8766642252604,1967.490190090471,47.71759045310881,10.72801983968634,12.5871253244398,-0.0019681189251676834,0.007547469134503993,9.7000732421875,-3.9000244140625,1
2023-11-21,1999.300048828125,2005.5,1988.5,1990.699951171875,16,1972.8428606305804,1962.4866658528647,1971.731504588825,55.71029864002296,12.378109057984148,12.54532207114867,0.01092182747107362,0.008048099286358995,17.0,32.5,0
2023-11-22,1991.4000244140625,1999.4000244140625,1991.0,1999.0999755859375,6075,1979.4000069754463,1966.4399983723958,1974.3539738988568,51.60576906179071,12.89965155144887,12.61618796720871,-0.003951395098846233,0.008101602166903314,8.4000244140625,39.9000244140625,1
2023-11-24,2002.199951171875,2002.199951171875,1991.5,1991.9000244140625,63,1985.171421595982,1970.8699951171875,1978.0667708685928,52.88408007801961,14.022795507903993,12.897509475347766,0.005423283431459369,0.008191221516345316,10.699951171875,38.0,1
2023-11-27,2011.800048828125,2011.800048828125,2011.699951171875,2011.699951171875,228,1992.5571463448662,1973.683329264323,1982.564541263197,58.15335353334287,15.508767417785748,13.419761063835363,0.004794774693022585,0.008112802993707209,0.10009765625,79.2000732421875,1
2023-11-28,2039.699951171875,2042.699951171875,2039.699951171875,2040.5999755859375,174665,2000.528564453125,1977.6366617838542,1990.1825959176876,68.3811887648694,18.721885569271308,14.480185964922553,0.013868128872947194,0.008376795463115207,3.0,94.199951171875,1
2023-11-29,2047.0999755859375,2052.10009765625,2036.0,2041.699951171875,15290,2009.885707310268,1981.783329264323,1997.7715798734544,75.10500019554303,21.616246346978414,15.907398041333726,0.00362799656381374,0.007822264382729316,16.10009765625,85.2999267578125,0
2023-11-30,2038.0999755859375,2047.0999755859375,2033.0999755859375,2046.0999755859375,2506,2018.5142822265625,1984.5433268229167,2003.1486993017854,69.79108162482045,22.91962021729637,17.309842476526256,-0.004396463341964529,0.008034420000928475,14.0,78.0,1
2023-12-01,2071.0,2073.199951171875,2036.0,2038.300048828125,614,2028.7571323939733,1987.9633260091146,2012.1955393948806,86.8084454311054,26.304093200378702,19.108692621296747,0.016142497820600843,0.006762576802149184,37.199951171875,87.0999755859375,0
2023-12-05,2018.5,2037.0,2010.199951171875,2035.0999755859375,289,2035.7571323939733,1990.7566569010417,2014.4117578798632,63.41691257859746,23.095443820637,20.834999495790488,-0.0027666496978818733,0.00994538478152403,26.800048828125,40.800048828125,1
2023-12-07,2029.9000244140625,2034.9000244140625,2024.0,2029.199951171875,67,2037.028564453125,1994.1333251953124,2018.335945840528,61.59273337623839,21.48854990771565,21.210380368737027,-0.0002954816970881513,0.009584701811258305,10.9000244140625,38.5,0
2023-12-08,1998.300048828125,2033.0999755859375,1995.0,2031.699951171875,449,2030.0571463448662,1994.503328450521,2015.664492905541,53.66712074449464,18.0368260500652,20.57566950500266,-0.015567257109156851,0.010629725999506434,38.0999755859375,-3.89990234375,0
2023-12-13,1982.300048828125,2024.800048828125,1975.0,1978.5,2252,2002.1857386997767,1993.4400024414062,2003.0684242752886,47.92522147169087,7.123204195878316,15.254608001630206,0.0022752552780380686,0.010537082572779202,49.800048828125,-64.7999267578125,1
2023-12-14,2030.199951171875,2040.0999755859375,2024.300048828125,2024.699951171875,236,2003.8571602957588,1995.1533325195312,2006.6859611948335,55.460220488395706,8.774434076513444,13.958573216606855,0.02416380021383091,0.012350965053377976,15.7999267578125,-7.9000244140625,0
2023-12-18,2026.300048828125,2032.800048828125,2024.0,2024.300048828125,100,2002.0000174386162,1997.4966674804687,2010.9667923200223,47.12695001083557,9.918206600083522,12.395882606140717,0.002572892635199775,0.011793140849272311,8.800048828125,2.2000732421875,1
2023-12-21,2039.0999755859375,2044.5,2033.0,2035.800048828125,228,2024.5571463448662,2004.5666666666666,2020.1846637015449,42.20047837264955,12.677212964141518,12.239385851643604,0.002260985788123726,0.01090576246761807,11.5,9.199951171875,1
2023-12-26,2058.199951171875,2060.800048828125,2054.199951171875,2060.0,64,2039.2428676060267,2011.8500040690103,2029.5191521767997,61.60139835194236,15.928673791060646,13.345990492296488,0.0005346621279529451,0.00915981852380384,6.60009765625,80.199951171875,1
2023-12-27,2081.89990234375,2081.89990234375,2064.800048828125,2067.300048828125,586,2047.9285714285713,2016.3966674804688,2036.50325219906,64.059069272973,18.722560184338363,14.421304430704865,0.01151489249544535,0.009486113869975717,17.099853515625,104.099853515625,0
2023-12-28,2073.89990234375,2087.300048828125,2066.5,2081.60009765625,338,2054.7285505022323,2020.1333292643228,2041.4894722183521,61.56675012210251,20.059963367853925,15.549036218134678,-0.003842643919140354,0.009593975196472614,20.800048828125,91.599853515625,0
2024-01-02,2064.39990234375,2073.699951171875,2057.10009765625,2063.5,61,2062.4285191127233,2026.2266560872397,2046.9605126051179,78.45850247357552,19.816957524659983,17.108663306355652,0.0009697440335054708,0.007766452534336949,16.599853515625,43.2999267578125,0
2024-01-03,2034.199951171875,2044.0,2034.199951171875,2034.199951171875,54,2061.728515625,2027.9799886067708,2045.259104414019,65.51154096141553,17.068526720162936,17.10063598911711,-0.01462892491788459,0.009083892712776787,9.800048828125,7.89990234375,1
2024-01-05,2042.4000244140625,2048.10009765625,2042.4000244140625,2044.5,12,2057.357090541295,2031.5699910481771,2044.5359584352104,54.433166935617656,13.866475322331326,16.176397498086928,4.895244750890981e-05,0.00653661043243017,5.7000732421875,7.9000244140625,0
2024-01-10,2021.699951171875,2035.5999755859375,2021.699951171875,2029.0,538,2036.8571254185267,2033.879988606771,2037.5991940678616,43.66941995789084,6.911874436789049,12.562912615047452,-0.0023194202455394386,0.006543466390462997,13.9000244140625,-36.5,0
2024-01-11,2014.300048828125,2025.0999755859375,2014.300048828125,2025.0999755859375,97,2029.7000034877233,2033.0333251953125,2034.4926413692301,42.54063303509929,4.531707353923366,10.956671562822635,-0.003660237682382439,0.006587611948533966,10.7999267578125,-67.599853515625,1
2024-01-12,2046.699951171875,2057.0,2031.0999755859375,2031.0999755859375,390,2031.4857177734375,2033.0199910481772,2036.1202826762494,52.32842633101285,5.199868289596225,9.805310908177352,0.016084943433625654,0.00795787155294214,25.9000244140625,-27.199951171875,0
2024-01-16,2026.0,2054.800048828125,2026.0,2051.699951171875,46,2029.1571393694196,2032.6166585286458,2034.7709116527494,40.626834921452485,4.012820287713339,8.646812784084549,-0.01011381817839141,0.008005662937045733,28.800048828125,-36.39990234375,0
2024-01-17,2002.5999755859375,2026.5,2002.5999755859375,2026.5,764,2023.4714181082588,2030.3366577148438,2030.481453510508,35.22847341271155,1.1703981644586747,7.151529860159375,-0.011549863975351626,0.008459377200026501,23.9000244140625,-61.7999267578125,1
2024-01-18,2018.5999755859375,2018.5999755859375,2009.5,2012.800048828125,1474,2022.3285609654017,2030.1533243815104,2028.8972564538985,32.465382391430055,0.20644467000602162,5.762512822128705,0.007989613599849621,0.008072284382969301,9.0999755859375,-15.5999755859375,1
2024-01-19,2026.5,2036.0,2019.5,2023.199951171875,50,2022.3428431919642,2030.419991048177,2028.5776222600455,36.862547671054166,0.0790591826535092,4.625822094233666,0.003913615629451028,0.008213789362001048,16.5,-15.800048828125,0
2024-01-23,2023.699951171875,2030.300048828125,2022.5,2030.300048828125,15,2023.414271763393,2029.8566569010416,2026.912968740601,38.53520925287365,-0.7363164662901909,2.724284565363221,0.0019308358498222322,0.008179061468790324,7.800048828125,-2.9000244140625,0
2024-01-26,2016.800048828125,2022.4000244140625,2016.800048828125,2021.699951171875,49,2019.4571533203125,2032.9733235677083,2023.10430579828,41.57893511063853,-2.4523550173973945,0.355567978663318,-4.9568934864074876e-05,0.007241857115249042,5.5999755859375,2.5,1
2024-01-29,2025.199951171875,2025.199951171875,2025.199951171875,2025.199951171875,150708,2020.4000069754463,2034.4033203125,2023.3837251814261,49.5158957890658,-2.023128313343477,-0.12017127973804104,0.004164965361157513,0.007071173689936494,0.0,-21.5,1
2024-01-30,2031.5,2048.5,2028.0999755859375,2032.5,26907,2021.114292689732,2034.4466552734375,2024.465895157236,51.6921000768713,-1.1612159940964375,-0.32838022260972033,0.003110828056498649,0.0071204977116127765,20.4000244140625,5.5,1
2024-02-01,2053.0,2064.5,2029.0,2040.199951171875,947,2029.385707310268,2036.246651204427,2031.036149966713,62.086210367081044,2.828102386765977,0.4955283387423809,0.002245702926946258,0.007276517646427473,35.5,34.4000244140625,0
2024-02-02,2036.0999755859375,2055.89990234375,2027.699951171875,2054.800048828125,888,2032.55712890625,2036.1699829101562,2031.711326715943,46.33471809387613,2.977582961086455,0.9919392632111957,-0.008231867712646168,0.006339556215909994,28.199951171875,9.5999755859375,0
2024-02-05,2025.699951171875,2040.800048828125,2013.800048828125,2038.9000244140625,412,2033.8142613002233,2035.8766479492188,2030.9098099767339,49.88829141307272,2.231133224619498,1.2397780554928564,-0.005107816187203462,0.005870431618090766,27.0,5.89990234375,1
2024-02-08,2032.199951171875,2036.699951171875,2020.300048828125,2028.0,341,2037.8713902064733,2034.1266438802083,2031.9371293342992,52.864304099364254,2.2365090980681543,1.7672570885636694,-0.0014740566391389098,0.0044376313461680795,16.39990234375,15.2999267578125,0
2024-02-12,2018.199951171875,2025.5,2011.5999755859375,2025.5,317,2029.3142613002233,2030.316650390625,2029.1074429430405,47.32749989323286,0.2404139350614969,1.3957776201690482,-0.0025206828118271574,0.004532071970047167,13.9000244140625,-7.0,0
2024-02-14,1990.300048828125,1993.5,1984.800048828125,1990.300048828125,1916,2018.0857107979912,2025.5299926757812,2019.74915536437,38.728812244285706,-5.097218709900517,-0.5506375425322001,-0.0013046191751149294,0.00546642438292399,8.699951171875,-58.099853515625,1
2024-02-15,2002.0999755859375,2007.199951171875,1993.5999755859375,1993.5999755859375,286,2013.4571358816963,2024.4599934895834,2017.3959313939124,44.33304062772646,-6.012756015539935,-1.6430612371337472,0.005928717514105619,0.005766111505799149,13.5999755859375,-50.9000244140625,1
2024-02-16,2011.5,2011.5,1996.5,2005.0,32,2010.0714285714287,2023.4333251953126,2016.6098072080574,44.759006775044966,-5.911676389884406,-2.496784267683879,0.00469508242779515,0.005800787719003291,15.0,-24.5999755859375,1
2024-02-22,2019.699951171875,2033.199951171875,2019.699951171875,2033.199951171875,964,2009.471435546875,2022.5699910481771,2018.7699980759749,36.858697055474096,-3.313899800172294,-3.1137102721777197,-0.0012857130957182328,0.005612428072987454,13.5,-15.5,1
2024-02-23,2038.5999755859375,2038.5999755859375,2014.9000244140625,2026.0,22,2016.0,2023.1333251953124,2021.4139950773033,50.97125133973879,-1.4364840602995628,-2.7782650298020886,0.009357837733815932,0.005868758353276514,23.699951171875,6.4000244140625,0
2024-02-28,2033.0,2037.0,2024.800048828125,2029.5,581,2029.0857107979912,2023.416658528646,2025.1228287955068,49.12282580338683,0.9129677711496242,-1.3002727847572786,-0.000491642084562427,0.005783970412967787,12.199951171875,40.0999755859375,1
2024-02-29,2045.699951171875,2049.800048828125,2034.300048828125,2034.300048828125,706,2031.6857038225446,2024.8533243815104,2027.8664451123561,54.99630445507429,2.453532321179864,-0.5495117635698501,0.0062469017077595446,0.0060028952124701225,15.5,55.39990234375,1
2024-03-01,2086.89990234375,2086.89990234375,2041.800048828125,2043.0999755859375,1210,2040.9142543247767,2027.129988606771,2035.7375727432086,68.99638309974185,6.919172648205404,0.9442251187852007,0.020139782057614797,0.0077852033081057745,45.099853515625,84.7999267578125,1
2024-03-04,2117.699951171875,2119.800048828125,2080.699951171875,2083.60009765625,805,2054.9142543247767,2030.1699869791667,2046.6658898670307,75.7638724702473,12.796026683894297,3.31458543180702,0.014758757137097955,0.008323321667620554,39.10009765625,106.199951171875,1
2024-03-05,2133.5,2133.5,2111.39990234375,2114.89990234375,1287,2068.4714006696427,2033.9599853515624,2058.243771218093,88.28975879142396,18.514978593484784,6.354664064142574,0.00746094781717388,0.006970102685323498,22.10009765625,106.0,1
2024-03-06,2150.300048828125,2150.300048828125,2125.5,2125.5,443,2085.871407645089,2038.1799886067708,2070.5179415660973,90.44488384808977,24.12481684975546,9.908694621265152,0.007874407700082076,0.006770029869323187,24.800048828125,128.0,1
2024-03-07,2158.0,2163.0,2147.0,2147.0,152,2103.585693359375,2042.9833211263021,2082.182216023951,90.24263434819078,28.85930370413689,13.6988164378395,0.003580872900073251,0.006789230154841448,16.0,138.300048828125,1
2024-03-11,2182.5,2184.0,2177.199951171875,2181.0,738,2143.9285714285716,2053.8966552734373,2106.699542431601,90.19708525545485,37.744078238768,21.737352756992152,0.0017900955517011763,0.006918599766607338,6.800048828125,154.0,0
2024-03-12,2160.39990234375,2182.699951171875,2160.39990234375,2182.5,550,2154.4285714285716,2058.4033203125,2113.8595904198874,82.92792677418004,38.5759653995965,25.10507528551302,-0.010126047036082442,0.007816475627185815,22.300048828125,126.39990234375,1
2024-03-13,2175.39990234375,2175.39990234375,2162.5,2162.5,20,2162.6714215959823,2063.199983723958,2122.064965343069,85.05175207371043,39.98469789996534,28.080999808403487,0.006943158988170106,0.0076343348400727245,12.89990234375,142.39990234375,0
2024-03-20,2157.89990234375,2185.89990234375,2150.89990234375,2157.300048828125,17,2161.5713936941966,2083.1166544596354,2140.8056955772577,77.85505004648863,34.19887548721181,33.734033772375334,0.0007419438294287151,0.008028750848020771,35.0,7.599853515625,1
2024-03-21,2182.39990234375,2211.60009765625,2182.39990234375,2207.0,63,2164.7142508370534,2088.023319498698,2146.3515898127903,75.85277517084583,34.54470303290509,33.896167624481286,0.011353631358614003,0.00692510623856746,29.2001953125,24.39990234375,0
2024-03-22,2158.10009765625,2179.60009765625,2157.5,2179.199951171875,19,2162.242850167411,2092.2199910481772,2147.9180575252517,61.33565326994609,32.4835327528026,33.613640650145555,-0.0111344417956597,0.007063652334616008,22.10009765625,-20.5,1
2024-03-26,2175.60009765625,2182.699951171875,2175.60009765625,2182.699951171875,202373,2166.5428641183034,2102.5166625976562,2154.7153596488283,57.75602308193188,31.02023410755328,32.809682898461524,0.0003678723607516421,0.006833814204530183,7.099853515625,15.2001953125,1
2024-03-27,2190.60009765625,2196.199951171875,2172.10009765625,2179.39990234375,31200,2170.8143136160716,2109.1066650390626,2159.4999913831516,59.565789247459726,31.228357045011307,32.49341772777148,0.006894649442312106,0.006990977390225606,24.099853515625,15.2001953125,1
2024-03-28,2217.39990234375,2234.10009765625,2187.10009765625,2193.60009765625,2040,2179.5428641183034,2116.67666015625,2167.2199795112315,60.98527683693924,33.17341377113962,32.62941693644511,0.012234001411838502,0.007272213461459359,47.0,54.39990234375,1
2024-04-01,2236.5,2264.199951171875,2230.0,2235.699951171875,400,2190.7714494977677,2124.4899943033856,2176.4573155764006,64.07721388475198,35.84292852605586,33.27211925436726,0.008613736131250604,0.007532587919467326,34.199951171875,79.199951171875,1
2024-04-02,2261.0,2279.199951171875,2247.60009765625,2252.0,435,2202.0000348772323,2132.8066609700522,2187.729673499547,75.9012621945087,39.48037822263086,34.51377104801998,0.010954616588419341,0.0070632479400193696,31.599853515625,100.300048828125,1
2024-04-04,2288.800048828125,2302.89990234375,2280.0,2301.699951171875,251,2237.757149832589,2150.5866577148436,2213.5320610986873,80.56380367588703,47.55811685643948,38.72758769122226,-0.0024406615036484114,0.00739297876950836,22.89990234375,130.900146484375,1
2024-04-08,2331.699951171875,2341.800048828125,2319.0,2325.60009765625,202,2279.357107979911,2170.5566569010416,2242.249402628014,85.68460502263098,55.934401886454,44.34384381740067,0.0025798684808746586,0.007740353027339231,22.800048828125,173.599853515625,1
2024-04-09,2343.5,2364.699951171875,2337.800048828125,2337.800048828125,211,2297.371407645089,2181.0566569010416,2255.749482277612,87.89483932632803,59.06955808608973,47.28898667113848,0.005060706383852809,0.007436453090763686,26.89990234375,168.699951171875,0
2024-04-10,2329.60009765625,2358.10009765625,2327.699951171875,2346.60009765625,377,2310.6714215959823,2190.9099934895835,2265.5962309947636,83.1084936304833,59.74389557022232,49.77996845095525,-0.00593125766748448,0.00799183574265612,30.400146484375,154.0,1
2024-04-12,2356.199951171875,2429.0,2334.300048828125,2377.300048828125,584,2332.9000069754466,2211.9866617838543,2287.9847237457893,91.7757030517145,62.46678560313876,54.20879821872795,0.000594488837575291,0.006577505366099864,94.699951171875,138.800048828125,1
2024-04-15,2365.800048828125,2384.699951171875,2326.0,2362.10009765625,1801,2343.9000069754466,2221.2833333333333,2298.3601004234342,91.52182727969446,63.198559225693316,56.00675042012102,0.00407439854647107,0.006589299892156311,58.699951171875,129.300048828125,1
2024-04-16,2390.800048828125,2390.800048828125,2371.39990234375,2384.0,41,2353.200020926339,2230.386669921875,2310.685426877393,92.32895473592515,65.04597663110599,57.81459566231802,0.010567249760766284,0.006475478299399818,19.400146484375,129.800048828125,0
2024-04-17,2371.699951171875,2391.39990234375,2369.300048828125,2384.199951171875,37,2358.914306640625,2238.326668294271,2318.8206967833244,85.05616756222855,64.22846422537623,59.09736937492967,-0.007988998354593546,0.007582298735897191,22.099853515625,77.300048828125,1
2024-04-18,2382.300048828125,2384.39990234375,2368.39990234375,2368.39990234375,128,2364.4571707589284,2246.0600016276044,2327.284610389298,84.05622599307613,63.70160657836141,60.01821681561602,0.004469409231556698,0.007349284455739314,16.0,93.5,1
2024-04-19,2398.39990234375,2399.800048828125,2377.300048828125,2379.300048828125,160,2374.285714285714,2254.0733317057293,2336.7666493165584,83.85616203367124,63.847200935042565,60.78401363950133,0.006758113245871167,0.007298799187773377,22.5,72.699951171875,0
2024-04-26,2334.800048828125,2347.89990234375,2332.800048828125,2347.89990234375,717,2347.0999930245534,2280.376668294271,2333.3404617557685,50.714637863537824,39.394241976463036,50.772062078300266,0.002146106916992796,0.009659191681087894,15.099853515625,-21.39990234375,1
2024-04-29,2345.39990234375,2345.5,2327.89990234375,2334.800048828125,405,2341.828543526786,2286.646663411458,2334.9483871674993,50.440404479426284,37.117930545271065,48.04123577169443,0.004539940591891556,0.009639762123799616,17.60009765625,-20.400146484375,0
2024-04-30,2291.39990234375,2322.5,2291.39990234375,2322.5,113,2326.5428292410716,2291.0033284505207,2329.1419225243326,42.53318520724291,30.603806996100502,44.55375001657565,-0.02302379220960915,0.011386704921002156,31.10009765625,-99.400146484375,1
2024-05-03,2299.0,2301.0,2277.60009765625,2300.0,194,2314.2142508370534,2304.3866617838544,2318.7345042178304,35.414820950912755,18.26995479101697,33.24986750897965,-8.696554285025915e-05,0.01084015741975617,23.39990234375,-99.39990234375,1
2024-05-08,2313.60009765625,2313.60009765625,2313.60009765625,2313.60009765625,4,2305.6999860491073,2319.116658528646,2317.928463311624,33.23570869411357,14.013752745854163,24.511276877139466,-0.0006910217473075075,0.010503436355768654,0.0,-10.89990234375,1
2024-05-09,2332.10009765625,2339.5,2310.699951171875,2310.699951171875,5,2311.5142996651784,2323.8333251953127,2319.8180145575743,34.0087151101166,14.117486838455534,22.43251886940268,0.007996196066356154,0.010588046382449813,28.800048828125,2.300048828125,1
2024-05-10,2367.300048828125,2367.300048828125,2367.300048828125,2367.300048828125,126,2321.142892020089,2328.8299967447915,2326.1489524603144,59.95466152627527,16.84585025989145,21.315185147500436,0.01509367081080737,0.00859093034072306,0.0,32.5,0
2024-05-13,2336.10009765625,2358.300048828125,2336.10009765625,2358.300048828125,14,2326.4143415178573,2332.15,2327.4757718197725,52.06900408545172,16.30259643380259,20.31266740476087,-0.013179550765995973,0.009385695974251302,22.199951171875,-9.2998046875,1
2024-05-14,2353.39990234375,2358.0,2336.0,2336.0,6,2334.1857561383927,2335.2299967447916,2330.932322556303,56.655908416175606,17.071227041609745,19.664379332130647,0.007405420985537647,0.009557072362366224,22.0,62.0,1
2024-05-15,2388.699951171875,2388.699951171875,2356.0,2361.60009765625,29,2343.7714494977677,2338.373331705729,2338.6346730383793,61.91825080030036,20.294844922430457,19.79047245019061,0.014999596453186603,0.010273471947362674,32.699951171875,88.800048828125,0
2024-05-16,2380.0,2392.199951171875,2380.0,2389.5,7,2353.0285993303573,2341.413330078125,2344.1500499665954,59.01117032926919,21.895177984320526,20.211413557016595,-0.0036421280821004043,0.010375912839550075,12.199951171875,80.800048828125,1
2024-05-17,2412.199951171875,2415.800048828125,2380.699951171875,2380.699951171875,213,2367.1142926897323,2344.296663411458,2353.2233701272994,62.26140467076376,25.46813955951984,21.262758757517247,0.013529391248686906,0.010851063335513153,35.10009765625,113.199951171875,1
2024-05-20,2433.89990234375,2435.800048828125,2409.699951171875,2415.800048828125,40,2381.6571219308034,2347.703328450521,2363.980241089493,79.67518363960271,29.708283456255685,22.951863697264933,0.008995917258572517,0.008209696781964938,26.10009765625,112.2998046875,0
2024-05-21,2421.699951171875,2429.5,2421.0,2429.5,6,2389.428536551339,2350.309993489583,2371.676202433811,74.97954642635762,31.718562102879332,24.705203378387814,-0.005012511467758718,0.008584423744907827,8.5,106.5,0
2024-05-22,2389.199951171875,2417.60009765625,2375.800048828125,2417.5,180,2397.014229910714,2352.2966552734374,2374.0127022655524,66.32803475376842,30.339509052765152,25.832064513263283,-0.013420324835978548,0.009701269714712305,41.800048828125,75.599853515625,0
2024-05-24,2332.5,2345.39990234375,2332.5,2342.60009765625,25,2386.357107979911,2350.8466552734376,2363.969540812793,51.76089168658447,19.605142099048408,24.387895654607227,-0.0010706638115631772,0.011600379975920528,12.89990234375,-34.800048828125,1
2024-05-28,2355.199951171875,2359.699951171875,2336.89990234375,2336.89990234375,26,2382.8142438616073,2350.4933186848957,2362.800262194004,56.13874830082864,17.287293228495855,22.967775169384957,0.009732026225884205,0.011817338740043665,22.800048828125,19.099853515625,0
2024-05-30,2342.89990234375,2349.5,2320.800048828125,2336.89990234375,32587,2359.5428292410716,2347.8499837239583,2357.5468562250244,51.67076590241603,11.624226099004318,19.27793530895305,0.0011109060639156176,0.01181059797141283,28.699951171875,-45.800048828125,0
2024-05-31,2322.89990234375,2354.0,2319.0,2344.10009765625,941,2345.428536551339,2345.869978841146,2352.927262374188,42.79216687209934,7.967799798215765,17.015908206805594,-0.008536429567474357,0.011222257807542388,35.0,-57.10009765625,1
2024-06-03,2346.60009765625,2347.5,2312.0,2322.60009765625,781,2339.342843191964,2344.143318684896,2352.0836404117963,51.74709102519731,6.902891071264548,14.993304779697386,0.010202848296901212,0.011055849493325194,35.5,-65.599853515625,0
2024-06-04,2325.5,2347.699951171875,2313.89990234375,2347.5,890,2337.9857003348216,2343.919986979167,2348.5391550235568,45.415721286380425,4.3066967733402635,12.855983178425962,-0.00899177396153883,0.011122374757609636,33.800048828125,-108.39990234375,1
2024-06-05,2354.10009765625,2354.300048828125,2326.199951171875,2326.39990234375,295,2341.0714285714284,2344.7999918619794,2349.2806140412495,44.18684970659631,4.505051517934135,11.185796846327596,0.012298472438722952,0.010847361515877925,28.10009765625,-67.599853515625,1
2024-06-06,2370.300048828125,2375.800048828125,2355.0,2355.0,179,2343.228585379464,2346.32666015625,2352.0832053461663,48.41036449868728,5.901421835609199,10.128921844183916,0.006881589779467623,0.01101257927725484,20.800048828125,-18.89990234375,0
2024-06-11,2307.5,2314.10009765625,2300.0,2300.0,871,2330.9857352120534,2343.339990234375,2336.3147752884897,31.388537647226414,-3.7668872203848878,4.438778111297425,-8.664522082846293e-05,0.01203892590474901,14.10009765625,-47.699951171875,1
2024-06-12,2336.0,2338.699951171875,2310.300048828125,2314.89990234375,132,2329.471435546875,2344.82666015625,2336.2728052500242,41.21533312531395,-3.3443455860806353,2.882153371821813,0.012351029252437806,0.012351286241622501,28.39990234375,-4.300048828125,0
2024-06-13,2300.199951171875,2317.699951171875,2296.199951171875,2309.39990234375,298,2325.8571428571427,2344.836661783854,2331.463091372938,43.8818511069162,-5.831026598643348,1.139517377728781,-0.015325363368204226,0.01150980328815423,21.5,-42.699951171875,1
2024-06-14,2331.39990234375,2331.39990234375,2305.800048828125,2307.0,948,2322.6142578125,2345.9099934895835,2331.454666169046,49.824321732173686,-5.223945513878789,-0.13317520059273302,0.013564016969907167,0.012150607036315758,25.599853515625,8.5,0
2024-06-17,2312.39990234375,2320.199951171875,2309.60009765625,2320.199951171875,110,2314.3428083147323,2346.356656901042,2328.91403099234,43.08338258490669,-6.204449558420947,-1.347430072158376,-0.008149610017955,0.011991696495498581,10.599853515625,-34.2001953125,1
2024-06-18,2330.39990234375,2330.39990234375,2311.800048828125,2311.800048828125,43,2317.942801339286,2346.6499837239585,2329.1121471725282,48.415977800017345,-5.466047319148856,-2.171153521556472,0.0077841207231310605,0.012123745655292957,18.599853515625,4.89990234375,1
2024-06-20,2353.800048828125,2354.0,2328.300048828125,2328.89990234375,183,2324.5285295758927,2347.9366536458333,2332.4038673932746,51.635182856125745,-2.9585575566447915,-2.328634328574136,0.010041257923518065,0.012430993991669526,25.699951171875,-0.300048828125,0
2024-06-21,2316.39990234375,2331.199951171875,2316.39990234375,2331.199951171875,76,2325.7999441964284,2348.02998046875,2330.2700053866715,49.07328381379354,-3.943771763616496,-2.6516618155826084,-0.015889262345370136,0.01298093067735095,14.800048828125,-53.900146484375,1
2024-06-24,2330.0,2332.89990234375,2322.699951171875,2323.300048828125,99,2324.942801339286,2347.9599772135416,2330.2340046684485,47.56311375528635,-3.5858118932119396,-2.838491831108475,0.005871221822488115,0.012765760737490344,10.199951171875,24.800048828125,0
2024-06-25,2316.60009765625,2333.0,2316.60009765625,2324.39990234375,105,2327.2856794084823,2346.269978841146,2328.4161504001554,48.66327847692804,-4.333433128798333,-3.137480090646447,-0.005751031048819688,0.012627213891120264,16.39990234375,8.900146484375,0
2024-06-26,2299.199951171875,2314.39990234375,2298.0,2307.89990234375,986,2322.6856863839284,2345.039973958333,2324.520657169718,41.46719435980526,-6.257838282170269,-3.7615517289512117,-0.007511070426863498,0.012222430618792938,16.39990234375,-8.300048828125,1
2024-07-02,2323.0,2334.60009765625,2323.0,2330.699951171875,30,2321.228585379464,2337.3233154296877,2324.9903568030577,52.860830131001215,-4.049383345176466,-4.238181769834794,-0.0019763264578318562,0.009994981694762569,11.60009765625,10.60009765625,1
2024-07-03,2359.800048828125,2361.60009765625,2330.89990234375,2330.89990234375,59,2325.4857352120534,2334.8533203125,2329.6316490730665,54.26217968616786,-0.9147377811905244,-3.5734929721059405,0.015841605177841167,0.010349917943979254,30.7001953125,29.400146484375,1
2024-07-05,2388.5,2388.5,2354.89990234375,2354.89990234375,72,2335.757149832589,2333.7466552734377,2337.480762529991,66.2256409244134,3.8410602644880782,-2.0905823247871367,0.012162026687865923,0.00964403086361558,33.60009765625,34.699951171875,0
2024-07-09,2360.10009765625,2363.699951171875,2360.10009765625,2363.10009765625,9,2348.8428780691966,2333.449991861979,2342.5442245676654,59.16956706202153,6.006098197798565,0.641955103104009,0.002080564956676856,0.009729673752764076,3.599853515625,30.10009765625,1
2024-07-10,2372.199951171875,2377.0,2365.800048828125,2366.300048828125,19,2355.200020926339,2334.7733235677083,2346.4983214482268,58.2218679318674,7.795396986426113,2.0726434797684297,0.005126839123324123,0.009623061776642428,11.199951171875,55.599853515625,1
2024-07-12,2414.0,2414.0,2391.300048828125,2399.800048828125,355,2380.685721261161,2339.223323567708,2363.414294776668,70.57335946280872,16.00391415036347,6.530903734435032,-0.00041407867494824835,0.009094367168454562,22.699951171875,89.5,1
2024-07-15,2422.89990234375,2436.0,2422.89990234375,2430.0,540,2389.6999860491073,2341.889990234375,2371.3457091189457,69.97847362231182,19.258958377559793,9.076514663059985,0.003686786389291541,0.009059815601707898,13.10009765625,95.199951171875,1
2024-07-16,2462.39990234375,2462.39990234375,2427.39990234375,2427.39990234375,93,2400.2571149553573,2346.539990234375,2383.4862682155863,78.19020681138869,24.740728545562433,12.209357439560476,0.016302778320222977,0.009364353496238322,35.0,134.7998046875,0
2024-07-18,2451.800048828125,2466.0,2451.800048828125,2466.0,2,2427.585693359375,2354.356656901042,2400.835475834707,78.10158632293641,30.256291105195032,18.368824738744372,-0.001222095462085404,0.008935493075431402,14.199951171875,92.0,0
2024-07-22,2392.0,2402.10009765625,2392.0,2402.10009765625,18,2427.6285574776784,2356.4599853515624,2399.040868515847,61.3780746190371,23.99055757206179,20.885777549581096,-0.001461072844917588,0.011491002615123135,10.10009765625,36.800048828125,1
2024-07-23,2404.60009765625,2404.60009765625,2388.699951171875,2395.800048828125,41,2426.285714285714,2359.7733235677083,2399.7820990679,64.02063533612542,22.307580509601394,21.170138141585156,0.005267599354619623,0.011460614925172134,15.900146484375,44.5,1
2024-07-24,2413.300048828125,2421.0,2411.60009765625,2421.0,6,2424.914306640625,2363.2933268229167,2401.5844923692634,60.17497525161631,21.42880449420909,21.221871412109945,0.0036180449216294264,0.010815980513894697,9.39990234375,41.10009765625,0
2024-07-25,2351.89990234375,2365.5,2351.89990234375,2365.5,31,2409.128592354911,2364.7733235677083,2394.959880365862,43.8091871507411,15.598084483462117,20.097114026380382,-0.02544240054782676,0.012538648840318887,13.60009765625,-63.10009765625,1
2024-07-29,2377.300048828125,2377.300048828125,2377.300048828125,2377.300048828125,126409,2387.8000139508927,2368.809993489583,2390.876538874109,52.98403089624699,10.766985531474802,17.110542697278014,-0.0011344332654936728,0.012400693294946,0.0,-45.599853515625,1
2024-07-30,2405.0,2409.300048828125,2373.800048828125,2380.89990234375,25944,2389.157156808036,2371.263330078125,2392.759667024228,55.39829551618698,11.031040107994613,15.894642179421336,0.011651853196036122,0.012703226894658382,35.5,-57.39990234375,1
2024-07-31,2426.5,2447.60009765625,2402.800048828125,2407.10009765625,1313,2394.0857282366073,2375.0666666666666,2397.2583780876644,52.0353982300885,12.827310330533237,15.281175809643717,0.008939708939708968,0.011979300315960133,44.800048828125,-28.300048828125,1
2024-08-01,2435.0,2455.10009765625,2430.39990234375,2446.699951171875,690,2398.4285714285716,2378.5533365885417,2402.290594342642,53.62068965517242,14.766527053826394,15.178246058480251,0.0035029878425716365,0.012004377293096776,24.7001953125,-16.800048828125,0
2024-08-02,2425.699951171875,2477.0,2416.0,2444.0,550,2400.1999860491073,2380.95,2405.411841919873,50.48210182777502,15.375692647851338,15.217735376354469,-0.0038193219006673607,0.012027659071098606,61.0,30.199951171875,0
2024-08-05,2401.699951171875,2449.800048828125,2367.39990234375,2442.0,334,2407.314278738839,2383.7933349609375,2404.9169231534734,38.95963644469628,13.763207655730184,14.926829832229611,-0.00989405140087729,0.011339514392257216,82.400146484375,9.699951171875,0
2024-08-07,2390.5,2401.0,2384.5,2392.199951171875,130,2410.5,2388.226668294271,2401.166944675553,38.98669815433931,9.420200937504887,13.251275683668762,0.0005859538263479624,0.011392395848523284,16.5,-22.800048828125,1
2024-08-08,2422.199951171875,2422.800048828125,2384.300048828125,2384.300048828125,201,2412.9571358816966,2392.326668294271,2403.9713455417295,55.262112004465166,10.339146502435142,12.66884984742204,0.01326080366947302,0.010260334472621693,38.5,70.300048828125,1
2024-08-09,2432.10009765625,2432.10009765625,2418.5,2422.300048828125,611,2413.757149832589,2395.913338216146,2407.7218458236657,57.70858950411594,11.731048342630402,12.481289546463714,0.004087254018639186,0.010271713215493115,13.60009765625,52.10009765625,1
2024-08-13,2466.699951171875,2470.0,2456.5,2461.0,510,2423.528564453125,2405.039998372396,2421.903946401303,59.765896382181126,17.919227399100237,13.988664550102158,0.0017462837064086134,0.01064764407616767,13.5,61.699951171875,0
2024-08-14,2439.39990234375,2472.10009765625,2439.39990234375,2468.0,274,2428.9142717633927,2408.9199951171877,2424.2367405269624,68.28250551943944,17.742147575827858,14.739361155247298,-0.011067438021862053,0.008263686289326777,32.7001953125,12.89990234375,1
2024-08-15,2453.10009765625,2467.699951171875,2431.199951171875,2451.800048828125,285,2438.05712890625,2412.029996744792,2428.0851881442004,66.25169617559894,18.494113179949636,15.490311560187767,0.005616215405820579,0.007879687195440868,36.5,18.10009765625,1
2024-08-19,2501.800048828125,2508.5,2487.199951171875,2508.5,88,2464.8714425223216,2420.586669921875,2446.0622257790055,69.90132982381114,25.64114728036975,18.642369738731308,0.001280697609383985,0.008632516177602884,21.300048828125,100.10009765625,1
2024-08-21,2508.39990234375,2515.39990234375,2503.89990234375,2511.0,96,2482.757149832589,2430.1666666666665,2461.912508873314,66.26770181092529,30.30087269652404,22.561870186920952,-0.0011548387002693339,0.008510029610743585,11.5,117.89990234375,0
2024-08-22,2478.89990234375,2504.10009765625,2471.10009765625,2504.10009765625,210,2484.5,2432.296663411458,2464.177494669372,60.82179426438498,28.961424887470457,23.841781127030853,-0.011760485229024398,0.009177499039628681,33.0,56.699951171875,1
2024-08-23,2508.39990234375,2508.39990234375,2486.5,2486.5,94,2494.3571428571427,2435.443326822917,2470.0738156926227,71.22959220848614,29.935231591061438,25.06047121983697,0.011900440179980043,0.00892466218908167,21.89990234375,76.2998046875,1
2024-08-27,2516.0,2523.10009765625,2506.89990234375,2515.199951171875,100,2506.0713936941966,2440.389998372396,2481.7007714778756,75.2718187521017,31.520642793651405,27.318658548667383,-0.0006752000654739465,0.008634200920757687,16.2001953125,49.300048828125,0
2024-08-28,2501.0,2501.0,2501.0,2501.0,2353,2505.957101004464,2441.929996744792,2484.2740019474923,67.01207524495723,30.295255667429046,27.913977972419715,-0.0059618441971383,0.008523901470879365,0.0,61.60009765625,1
2024-08-29,2525.699951171875,2525.699951171875,2503.89990234375,2504.10009765625,3966,2508.014229910714,2444.3933268229166,2489.7974618440767,68.99346547701026,30.960315925068244,28.523245562949423,0.009876030056727325,0.008753380110237826,21.800048828125,72.599853515625,0
2024-09-04,2493.39990234375,2493.39990234375,2483.5,2490.89990234375,470,2505.357107979911,2453.893318684896,2490.690476487139,62.064327370550004,24.109244039697387,27.25808772926892,0.0014056789980614326,0.008540947412706657,9.89990234375,-17.900146484375,1
2024-09-05,2511.39990234375,2513.300048828125,2493.39990234375,2493.699951171875,54,2504.457101004464,2457.1633138020834,2493.4517332680207,62.779434398874876,23.722400547315374,26.550950292878213,0.007219058596689809,0.008609408267368428,19.900146484375,3.0,0
2024-09-06,2493.5,2517.89990234375,2483.699951171875,2510.300048828125,96,2501.2428152901784,2461.8833170572916,2493.4581688322846,48.72815519794265,21.721064854383258,25.58497320517922,-0.007127459998324093,0.00739676670672271,34.199951171875,14.60009765625,1
2024-09-09,2501.800048828125,2504.699951171875,2491.300048828125,2491.300048828125,96,2501.357107979911,2465.943318684896,2494.570419498397,50.0,20.567645458980678,24.581507655939514,0.003328674083868055,0.007446692381667714,13.39990234375,-6.599853515625,1
2024-09-11,2512.10009765625,2525.800048828125,2502.300048828125,2525.800048828125,90,2502.05712890625,2474.013321940104,2498.9564670864347,50.90735583243731,19.78486947642159,22.931888716694893,-7.95888898574848e-05,0.0074551407836626555,23.5,-3.89990234375,1
2024-09-12,2551.199951171875,2557.0,2523.39990234375,2529.10009765625,132,2510.814278738839,2478.169986979167,2505.9222649644935,66.93211510643286,22.30059340457501,22.805629654270916,0.015564608095077315,0.007676024517987609,33.60009765625,50.199951171875,1
2024-09-16,2580.39990234375,2580.39990234375,2580.39990234375,2580.39990234375,28,2533.228585379464,2488.2033203125,2524.56293830597,65.24063346021053,29.272106050680577,24.677002069669328,-0.00034871826883653423,0.0076762514497981955,0.0,86.599853515625,0
2024-09-18,2570.699951171875,2570.699951171875,2549.199951171875,2570.699951171875,25,2553.185721261161,2499.676652018229,2535.3063839039846,66.47754884838216,30.543738212215885,26.684404275275924,0.0024957696922693895,0.0076673524974770965,21.5,77.300048828125,1
2024-09-19,2588.0,2588.0,2566.0,2566.0,99,2564.0,2506.2599853515626,2542.3321993834534,65.26214932421684,32.088031265358495,27.76512967329244,0.006729703643647111,0.007461863404780749,22.0,76.60009765625,1
2024-09-23,2626.5,2626.5,2626.5,2626.5,9,2590.1571219308034,2519.32998046875,2562.5179518077384,83.0271341074692,38.254370564873625,31.09687605741741,0.002519217490082548,0.00654708749910361,0.0,124.699951171875,1
2024-09-24,2651.199951171875,2662.300048828125,2625.5,2636.800048828125,35,2600.142822265625,2525.6233154296874,2574.342218389623,84.60531092091442,41.96479750078288,33.27046034609051,0.009404131418951023,0.006666029325102414,36.800048828125,138.89990234375,1
2024-09-25,2659.199951171875,2664.199951171875,2649.300048828125,2656.300048828125,175,2611.399972098214,2532.0399820963544,2585.65658276059,83.8991317319333,45.03177247905069,35.62272277268254,0.003017501564325231,0.006624448746230475,14.89990234375,147.099853515625,1
2024-09-26,2669.89990234375,2669.89990234375,2660.800048828125,2662.300048828125,17216,2626.485665457589,2539.7233154296873,2596.889025371678,91.84062281396652,47.775047869135506,38.05318779197314,0.004023748258253246,0.005786288107756835,9.099853515625,118.699951171875,0
2024-09-27,2644.300048828125,2672.10009765625,2641.699951171875,2670.0,4228,2636.9999651227677,2546.096647135417,2603.210495165871,81.2363533612474,47.3377391579088,39.91009806516027,-0.009588319582000904,0.0069671343397823444,30.400146484375,63.0,0
2024-09-30,2636.10009765625,2662.10009765625,2623.199951171875,2660.89990234375,973,2643.871407645089,2550.67998046875,2607.5957754979217,77.41370455466955,45.80152979884497,41.08838441189721,-0.0031009911963315595,0.007218704551893418,38.900146484375,55.7001953125,1
2024-10-01,2667.300048828125,2670.89990234375,2631.39990234375,2631.39990234375,153,2650.6428571428573,2556.1966471354167,2615.556345275282,80.21811074001926,46.56487720589439,42.183682970696644,0.011835647363927837,0.007466684305931522,39.5,103.0,0
2024-10-02,2647.10009765625,2657.199951171875,2640.0,2650.60009765625,72,2653.5857282366073,2560.7233154296873,2619.762178926078,70.1555872775767,45.020895426129755,42.75112546178327,-0.007573182919840549,0.007345297688183694,17.199951171875,76.400146484375,1
2024-10-03,2657.10009765625,2657.10009765625,2640.0,2642.800048828125,354,2654.4286063058034,2565.6799886067706,2624.740568090101,67.40133190301162,44.095885251942036,43.020077419815024,0.003777718873892999,0.006875856798161008,17.10009765625,69.10009765625,0
2024-10-07,2644.800048828125,2657.39990234375,2639.0,2648.699951171875,284,2648.928641183036,2575.789998372396,2629.848705518232,68.88788070426278,39.74142525497791,42.195889251453664,-0.00037795751059988003,0.006710064683919107,18.39990234375,18.300048828125,0
2024-10-08,2615.0,2639.0,2609.300048828125,2639.0,687,2644.742919921875,2579.0333333333333,2627.8688781158007,59.36577051996329,35.16746605033586,40.7902046112301,-0.011267410873396222,0.007615448484510286,29.699951171875,-36.199951171875,0
2024-10-09,2606.0,2607.699951171875,2603.0,2603.0,152,2640.4429059709823,2582.0333333333333,2624.953027700361,53.9439139151776,30.465162217065426,38.72519613239717,-0.0034416826003823564,0.00753704490976463,4.699951171875,-53.199951171875,1
2024-10-10,2620.60009765625,2628.300048828125,2602.5,2602.5,320,2633.771484375,2586.0200032552084,2624.3726370278127,50.1660018105079,27.598519856259827,36.4998608771697,0.005602493344685433,0.006915598688976846,25.800048828125,-49.2998046875,1
2024-10-11,2657.60009765625,2658.10009765625,2638.199951171875,2638.300048828125,12,2635.271484375,2590.4166748046873,2628.8029651116044,56.444285708504154,27.98962889145514,34.79781448002679,0.014118903541632033,0.00786501311890027,19.900146484375,13.300048828125,0
2024-10-14,2647.800048828125,2655.300048828125,2647.800048828125,2655.0,40,2633.9429059709823,2595.550008138021,2631.335909607141,49.24913785108709,27.19531294252465,33.27731417252636,-0.003687555865447112,0.007543989713227866,7.5,11.699951171875,1
2024-10-15,2661.39990234375,2661.39990234375,2661.39990234375,2661.39990234375,39,2636.171456473214,2601.2666748046877,2635.3444419720217,50.47412790667083,27.347956135434742,32.09144256510804,0.005136284184919404,0.007631338226962286,0.0,-5.900146484375,1
2024-10-16,2674.0,2674.0,2674.0,2674.0,6,2640.3428780691966,2607.2866780598956,2640.4985163757524,50.876464165902966,28.161026756185493,31.30535940332353,0.004734387209210489,0.00766184692368412,0.0,26.89990234375,1
2024-10-17,2691.0,2691.699951171875,2677.199951171875,2677.39990234375,30,2651.200020926339,2613.2733479817707,2647.2320475256524,60.36394608318551,29.83324987208789,31.0109374970764,0.006357516828721099,0.007280675716416681,14.5,33.89990234375,1
2024-10-18,2713.699951171875,2719.60009765625,2713.699951171875,2713.699951171875,29,2666.5857282366073,2620.613346354167,2656.0944346784822,66.18011628747502,32.614238448148626,31.33159768729085,0.00843550768185608,0.007399092513259021,5.900146484375,67.89990234375,1
2024-10-21,2723.10009765625,2738.39990234375,2719.5,2721.89990234375,52,2681.228585379464,2627.9900146484374,2665.028523075518,62.798162003921924,35.1712726538085,32.09953268059438,0.003463959410956896,0.0068712016908025345,18.89990234375,78.300048828125,1
2024-10-22,2744.199951171875,2746.0,2728.60009765625,2731.699951171875,93,2693.5999930245534,2635.720011393229,2675.5847134883657,72.17902890315241,38.457014005314704,33.37102894553845,0.007748467834063577,0.006526099294632995,17.39990234375,129.199951171875,0
2024-10-23,2714.39990234375,2742.5,2714.199951171875,2742.5,18,2703.1142578125,2642.463338216146,2680.7600720024166,62.00246288288215,38.21584434279475,34.33999202498971,-0.010859284803718228,0.007431859378340926,28.300048828125,108.39990234375,1
2024-10-28,2742.89990234375,2742.89990234375,2729.5,2736.10009765625,56,2730.5856584821427,2659.3233317057293,2701.4168779704437,78.40956171841954,40.39870650689045,37.090885924194595,0.0007296873549778038,0.0062248705346752,13.39990234375,95.099853515625,1
2024-10-29,2768.39990234375,2768.39990234375,2768.39990234375,2768.39990234375,848,2738.3999372209823,2666.12666015625,2710.347947886885,83.60923772779543,42.24547154032143,38.12180304741997,0.009296730069591863,0.006071542224756408,0.0,107.0,1
2024-10-30,2788.5,2789.0,2774.60009765625,2774.60009765625,231,2747.7427804129466,2673.3866617838544,2720.768221501967,83.97406636749325,44.81436394034199,39.46031522600437,0.007260547018237196,0.006113990735716945,14.39990234375,114.5,0
2024-11-05,2740.300048828125,2743.89990234375,2740.300048828125,2743.0,23,2750.44287109375,2688.9766764322917,2728.4516540220166,64.33204384608483,35.25573411647292,38.62806195150342,0.0015350137136695974,0.007775899117798945,3.599853515625,-3.89990234375,0
2024-11-06,2667.60009765625,2734.5,2659.39990234375,2734.5,427,2739.6857561383927,2689.2566813151043,2720.338113173248,45.92336196101916,27.41878591893328,36.386206744989394,-0.026529923685898793,0.010703084181254525,75.10009765625,-46.7998046875,1
2024-11-07,2698.39990234375,2699.10009765625,2662.5,2662.5,676,2729.6857561383927,2690.206681315104,2717.4130183959815,47.40764886091092,23.423226469504698,33.79361068989246,0.01154588527514333,0.010934181176218093,36.60009765625,-36.5,0
2024-11-08,2687.5,2694.60009765625,2682.89990234375,2688.5,1038,2715.2571847098216,2691.6466796875,2713.424615943184,43.99862701585023,19.15636316438895,30.86616118479176,-0.004039394729551615,0.010916852743171298,11.7001953125,-53.39990234375,0
2024-11-11,2611.199951171875,2671.699951171875,2611.199951171875,2671.699951171875,20,2697.100027901786,2690.8166748046874,2699.794660640343,31.09720383185794,9.508459378771022,26.59462082358761,-0.028390715843023218,0.012824682624286633,60.5,-131.699951171875,0
2024-11-12,2600.0,2605.5,2592.800048828125,2605.5,118,2677.3000139508927,2688.57333984375,2686.4887058882973,32.833132813496036,0.9477584916699016,21.465248357204068,-0.004289197066983941,0.012652345071494465,12.699951171875,-168.39990234375,0
2024-11-13,2580.800048828125,2611.800048828125,2580.800048828125,2611.10009765625,53,2655.1142926897323,2686.3633382161456,2672.396884946941,26.785174418390824,-7.301764046028438,15.711845876557568,-0.007384596604567362,0.012319860882457349,31.0,-207.699951171875,0
2024-11-15,2565.699951171875,2565.699951171875,2565.699951171875,2565.699951171875,20,2615.9714006696427,2680.7299967447916,2646.130092540702,23.864295164067656,-20.505193118741317,3.604624307065701,-0.0009734444542992549,0.012139334462862483,0.0,-172.900146484375,1
2024-11-18,2610.60009765625,2610.699951171875,2589.39990234375,2591.699951171875,136,2603.4285714285716,2679.5899983723957,2641.3927598894425,27.985512320794328,-21.24815873623311,-1.3659323015940608,0.017500154865679907,0.013031585481804435,21.300048828125,-125.5,1
2024-11-19,2627.10009765625,2627.699951171875,2619.300048828125,2621.89990234375,87,2594.8000139508927,2679.9933349609373,2639.4870715916836,27.254792673024795,-20.271870730151477,-5.147119987305544,0.006320385881703361,0.012970798344455619,8.39990234375,-113.199951171875,1
2024-11-20,2648.199951171875,2648.199951171875,2638.5,2638.5,27,2600.0857282366073,2681.4,2640.6487888690426,36.16822556005474,-17.592775052001798,-7.636251000244795,0.008031613844653007,0.01269864183228423,9.699951171875,-19.400146484375,1
2024-11-21,2672.10009765625,2672.10009765625,2655.699951171875,2659.300048828125,33,2610.3857421875,2683.116666666667,2644.842296707337,40.480956601236294,-13.386716609660652,-8.786344122127968,0.009025053593026078,0.01304813064192918,16.400146484375,-26.2998046875,1
2024-11-22,2709.89990234375,2710.5,2685.60009765625,2687.5,41,2628.8285784040177,2684.8599934895833,2653.5166441255255,46.59383490338471,-6.923447466263497,-8.413764790955074,0.01414610355377599,0.013719201595535392,24.89990234375,22.39990234375,0
2024-11-26,2620.300048828125,2625.60009765625,2620.300048828125,2625.60009765625,177858,2643.571463448661,2682.4566650390625,2644.844958184839,44.150370981835266,-10.612872100084132,-8.980584184710919,0.0013375114394267307,0.014957630283657847,5.300048828125,20.300048828125,1
2024-11-27,2639.89990234375,2657.89990234375,2627.199951171875,2633.5,61653,2647.757149832589,2681.3199951171873,2644.185617406027,42.55913786164647,-10.029480156118098,-9.190363378992355,0.007480003492115639,0.014729433362270738,30.699951171875,59.099853515625,1
2024-11-29,2657.0,2664.300048828125,2620.699951171875,2636.39990234375,3861,2652.028564453125,2680.186661783854,2645.8942017518903,46.180814560644485,-8.094000271245932,-8.97109075744307,0.00647755531983174,0.014855543321157268,43.60009765625,88.800048828125,0
2024-12-02,2634.89990234375,2649.800048828125,2621.699951171875,2649.0,695,2650.1285574776784,2677.559993489583,2644.428295164138,53.43378169107249,-8.248330085918496,-8.826538623138156,-0.008317688240967236,0.012805819424850437,28.10009765625,69.199951171875,1
2024-12-03,2644.699951171875,2654.699951171875,2636.0,2639.0,1062,2646.2142508370534,2674.9466552734375,2644.46451596517,56.502757858921214,-7.493475417838454,-8.559925982078216,0.003719324904679633,0.012743441640431877,18.699951171875,34.099853515625,1
2024-12-04,2653.800048828125,2658.300048828125,2637.0,2639.199951171875,249,2638.1999860491073,2671.9333251953126,2645.7092536802306,60.94124379951787,-6.090735617928658,-8.066087909248305,0.0034408809408483787,0.012502450351661684,21.300048828125,26.699951171875,0
2024-12-05,2626.60009765625,2655.0,2625.699951171875,2652.39990234375,573,2639.5999930245534,2669.0066650390627,2643.161366210367,58.386007276541534,-7.092109536349199,-7.871292234668484,-0.010249435025779796,0.01281045365681375,29.300048828125,-21.599853515625,1
2024-12-06,2638.60009765625,2643.10009765625,2617.5,2620.199951171875,571,2642.214285714286,2665.796671549479,2642.553197069818,60.190125305517086,-6.838575033273173,-7.664748794389422,0.004568643704349062,0.012807631291127603,25.60009765625,-33.5,1
2024-12-09,2664.89990234375,2677.10009765625,2630.800048828125,2632.10009765625,935,2645.785714285714,2663.2633382161457,2645.532757773009,58.00646818608562,-4.464014293304444,-7.024601894172426,0.009967332568076914,0.012256367866510123,46.300048828125,-45.0,1
2024-12-10,2697.60009765625,2698.199951171875,2661.0,2662.300048828125,437,2651.5857282366073,2661.7533447265623,2652.4750697574414,59.921198811523055,0.05583108964310668,-5.60851529740932,0.012270703032313035,0.012534816179809005,37.199951171875,80.800048828125,1
2024-12-11,2733.800048828125,2733.800048828125,2693.10009765625,2701.800048828125,3387,2665.7143205915177,2660.6000162760415,2663.3184003001993,61.55509182300063,6.484129633131943,-3.1899863113010674,0.013419317119437668,0.01281489659307535,40.699951171875,113.5,0
2024-12-12,2687.5,2725.10009765625,2677.39990234375,2725.10009765625,2365,2671.82861328125,2657.233349609375,2666.5426135935063,51.96027367630716,7.753201467147392,-1.0013487556113754,-0.016936150413770057,0.013627598423437987,47.7001953125,47.60009765625,0
2024-12-18,2636.5,2647.10009765625,2590.199951171875,2644.300048828125,566,2672.4571358816966,2645.0666666666666,2657.546657193835,49.413405985735736,0.3353907762993913,1.2579506951181536,-0.0029874083480143643,0.00934717545615427,56.900146484375,-17.300048828125,0
2024-12-19,2592.199951171875,2610.300048828125,2582.10009765625,2582.10009765625,238,2657.399972098214,2642.553328450521,2648.833763057574,39.779179980792236,-4.908039322683635,0.024752691557796025,-0.016802597696994104,0.010133980879907164,28.199951171875,-34.400146484375,1
2024-12-20,2628.699951171875,2631.60009765625,2604.89990234375,2605.300048828125,592,2642.385672433036,2640.2299967447916,2646.1492548061474,49.06458231270466,-6.04852684385105,-1.1899032155239733,0.014080703914641779,0.01076000638282448,26.7001953125,-9.900146484375,0
2024-12-24,2620.0,2620.0,2609.5,2613.0,35,2626.4999651227677,2638.016666666667,2638.7512236967564,44.97919436459945,-9.144971703234205,-3.8995558282173834,0.002947575327470142,0.010801903331093115,10.5,-77.60009765625,1
2024-12-26,2638.800048828125,2638.800048828125,2627.89990234375,2628.5,84,2624.6999860491073,2639.3100016276044,2638.757733714272,51.858615628721715,-8.295974394697623,-4.778839541513432,0.007175591155772931,0.010639579278782342,10.900146484375,-95.0,0
2024-12-27,2617.199951171875,2617.699951171875,2616.39990234375,2617.699951171875,642,2620.814278738839,2640.523331705729,2635.883362708619,46.832424009615295,-9.259349257798931,-5.674941484770532,-0.008185575737669981,0.010798532871436744,1.300048828125,-70.300048828125,0
2024-12-30,2606.10009765625,2626.89990234375,2597.0,2620.699951171875,794,2616.471435546875,2641.786669921875,2631.9122607016366,40.886579837592805,-10.794068883893488,-6.698766964595123,-0.0042411178827413964,0.010396534065487009,29.89990234375,-49.89990234375,1
2024-12-31,2629.199951171875,2629.199951171875,2604.89990234375,2608.39990234375,401,2621.757149832589,2643.9033365885416,2631.550619431002,39.07345050532468,-10.030751855981634,-7.365163942872425,0.008863762959987476,0.010083503949188034,24.300048828125,-22.199951171875,1
2025-01-02,2658.89990234375,2663.10009765625,2633.0,2633.0,1728,2626.0714285714284,2645.513330078125,2635.197190486035,37.78136930739679,-6.94917401292696,-7.281965956883333,0.011296193413755873,0.009850512390999076,30.10009765625,14.5,0
2025-01-06,2638.39990234375,2647.0,2617.300048828125,2645.5,960,2633.371407645089,2645.7833251953125,2636.756987833122,46.468676093980534,-4.942667439697743,-6.539305884399834,-0.002495311023156921,0.00841505132482477,29.699951171875,46.199951171875,1
2025-01-08,2664.5,2676.89990234375,2653.5,2655.5,999,2642.6856863839284,2643.756656901042,2642.7605763300726,53.81117178371913,-0.7140683716725107,-4.798264723067157,0.002935991633034929,0.008617628202929488,23.39990234375,52.199951171875,1
2025-01-09,2683.800048828125,2686.300048828125,2667.89990234375,2669.699951171875,1139,2653.7856794084823,2645.989990234375,2648.2325059964796,58.59688731630649,2.577124949221343,-3.323186788609457,0.007243403575952323,0.0087253626435233,18.400146484375,63.800048828125,1
2025-01-10,2708.5,2720.10009765625,2683.699951171875,2686.10009765625,403,2665.1142578125,2648.9299886067706,2656.268171863616,72.75932680188853,7.096692744837583,-1.2392108819200494,0.009203349997202626,0.007210243092996023,36.400146484375,69.699951171875,0
2025-01-14,2677.5,2688.300048828125,2670.800048828125,2673.60009765625,794,2671.842843191964,2650.7333251953123,2661.090315755338,63.493375559447166,8.518789507666497,2.153025798074565,0.0014961660744343686,0.007355158544094718,17.5,71.39990234375,1
2025-01-15,2712.5,2712.5,2690.800048828125,2690.800048828125,930,2682.4285714285716,2653.3199951171873,2667.944940321293,67.19970873804037,11.804489762040248,4.083318590867702,0.013071895424836555,0.007951522824863342,21.699951171875,83.300048828125,1
2025-01-17,2744.300048828125,2751.60009765625,2725.5,2736.0,1214,2706.6428571428573,2659.72666015625,2687.191528178132,74.02652784315897,20.61804885022957,9.448693341366315,-0.0007645840337501264,0.007768984333770695,26.10009765625,99.300048828125,1
2025-01-21,2755.0,2755.0,2724.800048828125,2746.0,1439,2716.814278738839,2664.006656901042,2696.2326577543813,78.19010272225057,24.111646949865644,12.381284063066182,0.0038989727732010593,0.007449473947009975,30.199951171875,116.60009765625,1
2025-01-23,2763.10009765625,2765.0,2745.39990234375,2760.0,2201,2738.0571637834823,2671.5799967447915,2713.3952205744017,72.81091065347195,29.622598369051502,18.261206410185537,-0.0016259574509376318,0.007100601383523503,19.60009765625,98.60009765625,1
2025-01-24,2777.300048828125,2792.0,2759.800048828125,2759.800048828125,1593,2752.3143136160716,2674.2366617838543,2721.915864341565,78.92437190087057,32.01876626663943,21.01271838147632,0.005139137443453512,0.006733117260012838,32.199951171875,93.5,0
2025-01-27,2737.5,2762.199951171875,2737.5,2761.10009765625,984,2755.8857421875,2674.3599934895833,2723.993749096023,68.91946059723587,30.356286892230855,22.881432083627224,-0.014330482169155112,0.008141292792770604,24.699951171875,29.0,1
2025-01-29,2769.10009765625,2769.10009765625,2769.10009765625,2769.10009765625,125692,2762.3429129464284,2680.773331705729,2734.954434650874,69.55873894108302,31.414563730050304,25.894254848000635,0.0008313028724642457,0.008371659799976599,0.0,91.60009765625,1
2025-01-30,2823.0,2829.5,2770.0,2772.5,40141,2772.057198660714,2686.4933349609373,2746.693843364091,73.0463681627433,35.64568934447334,27.844541747295175,0.019464772107505413,0.009441012985411069,59.5,110.5,0
2025-01-31,2812.5,2838.0,2804.0,2829.0,3443,2778.4714704241073,2692.096671549479,2755.4679975822123,68.0681151109407,37.716848280622344,29.81900305396061,-0.0037194473963868546,0.009488934411614754,34.0,66.10009765625,1
2025-02-03,2833.89990234375,2848.39990234375,2780.89990234375,2818.199951171875,2649,2788.5857282366073,2698.6766682942707,2765.9255848837506,79.2487370027477,40.61684423487759,31.97857129014401,0.007608854166666568,0.008407611699255583,67.5,89.599853515625,1
2025-02-04,2853.300048828125,2853.300048828125,2816.10009765625,2827.60009765625,2187,2799.44287109375,2707.3800048828125,2777.575513409667,80.35223372767348,43.97364085038498,34.37758520219221,0.006845741611526401,0.008396674327757238,37.199951171875,98.300048828125,1
2025-02-05,2871.60009765625,2880.5,2848.0,2850.0,4519,2818.600027901786,2715.4766764322917,2790.112124642545,79.14990007139036,47.56231855138367,37.0145318720305,0.006413643330515084,0.008060865372547774,32.5,104.0,0
2025-02-06,2856.0,2871.699951171875,2836.300048828125,2865.199951171875,3116,2831.3428780691966,2723.6000081380207,2798.897174690206,71.52397007408601,48.58748766589633,39.32912303080367,-0.005432545314712378,0.008050047530390275,35.39990234375,92.89990234375,1
2025-02-07,2867.300048828125,2889.5,2857.800048828125,2859.89990234375,1822,2845.3714425223216,2731.8433430989585,2808.0175579085953,73.31309010611498,49.7384076744861,41.41097995954016,0.003956599729735721,0.007986564980263592,31.699951171875,90.0,1
2025-02-12,2909.0,2912.300048828125,2868.60009765625,2902.0,2504,2883.4286063058034,2760.9666748046875,2844.19940480862,75.30346064538419,57.25905036877111,48.54600357918805,-0.001201716738197467,0.008804598343284658,43.699951171875,139.89990234375,1
2025-02-13,2925.89990234375,2937.699951171875,2910.60009765625,2911.300048828125,4670,2893.8000139508927,2770.8566731770834,2855.0928044799707,75.53259945785724,58.73308984048754,50.58342083144795,0.005809522978257098,0.00881473854129821,27.099853515625,102.89990234375,0
2025-02-14,2883.60009765625,2944.39990234375,2874.800048828125,2937.300048828125,1992,2895.5142996651784,2778.3466796875,2858.8937769034746,74.88928409816866,55.84429771544501,51.635596208247364,-0.014457023855674711,0.008834764292574942,69.599853515625,71.10009765625,1
2025-02-18,2931.60009765625,2936.39990234375,2873.800048828125,2879.199951171875,4010,2906.3143136160716,2787.9000162760417,2868.5879530038446,76.39334955203081,56.773656617870984,52.66320829017209,0.01664585877875835,0.009323423484957686,62.599853515625,97.7001953125,0
2025-02-19,2919.39990234375,2946.0,2917.10009765625,2938.699951171875,2630,2913.757149832589,2797.2666829427085,2875.362879582499,73.33122619042206,55.88155862056465,53.30687835625061,-0.004161616491367259,0.0095540690678706,28.89990234375,66.099853515625,1
2025-02-21,2937.60009765625,2940.0,2917.300048828125,2938.800048828125,570,2921.0142996651784,2815.8133544921875,2891.130353685022,72.28357866245473,55.59828715325921,54.22631673031119,-0.0008162933142006334,0.00836957182294283,22.699951171875,81.60009765625,1
2025-02-24,2947.89990234375,2957.89990234375,2933.10009765625,2933.10009765625,415,2926.5714285714284,2824.6166829427084,2898.699626839519,71.14242557607568,55.32343208308657,54.44573980086627,0.0035061970129008913,0.008272546739018857,24.7998046875,80.599853515625,0
2025-02-25,2904.5,2943.199951171875,2890.0,2938.699951171875,1854,2923.5142996651784,2831.1500162760417,2899.473009927583,58.71934208392754,51.01552285728894,53.7596964121508,-0.014722312080286182,0.009402813216842896,53.199951171875,-9.800048828125,1
2025-02-26,2916.800048828125,2917.0,2913.0,2913.5,2050,2928.257149832589,2839.260017903646,2901.7832817809885,57.85813181393352,48.040207297927736,52.615798589306195,0.004234824867662246,0.009329628287695707,4.0,4.300048828125,0
2025-02-27,2883.199951171875,2922.800048828125,2870.39990234375,2918.5,3215,2921.342843191964,2846.1166829427084,2899.30550436644,54.4502559243675,42.48130318855101,50.58889950915516,-0.011519506683274172,0.009790754597018076,52.400146484375,-25.800048828125,0
2025-02-28,2836.800048828125,2877.10009765625,2834.10009765625,2877.10009765625,990,2909.5428641183034,2850.260017903646,2890.971443627998,45.52391748942677,33.940502309754265,47.25922006927499,-0.016093196146486743,0.0107048901430705,43.0,-89.099853515625,1
2025-03-03,2890.199951171875,2891.800048828125,2863.39990234375,2872.699951171875,423,2902.4285714285716,2855.0533528645833,2890.8685779671814,46.52836001463017,31.12202656820682,44.031781369061356,0.018823992323959926,0.011018926644785213,28.400146484375,6.599853515625,1
2025-03-06,2916.60009765625,2918.60009765625,2903.800048828125,2904.0,870,2895.5000348772323,2870.873356119792,2898.9985664562937,48.67637206690555,28.655515187202127,36.836700742733605,0.0004459399740508463,0.011078597628263749,14.800048828125,-23.39990234375,0
2025-03-07,2904.699951171875,2927.300048828125,2900.5,2900.89990234375,531,2893.7714494977677,2875.5933512369793,2899.758751085038,53.28760422000187,26.77843636722264,34.82504786763141,-0.00408014334702167,0.010373954371524278,26.800048828125,-32.900146484375,0
2025-03-10,2891.0,2915.10009765625,2880.199951171875,2910.10009765625,55,2894.8857421875,2879.383349609375,2898.590917607033,42.91694280841698,23.90974960432868,32.641988214970866,-0.0047164772273115,0.009347966355935275,34.900146484375,-56.89990234375,1
2025-03-11,2912.89990234375,2916.699951171875,2880.39990234375,2884.39990234375,197,2905.757149832589,2885.230013020833,2900.4987822385956,48.903137987746,23.13672797302388,30.74093616658147,0.007575199703822255,0.009562113245828195,36.300048828125,8.39990234375,1
2025-03-12,2939.10009765625,2939.10009765625,2910.0,2912.0,213,2912.7428850446427,2890.973347981771,2905.6456242942827,49.850960146597636,24.357461899659484,29.464241313197075,0.008994540214519287,0.009687172102241886,29.10009765625,22.300048828125,1
2025-03-13,2984.300048828125,2988.0,2935.199951171875,2937.10009765625,2366,2923.414306640625,2898.1466796875,2916.1328808987955,56.77400025922681,28.641993566435758,29.299791763844812,0.015378840349098422,0.010511316836095005,52.800048828125,101.10009765625,1
2025-03-17,3000.0,3001.5,2989.0,2991.0,214,2946.6428571428573,2910.113346354167,2936.370919430651,65.56894998105463,35.56637609783502,31.062915901124786,0.0018367006177992806,0.009463114890107293,12.5,109.800048828125,1
2025-03-20,3040.0,3047.300048828125,3034.39990234375,3047.300048828125,185,3004.128592354911,2928.520011393229,2971.5768014551163,89.93707432561469,46.214455831383475,37.314238083738275,0.0013505378267197887,0.0069300574875653135,12.900146484375,123.39990234375,0
2025-03-24,3013.10009765625,3024.300048828125,3006.0,3024.300048828125,137,3019.5428641183034,2938.7866780598956,2982.500804915871,74.82014388489208,44.69443033095922,40.16135311457134,-0.0016897003505831343,0.00642718508196608,18.300048828125,122.10009765625,1
2025-03-26,3020.89990234375,3033.199951171875,3019.5,3033.199951171875,83,3026.6999860491073,2946.046671549479,2992.381474806949,74.26706656214853,42.906723836638776,41.34046407894577,-0.000926033956193284,0.006476381265731479,13.699951171875,81.7998046875,1
2025-03-27,3060.199951171875,3065.0,3025.5,3025.5,124359,3030.2856794084823,2951.086669921875,3001.4239383222725,82.08834612981883,44.61862023578897,41.996095310314416,0.013009384653107636,0.006739383967472238,39.5,75.89990234375,1
2025-03-28,3086.5,3094.89990234375,3066.800048828125,3069.699951171875,31206,3037.5142647879466,2956.440006510417,3012.7674132126363,88.34838660243088,47.54938489678807,43.10675322760915,0.008594225621777918,0.006382080212358848,28.099853515625,92.0,1
2025-04-01,3118.89990234375,3149.5,3104.0,3129.699951171875,1721,3063.7285505022323,2970.6566650390623,3039.633294101241,86.39672159665992,54.93663094176918,46.92755626913372,-0.0012489260994595908,0.00671085485744597,45.5,83.7998046875,1
2025-04-02,3139.89990234375,3168.60009765625,3117.39990234375,3120.699951171875,5946,3081.8428083147323,2978.0066650390627,3053.002175200242,84.91916952757484,58.130320640485024,49.16810914340398,0.006733143306144385,0.005966583848174222,51.2001953125,104.0,0
2025-04-03,3097.0,3166.89990234375,3052.0,3150.0,5516,3092.3142438616073,2983.239998372396,3058.86855184021,70.0587084148728,56.5478309509117,50.64405350490553,-0.013662824828182485,0.007553708748837887,114.89990234375,57.0,0
2025-04-04,3012.0,3127.699951171875,3011.0,3110.5,3247,3091.0428292410716,2985.7199951171874,3052.6194115948488,51.7910447761194,47.88294209496735,50.09183122291789,-0.02744591540200192,0.01099975909380876,116.699951171875,-6.199951171875,0
2025-04-07,2951.300048828125,3050.800048828125,2949.699951171875,3016.39990234375,4424,3075.4857003348216,2985.8333333333335,3039.1101632259524,38.380465492272606,35.70637560899331,47.21474010013298,-0.020152706232362205,0.011739071039118329,101.10009765625,-61.800048828125,1
2025-04-08,2968.39990234375,3014.5,2968.39990234375,2994.0,3213,3058.6142578125,2987.963330078125,3029.6821284416587,41.04536780452162,27.123511256738766,43.19649433145414,0.00579400712659317,0.011910489354365677,46.10009765625,-55.300048828125,1
2025-04-09,3056.5,3090.39990234375,2965.800048828125,2965.800048828125,2175,3049.142822265625,2992.6199951171875,3033.2578446494376,51.78997651291472,27.117873058670284,39.98077007689737,0.029679322380616213,0.014552430292780312,124.599853515625,35.60009765625,1
2025-04-10,3155.199951171875,3167.0,3072.10009765625,3073.89990234375,3456,3054.328543526786,3001.686661783854,3049.516792185763,62.73708160600828,34.67792045499209,38.920200152516315,0.0322918210933667,0.016629129923346638,94.89990234375,95.0,1
2025-04-11,3222.199951171875,3235.0,3182.10009765625,3182.10009765625,862,3066.085693359375,3014.5333251953125,3072.5412133839113,67.43370606475976,45.5505738799734,40.246274898007734,0.02123478734687345,0.01721784868683519,52.89990234375,135.699951171875,0
2025-04-14,3204.800048828125,3228.800048828125,3194.5,3215.5,263,3081.4857003348216,3025.0199951171876,3090.175724776473,64.92993385459604,52.16191328374862,42.629402575155915,-0.005400007016144959,0.017438117389369165,34.300048828125,82.0,1
2025-04-15,3218.699951171875,3218.699951171875,3214.0,3216.0,390,3111.0142647879466,3035.3233235677085,3107.31228829586,66.01360878748336,57.85612396331635,45.674746852788005,0.004337213595847489,0.017373296140096535,4.699951171875,99.800048828125,1
2025-04-16,3326.60009765625,3334.89990234375,3238.300048828125,3238.300048828125,1874,3164.6285574776784,3049.0333251953125,3136.5506628772455,69.41126241916977,70.26549018152218,50.592895518534846,0.03352289685936416,0.01892550589597429,96.599853515625,186.7001953125,0
2025-04-17,3308.699951171875,3345.0,3287.800048828125,3345.0,824,3213.242850167411,3062.1033203125,3159.5039013165297,66.39126107736678,77.75924986163,56.02616638715388,-0.005380913232397977,0.019153600926015545,57.199951171875,211.699951171875,1
2025-04-22,3400.800048828125,3485.60009765625,3361.699951171875,3422.199951171875,785,3298.285714285714,3095.8133219401043,3220.183820079138,69.03445235827392,99.05906360167046,70.15208906065521,-0.0015853157246075167,0.020190998348431386,123.900146484375,449.5,0
2025-04-23,3276.300048828125,3370.300048828125,3256.199951171875,3321.199951171875,331,3306.0142996651784,3107.92666015625,3227.6659839123363,58.080579735801585,94.68709580108634,75.05909040874144,-0.03660903264303972,0.02322837332007229,114.10009765625,307.900146484375,1
2025-04-24,3332.0,3353.89990234375,3304.89990234375,3305.39990234375,560,3324.185721261161,3121.0233235677083,3241.5771860573586,63.71382198702247,94.6260106285722,78.97247445270759,0.017000869988021305,0.02295067808167216,49.0,275.5,0
2025-04-25,3282.39990234375,3355.5,3266.10009765625,3355.5,162,3333.285714285714,3130.9599853515624,3247.020214895544,66.45969895858288,89.5430898327586,81.08659752871779,-0.014885983690351101,0.02178013223042248,89.39990234375,127.199951171875,1
2025-04-28,3332.5,3332.5,3284.5,3284.5,1300,3334.1285574776784,3142.2266520182293,3258.4175195761386,73.5076423418348,88.53689939456808,82.57665790188784,0.015263252238240987,0.020479307148873294,48.0,110.300048828125,0
2025-04-29,3318.800048828125,3340.0,3299.89990234375,3340.0,1278,3335.5714285714284,3152.8533203125,3266.468523476404,71.69928677930677,85.64673244045662,83.19067280960161,-0.0041110131048387455,0.02076432341868764,40.10009765625,114.0,0
2025-04-30,3305.0,3318.699951171875,3268.0,3318.699951171875,207,3321.1142926897323,3161.8499837239583,3271.60605367955,66.9485722887273,81.30546688680988,82.81363162504326,-0.004158144095784855,0.0200283362423443,50.699951171875,86.300048828125,0
2025-05-01,3210.0,3275.0,3198.60009765625,3272.89990234375,2131,3293.8571428571427,3167.6533203125,3263.3919131889434,53.75651479453733,69.39928485034216,80.13076227010303,-0.02874432677760963,0.02045312015306881,76.39990234375,-116.60009765625,1
2025-05-02,3231.89990234375,3257.0,3225.0,3239.89990234375,1349,3287.5142647879466,3174.049983723958,3259.1929784095846,50.708749852384656,61.02720526685198,76.31005086945282,0.006822399484034181,0.01972925036208962,32.0,-76.800048828125,1
2025-05-05,3311.300048828125,3315.699951171875,3239.699951171875,3242.699951171875,244,3284.55712890625,3183.8199869791665,3266.1405877987236,57.13519752058168,60.10633174843451,73.06930704524916,0.024567637885936522,0.02065598996951357,76.0,-94.89990234375,1
2025-05-06,3411.39990234375,3430.89990234375,3356.800048828125,3365.5,2357,3302.9857003348216,3197.096647135417,3285.508496404727,61.57356724686584,66.68505070535457,71.79245577727025,0.03022977442079,0.02194838356966966,74.099853515625,10.599853515625,0
2025-05-07,3381.39990234375,3418.699951171875,3364.699951171875,3418.699951171875,1080,3309.9714006696427,3209.019978841146,3298.2940171965965,53.63104940336646,68.68621170345023,71.17120696250625,-0.008794043752944014,0.020492646033922646,54.0,105.099853515625,0
2025-05-08,3296.60009765625,3390.0,3288.699951171875,3390.0,200,3306.799979073661,3218.2099853515624,3298.0681612578837,49.26355099747003,62.706667248784925,69.47829901976199,-0.025078312869389552,0.021635588408291564,101.300048828125,-35.39990234375,1
2025-05-09,3335.39990234375,3335.5,3299.0,3299.0,216,3311.142822265625,3227.3833170572916,3303.0457267359993,45.359197062373354,60.40237419243704,67.663114054297,0.011769642522029056,0.020251365402614196,36.5,53.0,0
2025-05-12,3220.0,3300.699951171875,3205.0,3300.699951171875,886,3312.5713936941966,3231.833317057292,3291.9729631712,39.642521777002266,48.70298002465779,63.871087248369165,-0.03459852063396052,0.022121800036168957,95.699951171875,-112.5,1
2025-05-13,3240.300048828125,3251.39990234375,3223.5,3232.0,2424,3313.771414620536,3235.7499837239584,3285.08324125879,47.6580784350597,40.60114541197845,59.217098881091026,0.0063043629901009535,0.020085391347335474,27.89990234375,-78.5,0
2025-05-14,3181.39990234375,3233.0,3171.699951171875,3233.0,3518,3295.2142508370534,3237.833317057292,3271.258796070118,40.243577625856766,29.09227589147349,53.19213428316752,-0.01817737419276233,0.019913690533316604,61.300048828125,-123.60009765625,1
2025-05-15,3220.699951171875,3228.10009765625,3125.0,3151.0,652,3267.9714006696427,3240.526652018229,3264.5176167503523,45.94878719939675,22.878866049544285,47.12948063644288,0.012353067842610033,0.020005476403682543,103.10009765625,10.699951171875,0
2025-05-16,3182.0,3228.10009765625,3173.89990234375,3227.699951171875,199,3239.4857003348216,3243.3599853515625,3253.5152678503055,39.967999041793924,14.662906495295374,40.63616580821338,-0.012016006383268829,0.019606491741373223,54.2001953125,-49.89990234375,1
2025-05-19,3228.89990234375,3241.0,3228.300048828125,3234.39990234375,266,3229.8142438616073,3250.589982096354,3250.233219116098,44.26144536442676,11.800105248074942,34.86895369618569,0.01473912707220304,0.02017203349470955,12.699951171875,-82.400146484375,1
2025-05-20,3280.300048828125,3293.199951171875,3207.5,3219.0,356,3221.9428362165177,3261.556648763021,3254.2421297443684,48.49555600827384,13.522992249739673,30.599761406896487,0.015918779782261305,0.02069604621893903,85.699951171875,-131.099853515625,1
2025-05-21,3309.300048828125,3317.5,3290.199951171875,3293.39990234375,979,3234.6999860491073,3272.919986979167,3261.5831856222026,56.577036282178696,17.032114632813773,27.886232052079947,0.008840654686561367,0.019104000634964813,27.300048828125,-72.099853515625,0
2025-05-22,3292.300048828125,3328.0,3282.699951171875,3327.300048828125,1210,3242.1285574776784,3280.779988606771,3265.6787673829926,54.02667774305915,18.231203512626053,25.95522634418917,-0.0051370379685032885,0.019155882545175227,45.300048828125,-4.300048828125,1
2025-05-23,3363.60009765625,3363.60009765625,3323.5,3328.0,47,3268.157156808036,3287.72666015625,3278.7349447527604,53.524738706228504,24.650650792071247,25.69431123376559,0.021656607165408293,0.01890025830196761,40.10009765625,28.2001953125,0
2025-05-28,3293.60009765625,3293.60009765625,3293.60009765625,3293.60009765625,127758,3295.300048828125,3293.25,3283.0702716976293,43.56117410977093,23.227936076009428,24.970572650599365,-0.0016671212867737095,0.017550541881485658,0.0,53.300048828125,1
2025-05-29,3317.10009765625,3328.800048828125,3242.39990234375,3283.699951171875,24370,3307.900076729911,3296.5300048828126,3287.607581825446,51.651893634165994,24.03404524025791,24.783267168531076,0.007135049581982633,0.016323236456102962,86.400146484375,135.7001953125,0
2025-05-30,3288.89990234375,3318.0,3270.89990234375,3315.10009765625,2213,3309.1286272321427,3295.273331705729,3287.7798912278868,46.18790209723027,22.14213176577732,24.255040087980326,-0.008501460457109866,0.016151285796800672,47.10009765625,68.199951171875,1
2025-06-02,3370.60009765625,3380.800048828125,3296.89990234375,3296.89990234375,976,3317.8857770647323,3297.336669921875,3298.822585418335,63.06837200512855,26.924925886018627,24.789017247587985,0.024841192416430236,0.014313951166565479,83.900146484375,188.60009765625,0
2025-06-03,3350.199951171875,3390.0,3331.300048828125,3385.10009765625,6410,3326.1571916852677,3295.470003255208,3305.6729008521406,59.53494302969505,28.737930381630576,25.578799874396505,-0.006052378179944973,0.014498560560932796,58.699951171875,121.300048828125,1
2025-06-04,3373.5,3380.0,3344.0,3355.0,207,3327.571463448661,3294.5600016276044,3314.7165140718553,67.76399618911731,31.68957107095912,26.80095411370903,0.006954823344193173,0.013245476531972696,36.0,93.199951171875,0
2025-06-05,3350.699951171875,3400.0,3343.699951171875,3371.5,731,3334.94287109375,3297.039998372396,3319.514305685191,62.399831216239754,31.82216804558584,27.805196900084393,-0.0067585738337409,0.013333754112392461,56.300048828125,41.39990234375,0
2025-06-09,3332.10009765625,3334.60009765625,3290.0,3315.60009765625,1887,3341.242850167411,3298.386669921875,3321.5605303153493,60.840334410422116,27.792699730595814,28.046632448710255,0.002829068715957783,0.012620694587908269,44.60009765625,-31.5,0
2025-06-11,3321.300048828125,3356.0,3321.300048828125,3328.0,2106,3338.771414620536,3298.0833333333335,3321.449460218112,51.47347316619261,23.22927465806697,26.656217699902506,0.0001204933891842952,0.011846851097622266,34.699951171875,27.699951171875,1
2025-06-12,3380.89990234375,3395.89990234375,3353.39990234375,3363.0,1818,3343.1571219308034,3300.613330078125,3329.376185834864,59.84878296338713,26.035297496694056,26.53203365926082,0.01794473628983151,0.012610022299157508,42.5,63.7998046875,1
2025-06-13,3431.199951171875,3444.0,3407.300048828125,3407.300048828125,499,3351.399972098214,3307.9866617838543,3342.9526878797988,57.88242675656425,31.94958939932394,27.615544807273444,0.014877710160320134,0.011906548237922062,36.699951171875,142.300048828125,0
2025-06-18,3389.800048828125,3391.89990234375,3365.10009765625,3385.300048828125,0,3375.299979073661,3315.260001627604,3359.5953429104293,59.48835730231248,33.33017115686516,30.437977438538816,0.0009448860448830754,0.010843686646921513,26.7998046875,16.300048828125,0
2025-06-23,3377.699951171875,3387.89990234375,3350.0,3365.89990234375,30,3390.0999930245534,3317.5200032552084,3362.992062338139,51.16582066061433,29.80856323451235,30.42203283522366,0.00285022809218316,0.008430270402290621,37.89990234375,55.0,0
2025-06-26,3333.5,3333.5,3332.39990234375,3332.39990234375,2058,3357.171456473214,3323.596671549479,3350.346301047412,47.26464008299535,16.18033745386265,24.922611748490354,0.0019235677184039623,0.00929495466473314,1.10009765625,12.199951171875,0
2025-06-27,3273.699951171875,3318.699951171875,3253.800048828125,3318.699951171875,284,3341.0428641183034,3326.67333984375,3340.1267877306736,42.92316979258637,8.790254860218738,21.696140370836034,-0.017939117692552853,0.010236798992188415,64.89990234375,-107.199951171875,1
2025-06-30,3294.39990234375,3306.89990234375,3262.0,3265.89990234375,1242,3327.4142717633927,3329.1300048828125,3334.0298696790837,44.72724541083916,4.551408421812994,18.267193981031426,0.006323105807074736,0.01037924800033324,44.89990234375,-136.800048828125,1
2025-07-01,3336.699951171875,3354.10009765625,3310.10009765625,3310.10009765625,371,3322.928536551339,3334.286669921875,3334.3858805447894,52.03294580339949,4.552869854686833,15.524329155762508,0.012839986061810915,0.010954434381583576,44.0,-59.699951171875,1
2025-07-02,3348.0,3357.5,3329.0,3329.0,39,3318.6856863839284,3338.2566731770835,3336.201096472151,53.34167302736393,5.403558691749367,13.50017506295988,0.00338659423786547,0.010982883307879594,28.5,-38.60009765625,0
2025-07-07,3332.199951171875,3333.300048828125,3299.199951171875,3305.5,254,3321.299979073661,3342.070003255208,3334.779146662066,38.21585320712813,3.6785101372365716,8.916202715752489,-9.003715772692988e-05,0.00844329647824835,34.10009765625,-45.5,0
2025-07-10,3317.39990234375,3330.5,3311.60009765625,3323.60009765625,209,3325.757149832589,3341.3933268229166,3327.0014161058325,40.724436233960674,-1.0640126803341445,4.461545353234669,0.0017513602235985637,0.008539868677868078,18.89990234375,-16.10009765625,1
2025-07-14,3351.5,3375.5,3350.0,3367.0,583,3329.742850167411,3344.77666015625,3333.6188414306034,56.91685550836714,3.0229033980776876,3.690049604240922,-0.001340882002383803,0.007675068038633147,25.5,57.10009765625,0
2025-07-15,3329.800048828125,3341.0,3329.800048828125,3341.0,210,3329.3571428571427,3343.4166585286457,3333.1096690836066,50.5222347624467,2.499138048860459,3.4518672931648293,-0.0064746982461211244,0.007879381230047153,11.199951171875,-6.89990234375,1
2025-07-16,3352.5,3352.89990234375,3329.5,3341.199951171875,10,3332.257149832589,3343.4933268229165,3335.695046539126,53.457062136853885,3.8711226915452244,3.5357183728409085,0.006817211495886655,0.00807329055062031,23.39990234375,4.5,0
2025-07-17,3340.10009765625,3340.800048828125,3313.800048828125,3313.800048828125,667,3336.9857352120534,3342.3799967447917,3336.282386688076,64.59987825158976,3.912758077149192,3.6111263137025653,-0.003698703159955241,0.006277366497579356,27.0,8.5,1
2025-07-18,3353.0,3353.0,3338.199951171875,3338.199951171875,602,3342.9000069754466,3342.4566650390625,3338.5114017963324,63.34248677013385,4.929840596686063,3.8748691702992653,0.0038621304651325072,0.0061639484860950096,14.800048828125,20.5,1
2025-07-21,3401.89990234375,3411.699951171875,3350.300048828125,3350.300048828125,53,3354.971435546875,3345.0966634114584,3346.9632018693214,64.4120481849688,9.571366511532233,5.0141686385458595,0.014583925542424714,0.006427567391860212,61.39990234375,69.699951171875,1
2025-07-22,3439.199951171875,3441.0,3395.60009765625,3411.0,39,3366.8571428571427,3348.6666585286457,3359.2614351096618,68.0809170104036,16.074316732968782,7.226198257430444,0.010964475704422494,0.006908593272558999,45.39990234375,132.199951171875,0
2025-07-23,3394.10009765625,3433.89990234375,3388.10009765625,3430.300048828125,63,3372.94287109375,3351.1066650390626,3363.9065901158733,61.12497870609545,17.388328543582247,9.258624314660805,-0.013113472364483347,0.007822819307722629,45.7998046875,82.5,0
2025-07-24,3371.0,3371.0,3367.0,3367.0,1175,3378.8285784040177,3352.763330078125,3364.8523781004237,56.35104744598453,16.376924553182107,10.682284362365067,-0.006805956510299027,0.008121330319703999,4.0,53.60009765625,0
2025-07-25,3334.0,3345.0,3326.5,3344.0,67,3376.185721261161,3351.2,3360.738727687034,50.26486921072352,12.446315448985843,11.035090579689221,-0.010975971521803629,0.008717637915490576,18.5,-22.0,0
2025-07-28,3309.10009765625,3326.800048828125,3309.10009765625,3326.60009765625,533,3371.757149832589,3347.1300048828125,3353.853577016263,50.30929317771593,7.238623052761341,10.275797074303647,-0.007468477007723462,0.008711332594438315,17.699951171875,-42.39990234375,1
2025-07-29,3323.39990234375,3323.39990234375,3323.39990234375,3323.39990234375,113144,3367.528564453125,3344.696671549479,3349.793087059928,51.68955198836624,4.216755901984925,9.063988839839903,0.00432135754902907,0.008780173963484744,0.0,-6.400146484375,0
2025-07-31,3293.199951171875,3312.0,3272.89990234375,3272.89990234375,3704,3331.5142996651784,3338.45,3336.0081400791787,40.626837890999354,-4.22095806709558,4.892672324688153,-0.0007889124393861691,0.008367784148990223,39.10009765625,-46.900146484375,1
2025-08-01,3347.699951171875,3360.60009765625,3281.0,3286.199951171875,3420,3324.8857073102677,3337.7699951171876,3337.5670482248715,49.506486226320696,-2.8184703348474613,3.3504437927810304,0.01654925325156964,0.009633912909367623,79.60009765625,-5.300048828125,1
2025-08-06,3380.0,3383.300048828125,3361.300048828125,3380.699951171875,1492,3342.3428083147323,3341.5733235677085,3352.0364248463093,55.47625270579089,5.864356730839063,3.5193893062433688,-0.0005617855047789222,0.009455481963474384,22.0,-14.10009765625,1
2025-08-07,3400.300048828125,3422.89990234375,3384.89990234375,3384.89990234375,5464,3353.328543526786,3343.7999918619794,3358.471574710551,56.362673819903165,9.19848006382199,4.655207457759094,0.006005931605954196,0.009524424879025621,38.0,29.300048828125,1
2025-08-08,3439.10009765625,3477.0,3402.5,3438.800048828125,7657,3373.799979073661,3349.313330078125,3369.222044436644,55.14383787316556,14.801019560979967,6.684369878403269,0.011410772070393316,0.009209971118512015,74.5,105.10009765625,0
2025-08-13,3358.699951171875,3363.39990234375,3358.699951171875,3358.800048828125,1011,3380.285714285714,3352.0333333333333,3363.856179133786,48.27294946814892,8.300439484466096,8.17829290970872,0.002926348685807545,0.01040848310859867,4.699951171875,62.89990234375,0
2025-08-18,3331.699951171875,3347.800048828125,3331.699951171875,3333.5,646,3357.528564453125,3352.2533284505207,3353.479877653442,51.34522564986068,0.731263969812062,5.483380942480685,-0.0012889834616681695,0.009860740770776998,16.10009765625,-42.699951171875,0
2025-08-19,3313.39990234375,3343.5,3313.39990234375,3330.199951171875,1655,3339.5713936941966,3352.466658528646,3348.135880945483,52.94114767140613,-2.473992532426564,3.891906247499236,-0.00549270615491293,0.009701007890249668,30.10009765625,-68.5,1
2025-08-21,3336.89990234375,3349.39990234375,3326.5,3349.39990234375,142,3336.471365792411,3354.176652018229,3346.09048182683,48.0617308725344,-3.123600455833639,1.4558795325922986,-0.0019441287880170854,0.008929981243746736,22.89990234375,-63.400146484375,1
2025-08-25,3373.800048828125,3378.0,3366.0,3366.0,1044,3344.228515625,3355.5333170572917,3353.056401575625,48.566398846793035,1.4512086278286915,1.136391765061767,-0.00017776598298513413,0.009176613547223203,12.0,20.699951171875,1
2025-08-26,3388.60009765625,3396.5,3371.10009765625,3378.89990234375,905,3351.7428152901784,3357.4933186848957,3357.7955610530416,51.45566795596548,4.171510652890447,1.743415542627503,0.00438675932596122,0.009253760774013608,25.39990234375,39.7001953125,1
2025-08-27,3404.60009765625,3404.60009765625,3382.0,3397.0,3222,3362.1571219308034,3359.229988606771,3364.0361659334694,50.73858532792886,7.531616106681213,2.9010556554382454,0.004721713846100206,0.009198209956096902,22.60009765625,45.900146484375,1
2025-08-28,3431.800048828125,3434.60009765625,3400.0,3409.0,1035,3379.0714285714284,3362.286653645833,3373.071350319424,48.694089006868246,12.248143651348528,4.770473254620303,0.007989176523433672,0.008916559901540897,34.60009765625,96.60009765625,1
2025-08-29,3473.699951171875,3475.60009765625,3426.60009765625,3432.5,0,3397.685721261161,3366.3099853515623,3386.488497099751,75.61592575806446,19.146291132269198,7.645636830150082,0.012209307578411543,0.005992949617489136,49.0,137.699951171875,1
2025-09-02,3549.39990234375,3559.199951171875,3485.699951171875,3485.699951171875,658,3428.0428641183034,3371.2266520182293,3408.210017798951,82.66537370471784,30.371373826105355,12.190784229341137,0.02179231143620708,0.007771062758725075,73.5,217.699951171875,1
2025-09-03,3593.199951171875,3593.699951171875,3553.199951171875,3554.800048828125,72,3459.3000139508927,3376.3599853515625,3432.8753422486743,84.39426036613227,42.313862751143006,18.215399933701512,0.012340127918300414,0.008055403815587782,40.5,279.800048828125,0
2025-09-04,3565.800048828125,3573.60009765625,3549.89990234375,3549.89990234375,237,3486.728585379464,3382.083317057292,3450.598636459268,83.4397082772782,49.00255716070342,24.372831379101896,-0.007625487786955487,0.008128029483099132,23.7001953125,222.400146484375,1
2025-09-05,3613.199951171875,3613.199951171875,3567.800048828125,3567.800048828125,925,3518.814278738839,3390.1566487630207,3472.2788117542827,85.41136857968542,57.465742344781575,30.991413572237832,0.01329292211977151,0.008309199045353833,45.39990234375,276.300048828125,1
2025-09-11,3636.89990234375,3636.89990234375,3618.39990234375,3632.89990234375,307,3619.157156808036,3433.4766520182293,3545.5453458031334,90.60639947338575,76.791307395687,55.91099572598256,-0.001838894261971813,0.007637986436288245,18.5,232.2998046875,1
2025-09-12,3649.39990234375,3656.800048828125,3643.0,3655.5,1300,3627.185721261161,3445.3499837239583,3559.392620008549,89.92451770870697,78.18006169613864,60.36480892001378,0.00343699313581447,0.007525517898678766,13.800048828125,217.599853515625,1
2025-09-17,3681.800048828125,3685.199951171875,3661.60009765625,3669.0,183,3660.871407645089,3476.979988606771,3602.9778232715835,88.54283427284966,82.7222215908082,71.0679548754204,-0.0019246533393638687,0.007760855165586339,23.599853515625,88.60009765625,0
2025-09-18,3643.699951171875,3667.39990234375,3637.0,3654.60009765625,80,3660.928536551339,3485.769986979167,3608.4074403249556,78.59647804908907,78.67174393119467,72.58871268657526,-0.010348225637178965,0.008809452073963258,30.39990234375,77.89990234375,1
2025-09-19,3671.5,3685.89990234375,3658.199951171875,3659.0,211,3664.914236886161,3494.8099853515623,3616.819781614962,77.74971486112966,76.81941639577917,73.43485342841605,0.007629620770278844,0.008576087173710846,27.699951171875,58.300048828125,1
2025-09-22,3740.699951171875,3748.199951171875,3688.0,3688.199951171875,410,3679.7428152901784,3504.863313802083,3633.3371375558836,77.33637735654216,80.01295170914136,74.75047308456112,0.01884786903768898,0.00813066120472428,60.199951171875,102.599853515625,1
2025-09-23,3780.60009765625,3786.0,3740.0,3747.0,627,3698.4857003348216,3519.113313802083,3652.9721989025993,77.08092691521482,84.78609844959874,76.75759815756865,0.010666492101799152,0.00800659083848961,46.0,137.300048828125,0
2025-09-25,3736.89990234375,3756.0,3724.699951171875,3742.800048828125,1899,3712.471435546875,3544.4933186848957,3673.306227661841,69.06007058630571,82.26140900112159,78.96763648004793,0.0012860868041868478,0.008179873873261237,31.300048828125,100.0,1
2025-09-26,3775.300048828125,3775.300048828125,3775.300048828125,3775.300048828125,19308,3725.8285784040177,3559.163321940104,3686.905403817346,70.2958361051942,83.26750033515327,79.82760925106899,0.010275936601965352,0.008369421679153628,0.0,125.900146484375,1
2025-09-29,3820.89990234375,3827.60009765625,3754.800048828125,3754.800048828125,8860,3751.1428571428573,3575.326652018229,3704.7713369542,73.46720200370727,86.74442630083922,81.21097266102304,0.012078471360118748,0.008723434983222401,72.800048828125,138.699951171875,1
2025-09-30,3840.800048828125,3865.5,3793.39990234375,3827.5,1611,3775.3285784040177,3592.2966552734374,3722.90849853739,74.77384801580656,90.06744919805533,82.9822679684295,0.005208235492420998,0.008679092429984436,72.10009765625,151.900146484375,1
2025-10-01,3867.5,3891.89990234375,3853.300048828125,3863.5,1778,3793.44287109375,3610.7666585286456,3742.1873653990715,77.58374373878588,93.77445812328233,85.14070599940007,0.006951663932628138,0.008556335222456728,38.599853515625,185.699951171875,0
2025-10-02,3839.699951171875,3888.60009765625,3823.699951171875,3856.199951171875,3418,3801.8857073102677,3627.309993489583,3755.189043502112,71.9593846507516,93.39248733911336,86.79106226734274,-0.007188118636877849,0.009105256929316618,64.900146484375,196.0,1
2025-10-03,3880.800048828125,3886.800048828125,3853.699951171875,3855.199951171875,392,3823.1285574776784,3645.4399983723956,3771.93717754558,72.486419127883,95.30756089857778,88.49436199358976,0.010703986816393396,0.009193399393516434,33.10009765625,209.300048828125,1
2025-10-06,3948.5,3960.0,3926.800048828125,3931.300048828125,1267,3853.3571428571427,3664.576668294271,3795.4788872061695,75.8257110242149,101.12241451131604,91.01997249713502,0.01744484392910639,0.009859047137253161,33.199951171875,207.800048828125,1
2025-10-07,3976.60009765625,3981.5,3940.0,3959.39990234375,2903,3882.1142926897323,3684.6700032552085,3819.6283819328473,78.15124679029425,106.76742254502733,94.16946250671349,0.007116651299544197,0.009670917246239294,41.5,196.0,1
2025-10-08,4043.300048828125,4049.199951171875,3987.199951171875,3987.199951171875,2179,3913.8857421875,3706.4933349609373,3849.451270852218,86.18253860179361,115.29422069859675,98.39441414509015,0.016773110077421993,0.008926835902667133,62.0,311.199951171875,0
2025-10-09,3946.300048828125,4046.199951171875,3940.0,4011.199951171875,3130,3928.9571707589284,3724.55,3862.3644412490057,72.11136015841242,112.9229745716375,101.30012623039963,-0.02399030465921359,0.012266286811701992,106.199951171875,209.400146484375,1
2025-10-10,3975.89990234375,4012.0,3945.5,3957.0,1697,3944.44287109375,3742.686661783854,3877.502502728305,70.21312576766023,112.13953102530513,103.46800718938073,0.007500659643053353,0.011657682990851112,66.5,200.599853515625,1
2025-10-13,4108.60009765625,4111.0,4016.0,4016.0,1697,3982.857177734375,3763.85,3908.3155153853645,74.31069911934226,120.83354917176439,106.94111558585746,0.033376140891845596,0.013947527715788879,95.0,287.7001953125,1
2025-10-14,4138.7001953125,4160.10009765625,4085.800048828125,4131.7001953125,2424,4019.7000558035716,3783.493343098958,3939.0334727089826,80.98140632696827,128.66922873861404,111.28673821640878,0.007326120075161535,0.012845593272500158,74.300048828125,297.900146484375,1
2025-10-15,4176.89990234375,4210.60009765625,4145.0,4145.0,3287,4052.32861328125,3802.9500081380206,3970.7489966602852,81.9025476863643,136.38924800586256,116.30724017429955,0.009229880210824382,0.012725346413788021,65.60009765625,309.39990234375,1
2025-10-16,4280.2001953125,4307.0,4196.60009765625,4198.7998046875,4705,4095.7000558035716,3826.7633463541665,4012.0091564805807,83.45924341346341,149.1238819363325,122.87056852670614,0.024731330743833713,0.013483073732705896,110.39990234375,440.500244140625,0
2025-10-17,4189.89990234375,4358.0,4182.2001953125,4354.7001953125,4060,4116.64289202009,3845.986678059896,4035.72792259567,73.08556583940376,150.1982996001757,128.33611474140005,-0.021097212477968474,0.01565750239879028,175.7998046875,309.099853515625,1
2025-10-20,4336.39990234375,4356.60009765625,4214.60009765625,4244.10009765625,1750,4172.371442522322,3869.2633382161457,4075.817519895414,76.76601674173982,161.0150279738391,134.87189738788788,0.03496503577998378,0.017363235285579894,142.0,387.89990234375,0
2025-10-21,4087.699951171875,4332.7001953125,4087.699951171875,4332.7001953125,2943,4188.342878069197,3884.076668294271,4077.401844065609,59.59225684483592,147.81543127312625,137.46060416493557,-0.057351710352510854,0.024810760537935635,245.000244140625,111.099853515625,0
2025-10-22,4044.39990234375,4148.5,4006.0,4109.7001953125,1237,4179.171421595982,3897.436661783854,4073.001585169361,58.79824020714902,132.3352256179237,136.4355284555332,-0.010592765943036375,0.02494783592601015,142.5,1.099853515625,1
2025-10-24,4118.39990234375,4120.60009765625,4074.89990234375,4117.5,123,4168.92853655134,3929.3566650390626,4085.121177617487,57.43413847489009,117.56035906317402,130.85773627767517,-0.001721027186098678,0.025037108670429735,45.7001953125,142.5,0
2025-10-27,4001.89990234375,4078.60009765625,3971.300048828125,4060.0,220,4129.171351841518,3940.013330078125,4074.0250075809886,51.02752792811945,100.9665636441382,124.87950175096779,-0.028287685208447266,0.026375132223640158,107.300048828125,-106.7001953125,0
2025-10-28,3966.199951171875,3966.199951171875,3923.60009765625,3929.699951171875,219,4097.214215959822,3949.2566650390627,4059.648333393107,46.78776518569814,83.96725131472567,116.69705166371938,-0.008920750654199727,0.02606879434294438,42.599853515625,-172.500244140625,1
2025-10-29,3983.699951171875,3983.699951171875,3983.699951171875,3983.699951171875,1344,4046.8285086495534,3959.3199951171873,4049.521882430276,51.66874365465646,71.08782141202619,107.57520561338075,0.0044122838524138785,0.025238626553534104,0.0,-193.199951171875,1
2025-10-30,4001.300048828125,4027.199951171875,3913.699951171875,3960.0,935,4034.485665457589,3971.239998372396,4043.0923046166563,51.14559478016019,61.590978749588885,98.37836024062238,0.00441802793181556,0.025190698771009483,113.5,-278.900146484375,0
2025-10-31,3982.199951171875,4034.5,3976.60009765625,4034.5,559,4025.5999581473216,3981.5966634114584,4034.973324157352,43.648238520553065,51.924886494479324,89.08766549139378,-0.004773472977074977,0.02338923585067854,57.89990234375,-207.699951171875,1
2025-11-03,4000.300048828125,4020.0,3959.0,3976.199951171875,0,4007.7142508370534,3990.25,4030.350220780122,42.96032332837684,45.203883127647714,80.31090901864457,0.004545250835765735,0.02331588951148212,61.0,-336.099853515625,0
2025-11-04,3947.699951171875,3995.39990234375,3927.39990234375,3994.199951171875,657,3983.328543526786,3995.8199951171873,4019.330184832356,38.51014171351082,35.22697659555524,71.29412253402671,-0.013149038075696118,0.023241169414797362,68.0,-140.0,1
2025-11-06,3979.89990234375,4007.5,3979.89990234375,4004.0,650,3982.1999860491073,4012.193326822917,4009.5626647844974,37.452210567591415,24.8388905078491,55.33352732298562,-0.00010053173867952125,0.0216014362251934,27.60009765625,-145.60009765625,1
2025-11-07,3999.39990234375,3999.39990234375,3980.800048828125,3980.800048828125,245,3984.4428362165177,4019.663321940104,4008.2076297923977,26.260944697290725,22.37376982622027,48.74157582363255,0.004899620713705977,0.018802114468434078,18.599853515625,-119.0,1
2025-11-11,4106.7998046875,4140.10009765625,4106.7998046875,4140.10009765625,569,4018.028494698661,4038.2266438802085,4033.3239044329566,55.82957984327943,33.73470922169963,42.60615992491228,-0.0012160125097286922,0.013599218413662897,33.30029296875,140.599853515625,1
2025-11-12,4204.39990234375,4204.39990234375,4102.89990234375,4115.60009765625,396,4047.185616629464,4049.456640625,4056.134037487729,57.15060762928551,44.72505470166425,43.02993888026268,0.023765487069725033,0.014025123929254308,101.5,220.699951171875,0
2025-11-13,4186.89990234375,4228.7001953125,4163.7001953125,4228.7001953125,167,4081.3570382254466,4061.0299723307294,4073.5694861351985,56.09321549503032,51.430025608170126,44.70995622584417,-0.004162306252134762,0.014082578660219173,65.0,185.599853515625,0
2025-11-14,4087.60009765625,4197.89990234375,4047.0,4197.7001953125,483,4096.685616629465,4067.923307291667,4075.440234338005,57.86384050984089,48.17575884351663,45.40311674937867,-0.02371678497303309,0.013380034076809792,150.89990234375,105.400146484375,0
2025-11-18,4061.300048828125,4063.39990234375,4035.60009765625,4037.39990234375,1375,4118.157087053572,4074.7399739583334,4072.7297881666573,57.49034985601372,38.84898362331887,43.79379194169431,-0.0017206203859069236,0.013183457350340363,27.7998046875,113.60009765625,1
2025-11-19,4077.699951171875,4122.7001953125,4072.0,4086.10009765625,486,4113.285679408482,4075.8866373697915,4073.3924765673532,57.39162722846694,36.041173003916356,42.24326815413872,0.004038091780114161,0.013177287877504133,50.7001953125,97.39990234375,0
2025-11-20,4056.5,4090.39990234375,4040.199951171875,4045.0,202,4106.099993024553,4079.5599690755207,4071.140146358373,57.15937828612295,31.739431564702954,40.14250083625157,-0.005198997333235034,0.013193183963576252,50.199951171875,76.60009765625,1
2025-11-21,4076.699951171875,4085.199951171875,4031.800048828125,4031.800048828125,171,4087.8571428571427,4082.919970703125,4071.8814536668397,57.33204437080135,29.618810512765776,38.03776277155441,0.0049796502334216175,0.013201653798396778,53.39990234375,77.300048828125,1
2025-11-24,4091.89990234375,4091.89990234375,4060.5,4060.5,591,4074.285714285714,4082.3632975260416,4074.5505801570944,64.90901518306765,28.832350687919188,36.196680354827365,0.003728493966671742,0.01252069507810421,31.39990234375,-19.89990234375,1
2025-11-25,4139.2001953125,4139.2001953125,4139.2001953125,4139.2001953125,132704,4081.657156808036,4082.3799641927085,4083.170528844482,65.94422345111823,31.660847407407346,35.289513765343365,0.01155949414638835,0.012664940657841062,0.0,32.400390625,1
2025-11-26,4165.2001953125,4171.0,4127.5,4128.60009765625,25088,4095.5000348772323,4081.9899739583334,4094.1078177068844,67.6847039042935,35.5901727869782,35.349645569670336,0.006281406738781081,0.01266448931622853,43.5,-39.19970703125,1
2025-11-28,4218.2998046875,4223.89990234375,4140.0,4163.39990234375,3615,4117.928571428572,4079.9266276041667,4110.6667493043,69.6322954318731,42.49898432753207,36.77951332124269,0.012748393086785548,0.012910648064558192,83.89990234375,31.39990234375,1
2025-12-01,4239.2998046875,4262.10009765625,4214.89990234375,4218.5,913,4141.014264787947,4081.573291015625,4127.817823355393,63.67733392557083,49.10276562765239,39.24416378252463,0.004978309027884764,0.010896679214861364,47.2001953125,151.69970703125,0
2025-12-02,4186.60009765625,4230.5,4167.0,4230.5,366,4159.599993024553,4076.5799641927083,4135.65545992884,57.765706416944084,49.51312744573579,41.29795651516686,-0.012431229084807538,0.011562134373096892,63.5,118.300048828125,1
2025-12-05,4212.89990234375,4255.7001953125,4194.5,4204.10009765625,533,4204.771344866072,4088.7932861328127,4161.127484246177,69.23550894110028,51.61929023987341,46.11447580208323,0.0002611941942316509,0.006643885554001007,61.2001953125,156.39990234375,0
2025-12-08,4187.2001953125,4215.7998046875,4175.5,4205.5,318,4207.914202008928,4091.086629231771,4164.603845721687,67.90131715819646,49.22235524869484,46.73605169140556,-0.006100241550233032,0.006763185373775339,40.2998046875,110.500244140625,1
2025-12-10,4196.39990234375,4234.5,4183.60009765625,4209.0,692,4200.128557477678,4105.586637369792,4173.707787001789,67.53326558446383,46.27442125330617,46.90020241519977,-0.002448544581386547,0.00681343823151902,50.89990234375,57.19970703125,1
2025-12-11,4285.5,4286.89990234375,4214.2998046875,4224.0,528,4214.257114955357,4115.646638997396,4188.613415401551,78.17425321936884,51.237205182839716,47.76760296872776,0.021232508752677903,0.00817025404270303,72.60009765625,120.2998046875,1
2025-12-16,4304.5,4321.39990234375,4270.5,4270.5,1796,4255.300083705357,4146.563313802083,4228.875728242044,73.81158033930731,60.90858251379814,53.22500141395142,-0.0005108772871849077,0.007928735511386991,50.89990234375,117.89990234375,1
2025-12-18,4339.5,4348.10009765625,4328.2001953125,4331.0,705,4297.171456473215,4171.863313802083,4257.3333247684695,68.99689581700628,66.93691451878385,57.8613432138015,-0.001840138010350767,0.0077039916526443,19.89990234375,127.7001953125,1
2025-12-19,4361.39990234375,4361.39990234375,4350.10009765625,4350.10009765625,1065,4320.742885044643,4184.57998046875,4271.208868445174,69.08410986713068,69.3898586004716,60.16704629113552,0.005046641858220902,0.007706009075813028,11.2998046875,148.5,1
2025-12-22,4444.60009765625,4447.60009765625,4371.10009765625,4371.10009765625,449,4343.471470424107,4199.419986979166,4294.327699006651,86.81502745185475,77.15796588483772,63.56523020987596,0.019076488553088078,0.007749809419203389,76.5,257.39990234375,1
2025-12-24,4480.60009765625,4503.39990234375,4468.39990234375,4500.7001953125,500,4394.414271763393,4224.246663411458,4340.943017705273,86.76151821237825,90.73012296733032,72.49370262276761,-0.000490699368048908,0.007934664430310545,35.0,284.2001953125,1
2025-12-26,4529.10009765625,4556.2998046875,4502.0,4512.0,263,4426.5,4235.070003255209,4366.030628365403,88.28089531628329,97.73167550906328,77.54129720002675,0.010824442919012078,0.008006814595100222,54.2998046875,243.60009765625,0
2025-12-29,4325.10009765625,4379.0,4325.10009765625,4371.5,2044,4423.300013950893,4239.676676432292,4360.573224270849,61.6607334702469,85.82996681088662,79.19903112219873,-0.04504206036549452,0.015498456813230775,53.89990234375,25.0,1
2025-12-30,4370.10009765625,4403.60009765625,4338.0,4346.39990234375,1837,4427.671456473215,4249.093343098958,4361.8434740555695,63.245770487338966,79.1168905737295,79.1826030125049,0.010404383478751278,0.015637457365379772,65.60009765625,63.39990234375,0
2026-01-02,4314.39990234375,4350.60009765625,4314.39990234375,4350.60009765625,589,4403.957170758928,4266.106673177083,4351.3295409989605,52.521366028547114,60.11313128598158,73.80443352485364,-0.0025892812695673673,0.015040107810046915,36.2001953125,-33.10009765625,1
2026-01-05,4436.89990234375,4443.5,4384.7998046875,4386.7001953125,618,4397.400041852678,4278.080004882812,4362.738922511599,60.04403852331131,61.91951490698102,71.42744980127912,0.028393288237711367,0.016782070145763682,58.7001953125,97.39990234375,1
2026-01-06,4482.2001953125,4482.2001953125,4449.0,4449.7001953125,459,4397.628627232143,4292.270011393229,4378.667092218386,62.192576932940554,66.2428358165871,70.39052700434073,0.010209897443217208,0.01690846017791051,33.2001953125,120.80029296875,0
2026-01-08,4449.7001953125,4461.2998046875,4418.0,4460.2001953125,2423,4404.028599330357,4316.616682942708,4396.300174960699,57.21955937460333,65.53365943431345,68.75676778661969,8.998958096251286e-05,0.016985488284959174,43.2998046875,-33.099609375,1
2026-01-09,4490.2998046875,4490.2998046875,4473.0,4473.0,237,4421.199986049107,4328.320003255209,4408.833458924272,60.183665932442594,67.46383399632577,68.49818102856091,0.009124122433634918,0.0170575162167859,17.2998046875,9.69970703125,1
2026-01-12,4604.2998046875,4620.0,4577.7998046875,4579.10009765625,156,4461.014229910715,4342.956656901041,4434.8956383593695,64.58857416679913,77.30127749652002,70.25880032215272,0.02538805980861092,0.018117218224920843,42.2001953125,75.19970703125,0
2026-01-13,4589.2001953125,4617.10009765625,4578.60009765625,4578.60009765625,239,4500.271414620535,4355.320003255209,4455.469579286454,59.458406340247244,82.9232227673674,72.79168481119567,-0.0032794583357990126,0.017668958720885294,38.5,264.10009765625,1
2026-01-15,4616.2998046875,4616.2998046875,4612.89990234375,4612.89990234375,4358,4546.485630580357,4382.543326822916,4496.653990941826,58.79909803174112,92.55580166236723,79.39262257164296,-0.0021615546813174014,0.01768245952362013,3.39990234375,290.69970703125,0
2026-01-16,4588.39990234375,4608.0,4588.39990234375,4608.0,352,4566.357073102678,4395.513330078125,4508.886779128749,53.95068652148567,91.79302403734982,81.87270286478434,-0.00604378041378939,0.01763009348146703,19.60009765625,274.0,1
2026-01-20,4759.60009765625,4764.0,4661.7998046875,4662.2001953125,175,4610.628487723215,4413.77333984375,4542.315221599083,80.2702996904446,103.80632752943256,86.259427797714,0.03731152448701147,0.014524445238975866,102.2001953125,322.7001953125,1
2026-01-21,4831.7998046875,4872.2998046875,4771.5,4863.5,1706,4659.414202008928,4434.403336588542,4580.913166010872,80.99072140958536,117.79500259233828,92.56654275663885,0.01516928009704066,0.014666555399999375,100.7998046875,349.599609375,1
2026-01-22,4908.7998046875,4908.7998046875,4791.89990234375,4791.89990234375,1175,4702.914202008928,4458.456656901041,4624.63138450109,87.5096334121593,133.55484769755003,100.76420374482109,0.015936090714126827,0.013913763042556664,116.89990234375,459.5,1
2026-01-23,4976.2001953125,4976.2001953125,4936.0,4949.60009765625,169,4758.199916294643,4484.106656901042,4671.5072259426115,89.69531042699417,149.75698146006744,110.56275928787036,0.013730523408316264,0.013531743676512057,40.2001953125,526.5,1
2026-01-27,5079.89990234375,5079.89990234375,5079.89990234375,5079.89990234375,34,4889.199986049107,4540.029996744792,4773.128548145506,88.83691268992693,182.16775352310924,134.23383487168968,3.9314727950712225e-05,0.0131472246424399,0.0,475.60009765625,1
2026-01-28,5301.60009765625,5301.60009765625,5301.60009765625,5301.60009765625,112054,4991.085728236607,4573.413330078125,4843.591421413605,94.46941985542625,208.0932904975325,149.00572599685825,0.043642630676681726,0.01516149629886189,0.0,712.39990234375,1
2026-01-29,5318.39990234375,5586.2001953125,5097.5,5415.7001953125,23709,5070.914271763393,4607.136653645834,4906.899218870958,94.56247247872565,227.3740427403418,164.67938934555497,0.0031688177867144063,0.014985797032827073,488.7001953125,692.10009765625,0
2026-01-30,4713.89990234375,5440.5,4700.0,5376.39990234375,8374,5054.071428571428,4620.783317057291,4881.16597666733,57.266353353214534,191.66666580533092,170.07684463751016,-0.11366200569716556,0.03705679011940567,740.5,97.60009765625,0
2026-02-02,4622.5,4855.7998046875,4400.0,4807.7001953125,3588,5013.171456473215,4629.949983723958,4846.677179778352,50.600270680624575,154.21540487662787,166.90455668533372,-0.019389444883695095,0.03701522818646012,455.7998046875,34.10009765625,1
2026-02-03,4903.7001953125,4984.60009765625,4674.2998046875,4680.0,1213,5002.814313616072,4648.756656901041,4854.280248516238,58.82386142574539,145.547732779336,162.63319190413418,0.06083292489183334,0.04027379033091225,310.30029296875,144.10009765625,1
2026-02-04,4920.39990234375,5082.2001953125,4897.89990234375,4923.2998046875,3886,4980.05712890625,4667.389990234375,4863.096202359906,58.34705530353571,138.4303283320496,157.79261918971727,0.0034055318159975645,0.040270401258325664,184.30029296875,88.60009765625,0
2026-02-05,4861.39990234375,5012.2998046875,4786.0,5008.7001953125,793,4948.842843191965,4681.283317057291,4862.870029024418,56.76810452623605,126.56990800061976,151.54807695189777,-0.011990895287168901,0.040493657045159545,226.2998046875,-47.39990234375,1
2026-02-06,4951.2001953125,4958.5,4655.0,4762.0,1386,4898.785714285715,4696.896663411459,4874.647384529495,59.687073428620224,122.998719909393,145.83820554339684,0.01847210572523683,0.04053286038033844,303.5,-25.0,1
2026-02-09,5050.89990234375,5065.7001953125,4979.10009765625,5017.39990234375,170,4860.571428571428,4715.906656901042,4898.147720238063,58.08672111112678,126.75233869044587,142.02103217280666,0.020136472592168664,0.03977313238081754,86.60009765625,-28.80029296875,0
2026-02-10,5003.7998046875,5029.0,5002.7001953125,5013.5,281,4901.985700334822,4731.72998046875,4912.234664831321,54.842342342342334,124.491464262107,138.51511859066673,-0.009325090294185823,0.039831067711597036,26.2998046875,-76.10009765625,1
2026-02-11,5071.60009765625,5111.2998046875,5041.2998046875,5049.89990234375,2681,4966.142857142857,4756.613313802083,4933.483389207979,54.607206983625666,126.70998813185997,136.15409249890538,0.013549761304446184,0.039777770895516075,70.0,-230.0,0
2026-02-12,4923.7001953125,5078.10009765625,4892.0,5060.39990234375,484,4969.0,4775.066650390625,4932.178963355249,48.57900704945722,115.2058765820866,131.96444931554163,-0.029162374693560533,0.04054059819788228,186.10009765625,-394.69970703125,1
2026-02-13,5022.0,5043.89990234375,4946.2001953125,4953.0,232,4983.514299665178,4798.27998046875,4944.15510157455,48.433847034686764,112.72137615113024,128.11583468265934,0.019964620262842958,0.04050832844682301,97.69970703125,308.10009765625,0
2026-02-17,4882.89990234375,5020.0,4847.7998046875,5020.0,540,4986.585728236607,4817.22998046875,4935.98774167711,45.02776375567895,98.39395205570872,122.17145815726923,-0.027698147681451624,0.04117784431465036,172.2001953125,260.39990234375,1
2026-02-19,4975.89990234375,5014.7001953125,4975.89990234375,5014.7001953125,37,4980.914271763393,4852.006640625,4947.146335172197,40.77664770907308,89.19326689968784,111.11828402348009,-0.0021257590807680637,0.03962998387804841,38.80029296875,55.5,1
2026-02-20,5059.2998046875,5072.7001953125,5039.5,5039.5,134,4988.842843191965,4872.339973958334,4962.100131107571,62.93051351785118,90.81951020409815,107.05852925960372,0.016760767696405443,0.024183632218586784,33.2001953125,197.89990234375,1
2026-02-23,5204.7001953125,5211.60009765625,5120.2998046875,5120.2998046875,779,5007.857142857143,4897.506640625,4994.446806334894,70.94847257565439,102.65754383770582,106.17833217522414,0.028739231956620648,0.023817128217664216,91.30029296875,253.5,0
2026-02-24,5155.7998046875,5159.0,5112.7001953125,5158.7998046875,88,5041.014229910715,4919.689973958333,5015.960539448575,60.891706523463476,106.86158411232554,106.31498256264443,-0.009395428898871239,0.018895320375515574,46.2998046875,104.89990234375,1
2026-02-25,5206.39990234375,5206.39990234375,5166.0,5166.0,1772,5067.357073102678,4939.759977213542,5041.352454501266,62.00468933177022,112.97402705661625,107.6467914614388,0.00981420915727682,0.01896374953487988,40.39990234375,202.60009765625,0
2026-02-26,5176.5,5199.2001953125,5143.89990234375,5177.2001953125,1520,5109.299944196428,4959.336637369792,5059.37212723443,63.55734473733636,114.09034738661194,108.93550264647342,-0.005742913127032345,0.01862359507558194,55.30029296875,104.89990234375,1
2026-02-27,5230.5,5280.0,5176.7001953125,5186.7001953125,354,5144.157087053572,4979.476643880208,5082.189176936506,62.39898832252985,117.97247474046435,110.74289706527162,0.010431758910460776,0.018285719895815327,103.2998046875,306.7998046875,1
2026-03-02,5294.39990234375,5405.0,5266.2998046875,5346.60009765625,72,5189.657087053572,5002.07998046875,5110.4839403241385,61.164593394843436,124.7670399512117,113.54772564245964,0.012216786606203955,0.017868633611053675,138.7001953125,272.39990234375,0
2026-03-04,5120.2001953125,5180.2001953125,5117.2001953125,5130.7001953125,679,5184.457101004465,5031.399983723958,5111.423063267075,52.067383925281476,104.84533752270363,111.83980259196628,0.002506224931178025,0.020184862180417464,63.0,133.7001953125,0
2026-03-05,5065.2998046875,5169.5,5054.7001953125,5169.5,1701,5171.528529575893,5039.183317057292,5105.273295456465,56.540993649284225,92.29347942112508,107.93053795779805,-0.010722313294558417,0.018614831127750416,114.7998046875,89.39990234375,1
2026-03-06,5146.10009765625,5146.10009765625,5076.10009765625,5121.0,148,5162.914271763393,5047.093326822916,5110.716869083104,55.82683263339904,87.85323243396306,103.91507685303105,0.015951729627923683,0.018349061577766147,70.0,86.80029296875,0
2026-03-09,5091.5,5160.60009765625,5077.7001953125,5155.0,639,5150.771414620535,5050.936653645834,5108.154619872023,60.63849973827896,79.01766666307867,98.93559481504059,-0.010609995262454652,0.016725054983598185,82.89990234375,-113.2001953125,1
2026-03-10,5229.7001953125,5229.7001953125,5137.60009765625,5138.2001953125,4300,5150.657156808035,5055.936653645834,5124.36069659742,61.9802821346172,82.21924562349068,95.59232497673061,0.02714331637287626,0.017283907379437986,92.10009765625,73.900390625,0
2026-03-11,5167.39990234375,5191.2998046875,5167.39990234375,5190.7998046875,633,5132.514299665178,5058.8533203125,5130.099257363598,58.97626391211962,78.82080980723458,92.23802194283141,-0.011912784794927855,0.01772330672208039,23.89990234375,-39.0,0
2026-03-12,5115.7998046875,5137.2001953125,5115.7998046875,5137.2001953125,410,5133.714285714285,5052.659977213541,5128.1926636734515,52.7297261592466,71.14372769021429,88.01916309230799,-0.009985698539191068,0.01754882974709649,21.400390625,-60.7001953125,0
2026-03-13,5052.5,5117.0,5009.5,5089.60009765625,479,5124.042829241072,5043.796647135417,5118.100308516991,42.01301875943583,59.268607963173054,82.26905206648101,-0.012373393624492413,0.015901002026654603,107.5,-178.0,0
2026-03-17,5001.0,5017.60009765625,4994.2001953125,5017.60009765625,239,5093.128557477678,5065.749983723958,5088.146453952762,38.82239777223316,33.197775327860654,66.4313718813551,0.0014016820184221679,0.01565978891385938,23.39990234375,-106.39990234375,0
2026-03-18,4889.89990234375,4949.60009765625,4821.7001953125,4949.60009765625,1461,5064.328543526785,5065.289973958334,5061.713580404894,35.67001610837484,15.005657095603055,56.1462289242047,-0.02221557641596683,0.016497841071704766,127.89990234375,-230.30029296875,0
2026-03-19,4600.7001953125,4830.2998046875,4554.0,4830.2998046875,627,4974.471400669643,5054.633317057292,5000.245129059242,24.50618494267286,-22.488493728124922,40.41928439373878,-0.059142255016843004,0.021544651906928964,276.2998046875,-464.599609375,0
2026-03-20,4570.39990234375,4686.89990234375,4570.39990234375,4686.89990234375,235,4889.185686383928,5044.933317057292,4942.932432163843,19.87354117226357,-54.02509117752106,21.53040927948681,-0.006586017710874081,0.020696169619577806,116.5,-575.7001953125,0
2026-03-24,4399.2998046875,4399.2998046875,4325.2001953125,4338.7001953125,378,4694.199986049107,5004.976643880208,4808.183012068343,19.268499006287,-119.99471818209531,-24.8408676660642,-0.0010899600059736114,0.02064826555867973,74.099609375,-830.400390625,1
2026-03-25,4549.7998046875,4551.89990234375,4541.7998046875,4549.0,388,4630.742815290178,4989.843310546875,4773.731917750897,29.68074090896843,-129.03762842129618,-45.6802198171106,0.03420998947142473,0.02386562724938547,10.10009765625,-617.60009765625,0
2026-03-26,4375.5,4443.10009765625,4375.5,4441.5,1070,4541.385672433035,4966.639973958333,4720.634328717444,21.710726086864554,-148.55627324564193,-66.25543050281686,-0.03830933495313904,0.024190700914471605,67.60009765625,-740.2998046875,1
2026-03-27,4492.0,4492.0,4492.0,4492.0,74348,4484.542829241072,4952.249967447917,4690.149751555118,28.948667900257462,-152.8622625154776,-83.57679690534901,0.026625528511027285,0.026227164989476557,0.0,-560.5,1
2026-03-30,4526.0,4579.10009765625,4413.39990234375,4482.7998046875,10816,4473.871372767857,4935.716634114583,4668.263118014436,23.338634115081476,-151.78163003440295,-97.2177635311598,0.0075690115761353205,0.024650292638409944,165.7001953125,-468.0,1
2026-03-31,4647.60009765625,4684.10009765625,4508.60009765625,4510.0,4264,4484.899972098215,4927.873307291667,4665.5080486333445,31.153016508792604,-139.50498277853876,-105.6752073806356,0.026867012297006276,0.02652447876215103,175.5,-353.39990234375,1
2026-04-01,4783.2001953125,4789.10009765625,4668.0,4668.39990234375,1637,4539.05712890625,4921.096647135417,4681.2003348572325,38.632959351503764,-117.47962477041438,-108.03609085859136,0.029176369482527553,0.028220477880658228,121.10009765625,-106.69970703125,0
2026-04-07,4657.10009765625,4676.2998046875,4608.0,4624.89990234375,327,4630.600027901785,4878.613313802083,4672.192919542157,38.31465211590131,-93.93081747570432,-104.32397765948909,6.44848353685834e-05,0.028808417422752874,68.2998046875,253.0,1
2026-04-08,4749.5,4851.0,4738.7998046875,4760.0,405,4667.3857421875,4865.069986979167,4682.50053026987,45.16795587723735,-79.65048647632102,-99.38927942285548,0.019840651995058467,0.029031815789941906,112.2001953125,350.2001953125,1
2026-04-09,4792.2001953125,4799.10009765625,4711.0,4711.0,1277,4705.414341517857,4851.263330078125,4697.127152275554,57.93748967821951,-64.14821171995209,-92.3410658822748,0.008990461166964892,0.023919283884689963,88.10009765625,242.400390625,0
2026-04-10,4761.89990234375,4791.0,4744.89990234375,4745.89990234375,812,4721.742885044643,4837.443326822917,4705.763518951314,57.93748967821951,-53.688638495575105,-84.61058040493488,-0.0063228353853806984,0.023911116682905915,46.10009765625,386.39990234375,0
2026-04-13,4742.39990234375,4742.39990234375,4704.0,4704.0,32,4715.914271763393,4821.173323567708,4710.648370070306,65.96505393440492,-46.437535388207834,-76.97597140158948,-0.0040950041789837854,0.021202532926739032,38.39990234375,250.39990234375,1
2026-04-14,4825.0,4841.60009765625,4770.10009765625,4770.10009765625,288,4740.699986049107,4805.52666015625,4725.895254060932,68.71537425854116,-33.638087438195726,-68.30839460891073,0.017417362381318302,0.021335953448163313,71.5,299.0,0
2026-04-15,4800.0,4843.60009765625,4798.0,4843.60009765625,182,4761.157156808035,4795.279996744792,4735.775886852807,62.36410368271299,-25.22099189401979,-59.690914065932546,-0.005181347150259086,0.02000342317841738,45.60009765625,152.39990234375,0
2026-04-16,4785.39990234375,4810.89990234375,4785.39990234375,4810.89990234375,805,4779.485700334822,4784.119986979166,4742.392422251599,74.05230522209864,-19.50366281182687,-51.653463815111415,-0.0030416870117186967,0.01610349643335056,25.5,2.19970703125,1
2026-04-17,4857.60009765625,4879.7001953125,4767.2001953125,4771.60009765625,1902,4794.928571428572,4777.196663411459,4757.753445638886,72.62933418440899,-9.042450226071196,-43.13126109730338,0.015087599111024863,0.015269992012093943,112.5,206.10009765625,0
2026-04-20,4806.60009765625,4811.0,4770.0,4793.89990234375,724,4796.985700334822,4765.879996744791,4764.266332574534,67.01016402506997,-4.81167170189201,-35.46734321822111,-0.010499011646637357,0.015853413782018322,41.0,149.80029296875,0
2026-04-21,4698.39990234375,4705.0,4676.39990234375,4698.39990234375,1197,4787.914271763393,4752.77666015625,4755.484141877097,53.13037460508501,-10.07347992922314,-30.388570560421517,-0.022510754611198003,0.015968118107846707,28.60009765625,41.2998046875,1
2026-04-22,4732.5,4754.2001953125,4732.5,4754.2001953125,765,4786.5,4736.2033203125,4752.4195896268175,46.42906763841258,-11.360946050089296,-26.583045658355076,0.007257810821773569,0.013925873549617942,21.7001953125,-17.0,0
2026-04-23,4705.10009765625,4732.39990234375,4705.10009765625,4711.5,292,4769.371442522322,4720.793326822916,4746.110324030742,54.42536348910843,-14.425922302690196,-24.1516209872221,-0.0057897310816165115,0.011740398779871387,27.2998046875,-87.10009765625,1
2026-04-24,4722.2998046875,4722.2998046875,4657.5,4695.0,45,4758.271414620535,4707.67666015625,4742.935588118309,55.30363533711517,-15.290802597219226,-22.379457309221525,0.0036555454027040746,0.011763866598928713,64.7998046875,-39.60009765625,0
2026-04-27,4675.39990234375,4711.10009765625,4675.39990234375,4707.60009765625,538,4742.55712890625,4695.106656901042,4733.930830015035,51.37778862682875,-19.535463954003717,-21.810658638177962,-0.009931580857529543,0.012126847866213271,35.7001953125,-67.0,0
2026-04-28,4591.5,4680.89990234375,4591.5,4680.89990234375,2660,4704.542829241072,4681.689990234375,4714.940052679697,37.949980263206896,-29.33129666888908,-23.314786244320185,-0.01794496815164226,0.011650361905083884,89.39990234375,-233.5,0
2026-04-29,4545.2001953125,4601.60009765625,4515.7001953125,4598.60009765625,507,4667.199986049107,4666.496663411458,4692.308071697405,31.265175453800694,-40.36526630184562,-26.724882255825275,-0.010083808055646348,0.01133306249006696,85.89990234375,-254.7998046875,1
2026-04-30,4614.7001953125,4636.7001953125,4561.89990234375,4561.89990234375,77,4655.242885044643,4657.32333984375,4681.960354846085,39.461646075746536,-43.00595172593694,-29.98109614984761,0.01529085563088639,0.012374497818351649,74.80029296875,-170.69970703125,1
2026-05-01,4629.89990234375,4636.7001953125,4581.7001953125,4636.7001953125,113,4640.585728236607,4658.296663411458,4675.018961179107,41.89597584550579,-43.372256249715065,-32.6593281698211,0.003293758291533111,0.012443416856672012,55.0,-227.7001953125,0
2026-05-04,4519.5,4581.2001953125,4512.7001953125,4581.2001953125,20,4614.071428571428,4656.6,4654.28309968856,28.84054246000879,-51.97180606357506,-36.52182374857189,-0.02384498686199743,0.012468575516028414,68.5,-287.10009765625,1
2026-05-05,4555.7998046875,4580.5,4547.60009765625,4547.60009765625,426,4590.285714285715,4661.656656901042,4641.151993688419,33.34694111316523,-55.22136288211459,-40.261731575280436,0.008031818716119021,0.012912446422318268,32.89990234375,-142.60009765625,1
2026-05-06,4681.89990234375,4712.60009765625,4663.60009765625,4663.60009765625,212,4591.214285714285,4671.07666015625,4646.585048175796,43.87355891288966,-47.078741626260125,-41.62513358547638,0.027679025212324904,0.015394608839336885,49.0,-50.60009765625,1
2026-05-07,4699.7998046875,4736.2001953125,4699.7998046875,4704.7998046875,254,4606.685686383928,4676.07666015625,4653.680349044023,40.01768045087003,-38.73477274452216,-41.04706141728553,0.0038232133785665035,0.014744384788688196,36.400390625,-5.30029296875,1
2026-05-11,4718.7001953125,4729.5,4718.7001953125,4729.5,36,4646.571358816965,4695.129996744791,4670.059476927789,51.55320110732124,-23.150011315465235,-35.71816007294595,-0.0003600769143322635,0.013294335771907941,10.7998046875,43.30029296875,0
2026-05-12,4677.60009765625,4765.2001953125,4677.60009765625,4762.2001953125,93,4653.385672433035,4700.183333333333,4671.064893024917,45.84405570780239,-20.709703976990568,-32.716468853754876,-0.008710046401565918,0.013344672137598611,87.60009765625,86.10009765625,1
2026-05-13,4697.7001953125,4722.7001953125,4679.5,4722.7001953125,228,4678.842843191965,4701.853336588541,4674.616266663262,49.43356424327098,-16.958347656866863,-29.564844614377275,0.004297096211008045,0.013323956611614313,43.2001953125,152.5,0
2026-05-14,4678.10009765625,4678.10009765625,4650.2998046875,4678.10009765625,5,4696.314313616072,4698.35,4675.080777462327,46.62905992327211,-15.389533855481204,-26.729782462598063,-0.004172275122156011,0.01332163943259934,27.80029296875,63.39990234375,0
